{"type": "FeatureCollection", "name": "ward_16_road_network", "features": [{"type": "Feature", "id": "w16-road-1", "properties": {"wardId": "ward-16", "segmentId": "w16-road-1", "lengthMeters": 4090.8}, "geometry": {"type": "LineString", "coordinates": [[80.00105420302731, 14.441619340026024], [80.00069603343195, 14.441872010464273], [80.00069524878826, 14.441871140158568], [80.00046030615235, 14.44160915705987], [80.0008391238499, 14.441349621474535], [80.0010978400468, 14.441172367887733], [80.00105545868573, 14.441113619720012], [80.00041826639688, 14.44155017427746], [80.00009660569552, 14.441098208706842], [79.99983103789485, 14.44069198585792], [79.9997553476794, 14.44056745435352], [79.99969932162828, 14.440475276155158], [79.99965131273649, 14.440488741596715], [79.9996292640515, 14.440500925867843], [79.99976824436719, 14.44072958806904], [79.9998657770156, 14.440878777856907], [79.9996591389872, 14.441007071919522], [79.99941756007337, 14.440649181246274], [79.99938107561398, 14.440675314203116], [79.99935319870411, 14.440684504823942], [79.99959673311922, 14.441045294992753], [79.99940170150771, 14.441164750400091], [79.9993696533335, 14.44111466317242], [79.99916466832747, 14.440809176863459], [79.9991025877749, 14.440847877617443], [79.99930754231772, 14.441153317740877], [79.99983993905016, 14.441985382890147], [80.00041341879174, 14.441666004386123], [80.00051525990436, 14.441779567524502], [80.00062898123947, 14.441906376435144], [80.00052995641262, 14.441980032226134], [80.0004261352479, 14.442057255786711], [80.0003391247082, 14.442121976228593], [80.00032711494038, 14.44213090879053], [80.00007375476498, 14.44230267940528], [79.9999795136615, 14.442366571660218], [79.99992239764946, 14.442405293670143], [79.99964021118133, 14.442607736852374], [79.99954747294476, 14.442674267874441], [79.99935402606116, 14.442813047493676], [79.99927264065597, 14.44268784345074], [79.99922684879807, 14.442617395715217], [79.9991801296159, 14.442532972023661], [79.99912731567598, 14.442437532877431], [79.99907330178144, 14.442339924342809], [79.99902021645462, 14.442243994935954], [79.99891335667454, 14.442050889200074], [79.99909280882041, 14.441961335389445], [79.99927960775014, 14.441868115079837], [79.99928136033886, 14.441867240172567], [79.99945988058978, 14.441776075619368], [79.99942412903503, 14.44170958957573], [79.99931193071795, 14.441766886278725], [79.99892993627256, 14.441077916388423], [79.99886933289089, 14.440968612236185], [79.99879894677525, 14.441002537724247], [79.99880509039056, 14.441013618476415], [79.99886046670034, 14.44111349566697], [79.99896427428205, 14.441300724816363], [79.9990208268115, 14.441402724243208], [79.99907332749635, 14.441497415332888], [79.99924239839763, 14.441802353290731], [79.99915093751076, 14.441847996218788], [79.99910013105831, 14.441873350493516], [79.99887650443404, 14.441984948970571], [79.99865283679812, 14.441588848236131], [79.99859880541956, 14.441493162439397], [79.99842072077902, 14.441177785651425], [79.99835352121464, 14.44120878458395], [79.99835097871367, 14.441209969831482], [79.99842171308592, 14.441335234662912], [79.99880791726571, 14.442019176798278], [79.99854627445586, 14.442149746666823], [79.99842898928419, 14.442208276122242], [79.9983759305834, 14.442105843908362], [79.99824182026633, 14.441846939655772], [79.99805903339588, 14.441526403140674], [79.99797781346032, 14.441383974652377], [79.99796028533564, 14.441392807693697], [79.99791012209167, 14.44142202381096], [79.99796158647976, 14.441512272760368], [79.998173089601, 14.441883165528356], [79.99817817021017, 14.441892974307358], [79.99820420788407, 14.441943242262242], [79.99823055184724, 14.441994100049419], [79.99825569648905, 14.442042641999498], [79.99830646038042, 14.442140643707], [79.99835946479259, 14.44224297083495], [79.99826623795155, 14.442289494567714], [79.99799956733001, 14.442422572841044], [79.99784256200029, 14.44212784683776], [79.99767843933817, 14.441848786502327], [79.99764714482207, 14.441795576079663], [79.9976166043515, 14.44174364717878], [79.99755059786389, 14.441631415954323], [79.99752005880147, 14.441649202431032], [79.997510224852, 14.441633167159925], [79.99750996422252, 14.44163274205469], [79.99748144228047, 14.44158623333291], [79.99733529115167, 14.44167135398963], [79.99724609379314, 14.441720248593626], [79.99724580741734, 14.441720393830565], [79.99724551093041, 14.441720518231456], [79.9972452061836, 14.44172062270826], [79.99724489410865, 14.441720706360861], [79.99724457749255, 14.441720768297076], [79.99724425725897, 14.44172080942488], [79.99724393527129, 14.441720827944113], [79.99724361245313, 14.44172082476276], [79.99724328973217, 14.441720799884763], [79.99724297082308, 14.441720752421851], [79.99724265571778, 14.441720684182114], [79.99724234534392, 14.441720595169498], [79.99724204341621, 14.441720484495724], [79.99724174899887, 14.441720353964925], [79.99724146580257, 14.441720203592899], [79.99724119289559, 14.441720034279706], [79.99724093305684, 14.441719846941242], [79.99724068720998, 14.441719642485422], [79.9972404572022, 14.44171942272825], [79.99724024303755, 14.441719186765672], [79.99724004563157, 14.441718937313714], [79.99723986776722, 14.441718674384244], [79.99723970850468, 14.441718400685348], [79.9972395687676, 14.441718117125047], [79.99700110584979, 14.441185609532557], [79.99688999790621, 14.44094587420776], [79.99686011784225, 14.440881401706623], [79.99679160867312, 14.440629112344368], [79.9967203499416, 14.440366695913164], [79.99672028077259, 14.440366398188228], [79.99672023110055, 14.440366096930093], [79.99672020370441, 14.440365793054616], [79.99672019672074, 14.440365488361971], [79.99672021014958, 14.440365182852172], [79.99672024582998, 14.440364880149179], [79.99672030191071, 14.440364579341118], [79.99672037837962, 14.440364283140037], [79.99672047615626, 14.440363993357947], [79.99672059245763, 14.440363709983005], [79.99672072912695, 14.440363435735186], [79.99672088430887, 14.440363170606597], [79.99672105706763, 14.440362916401355], [79.99672124740324, 14.44036267311944], [79.99672145437184, 14.440362444373022], [79.99672167612216, 14.440362229250173], [79.99672191265016, 14.440362028654937], [79.99672216302007, 14.440361844391386], [79.9967224244449, 14.44036167735174], [79.99672269785226, 14.440361527539928], [79.99672298045111, 14.44036139675215], [79.99672327131785, 14.440361284080467], [79.99672356952074, 14.44036119042491], [79.99683512859188, 14.440330379819223], [79.99695276295328, 14.440298744302613], [79.99718573190626, 14.440236089806874], [79.9971860383565, 14.44023601878692], [79.99718634842829, 14.440235967671327], [79.99718666119396, 14.44023593645619], [79.99718697571775, 14.440235926945595], [79.99718729014842, 14.44023593822762], [79.9971876026347, 14.440235969390354], [79.99718791224082, 14.440236022237894], [79.99718821804724, 14.44023609495825], [79.99718851819864, 14.440236187543544], [79.99718881083972, 14.440236299985846], [79.99718909411921, 14.440236431373263], [79.9971893689688, 14.440236580805708], [79.99718963260557, 14.440236748271346], [79.99718988317821, 14.44023693285825], [79.9971901206908, 14.440237133662395], [79.9971903442197, 14.440237349775824], [79.99719055191773, 14.440237579382563], [79.99719074285318, 14.440237823382722], [79.99719091704223, 14.44023807816016], [79.99719107262554, 14.440238344611037], [79.99719120868355, 14.440238620923353], [79.99719132615199, 14.440238905292988], [79.99719142317961, 14.440239196808019], [79.99722940512063, 14.440367768840533], [79.99727678572374, 14.440528158910581], [79.99735784943104, 14.440505416218057], [79.99734971916929, 14.440477894167815], [79.99727263300518, 14.440216947464261], [79.99727255641825, 14.440216648803828], [79.99727250026, 14.44021634571009], [79.99727246545402, 14.44021603909098], [79.99727245199219, 14.440215730754577], [79.99727246079411, 14.44021542251287], [79.99727249092399, 14.440215116169966], [79.99727254238186, 14.440214811725866], [79.99727261422791, 14.44021451188872], [79.99727270831742, 14.440214216666403], [79.99727282185128, 14.440213929663187], [79.9972729548335, 14.44021364997506], [79.99727310817961, 14.440213380318012], [79.99727327910662, 14.440213120680262], [79.99727346853007, 14.440212873777794], [79.99727367459464, 14.440212639602734], [79.99727389636455, 14.440212419959188], [79.99727413291215, 14.440212214843205], [79.99727438329768, 14.44021202696293], [79.9972746465975, 14.440211855410388], [79.9972749209482, 14.44021170198573], [79.99727520541808, 14.440211567589056], [79.99727549908354, 14.440211451312376], [79.99727579914946, 14.440211355855935], [79.99748727639145, 14.440151635472782], [79.99797576533204, 14.440013687532435], [79.99833916324258, 14.439917717974865], [79.9982528000128, 14.43960188371344], [79.99820785484681, 14.439460375175196], [79.99811320231633, 14.439162364148432], [79.99807291446571, 14.439035516385577], [79.99803849587705, 14.438927148729507], [79.99798621443237, 14.438762541374764], [79.99794260673467, 14.438613274544862], [79.99811628496398, 14.438607154564858], [79.99823353175445, 14.43860302315827], [79.99836461687649, 14.43859840353725], [79.99859138948901, 14.438589932238322], [79.99890060076373, 14.438557872573758], [79.99908788136045, 14.438529335976078], [79.9991085483941, 14.43852528589942], [79.99931597355328, 14.438484636354675], [79.99934847102497, 14.43858605716184], [79.99938550648153, 14.43870163648966], [79.99941632332758, 14.438797811215599], [79.99948707802633, 14.439046607256094], [79.9992178225352, 14.439124977913156], [79.99909918535324, 14.43915950963472], [79.99909765751111, 14.439159503148352], [79.99907302138857, 14.439083139652922], [79.99907275879387, 14.439082323993574], [79.99906524946238, 14.439059049116901], [79.99899874025337, 14.439073989047271], [79.99898677425946, 14.43907606274678], [79.99906104348575, 14.439315934612418], [79.99906450656516, 14.439327120598508], [79.99925921182648, 14.439963802657589], [79.9993042632722, 14.44011283494851], [79.99938665230827, 14.440090507597954], [79.99912412935139, 14.439240466983325], [79.9993423198036, 14.439178034089077], [79.99951866607894, 14.439127574686319], [79.99964660756665, 14.439524122778382], [79.99970302831895, 14.439698998368662], [79.9998623678974, 14.440273634528587], [79.99991246649469, 14.440260440982504], [79.99988004616087, 14.440143519807753], [79.99975285200313, 14.439684811040793], [79.99969239696836, 14.439497433480298], [79.99966585465083, 14.439415165764652], [79.99962009644939, 14.439273341192747], [79.99955525328677, 14.439072362611356], [79.99936953937491, 14.43848078645695], [79.99941231813993, 14.438472403087944], [79.99942589323153, 14.438470204202767], [79.9994395886246, 14.438468901735995], [79.99945334399786, 14.438468500855908], [79.99946709532756, 14.438469004906986], [79.99948078047353, 14.438470410913395], [79.99949433730771, 14.438472713187249], [79.99950770465789, 14.438475899716408], [79.99952082043237, 14.438479956676735], [79.99953362626616, 14.438484866643789], [79.99954606289484, 14.438490605860952], [79.99955807570032, 14.438497148783267], [79.9995696072977, 14.43850446623785], [79.9995806077475, 14.43851252365917], [79.99959102525892, 14.438521285569792], [79.99960081362724, 14.438530711995721], [79.99960992759152, 14.438540759350865], [79.99961832653712, 14.438551382260687], [79.99962597171275, 14.438562533550506], [79.99966026808211, 14.43861640375851], [80.00006148827833, 14.439239267980629], [80.00045035345292, 14.43984626296718], [80.00076497314254, 14.440337930076844], [80.00108768481618, 14.440840531193349], [80.00141428602042, 14.441348696537279], [80.00142159414675, 14.441360163669474], [80.00129647023098, 14.441448433439696], [80.00105420302731, 14.441619340026024]]}}, {"type": "Feature", "id": "w16-road-2", "properties": {"wardId": "ward-16", "segmentId": "w16-road-2", "lengthMeters": 278.8}, "geometry": {"type": "LineString", "coordinates": [[79.99793086375668, 14.442457464373856], [79.99772757002562, 14.442559503780227], [79.99767958667987, 14.442623287096357], [79.99764535919985, 14.442685781872711], [79.99747863643012, 14.442326906736625], [79.99743127013025, 14.442224950568171], [79.99738440188273, 14.442124064186752], [79.99738353818367, 14.442122206318105], [79.9973158309454, 14.441989131384554], [79.99726564644506, 14.441890499124284], [79.99723061765506, 14.441821651785341], [79.99722888240325, 14.441818240676678], [79.99729114915726, 14.441782211794118], [79.99737305845687, 14.441734817625985], [79.99748408512933, 14.441670154354789], [79.99777454478078, 14.442164026799032], [79.99793086375668, 14.442457464373856]]}}, {"type": "Feature", "id": "w16-road-3", "properties": {"wardId": "ward-16", "segmentId": "w16-road-3", "lengthMeters": 408.0}, "geometry": {"type": "LineString", "coordinates": [[79.99705816590004, 14.44182326499681], [79.99692323650615, 14.44189722930373], [79.99692295849916, 14.441897370055651], [79.99692267130058, 14.441897491783505], [79.99692237583814, 14.441897594491286], [79.99692207489883, 14.44189767728677], [79.99692176755096, 14.441897741070065], [79.99692145751327, 14.441897784048884], [79.99692114571343, 14.44189780622719], [79.99692083215142, 14.441897807605], [79.99692051960618, 14.441897789098142], [79.99692020900945, 14.441897749806564], [79.99691990128888, 14.441897689734207], [79.99691959922339, 14.441897609796941], [79.996919302813, 14.44189750999477], [79.99691901390896, 14.441897391239609], [79.99691873436663, 14.441897253539375], [79.99691846510554, 14.441897098706027], [79.99691820706147, 14.441896924935506], [79.99691796114587, 14.44189673584783], [79.99691772921813, 14.441896530546877], [79.99691751220183, 14.441896309940642], [79.99691731101251, 14.44189607674514], [79.9969171256542, 14.44189583005633], [79.99691695890182, 14.441895571694127], [79.99691680981957, 14.441895303462633], [79.99691667933513, 14.441895025365794], [79.99683849345983, 14.441711833426218], [79.99682986755295, 14.441691622970257], [79.99679119697366, 14.441604740667328], [79.99661021939994, 14.441198133196144], [79.99643272144921, 14.440797063231336], [79.99630565379911, 14.440481769328938], [79.99630554566096, 14.440481473246084], [79.99630545981898, 14.44048117002581], [79.99630539626102, 14.440480862380172], [79.99630535405537, 14.44048055120929], [79.99630533412562, 14.440480237421102], [79.99630533646368, 14.440479922823702], [79.99630536198502, 14.440479610133076], [79.99630540883842, 14.440479298437326], [79.99630547793126, 14.440478992260527], [79.99630556926756, 14.440478690698644], [79.99630568191161, 14.440478395555822], [79.99630581492355, 14.440478109540134], [79.99630596829934, 14.440477833555642], [79.99630614018369, 14.44047756759443], [79.99630633149208, 14.440477314372536], [79.99630654036513, 14.440477074786102], [79.99630676587115, 14.440476849735179], [79.99630700614672, 14.440476641019945], [79.99630726119183, 14.440476448640377], [79.99630752914715, 14.440476273492632], [79.9963078090728, 14.44047611828481], [79.9963081000493, 14.440475981204923], [79.99630839928551, 14.440475864049176], [79.99630870584572, 14.440475768621667], [79.99638026801081, 14.440456004419474], [79.99648050202072, 14.440428321680285], [79.99666711193123, 14.44037678357472], [79.99666742303627, 14.44037670895909], [79.99666773868643, 14.440376655155815], [79.9966680570223, 14.440376623061047], [79.99666837712032, 14.440376611766796], [79.99666869711704, 14.440376623073213], [79.99666901609292, 14.440376655168304], [79.99666933126096, 14.440376708944246], [79.99666964262519, 14.44037678349703], [79.99666994740265, 14.440376878814787], [79.99667024466567, 14.440376994893581], [79.99667053349471, 14.440377129921403], [79.99667081110275, 14.440377284790458], [79.99667107842556, 14.44037745769661], [79.99667133175654, 14.440377647720048], [79.99667157109572, 14.440377854860792], [79.99667179552353, 14.440378077306809], [79.99667200411636, 14.44037831415015], [79.9966721950189, 14.440378565382899], [79.99667236731567, 14.440378828289049], [79.99667252101071, 14.440379101964545], [79.99667265518039, 14.440379385501439], [79.99667276890519, 14.44037967708771], [79.99667286126149, 14.440379975815384], [79.9967080607415, 14.440509601035643], [79.99678044657152, 14.440776168212938], [79.99681330985692, 14.440897191441866], [79.99682239852051, 14.440916809005993], [79.99687553944176, 14.441031521502998], [79.99690982866933, 14.441105541391575], [79.99695567999318, 14.441204516893631], [79.99719667511853, 14.441742674726777], [79.99719678982086, 14.441742955468479], [79.99719688501395, 14.441743242455495], [79.99719695977012, 14.441743535683864], [79.99719701502922, 14.441743832445475], [79.99719704893587, 14.441744132732417], [79.99719706242588, 14.441744434740608], [79.99719705550733, 14.441744736661965], [79.99719702725662, 14.441745037588532], [79.99719697953715, 14.44174533572014], [79.99719691049765, 14.441745630144878], [79.99719682200157, 14.441745919062566], [79.99719671404888, 14.441746202473205], [79.99719658665174, 14.441746477664742], [79.99719644074187, 14.441746743737077], [79.9971962763233, 14.441746999786185], [79.99719609525543, 14.441747244915936], [79.99719589846993, 14.441747478226224], [79.99719568505132, 14.441747697001073], [79.99719545777855, 14.441747902156296], [79.99719521665968, 14.441748091883882], [79.99719496355411, 14.441748265287654], [79.99719469846181, 14.441748422367642], [79.99716308343544, 14.441765753099768], [79.99705816590004, 14.44182326499681]]}}, {"type": "Feature", "id": "w16-road-4", "properties": {"wardId": "ward-16", "segmentId": "w16-road-4", "lengthMeters": 409.9}, "geometry": {"type": "LineString", "coordinates": [[79.99627319730378, 14.440405822515316], [79.99627287906513, 14.4404058329129], [79.99627255999201, 14.440405822513934], [79.99627224193978, 14.44040579132629], [79.9962719276995, 14.440405737553748], [79.99627161818665, 14.440405663912388], [79.9962713134053, 14.440405569498155], [79.99627101706203, 14.440405455230865], [79.99627072916088, 14.440405320206516], [79.99627045154502, 14.44040516714506], [79.99627018514207, 14.440404996050473], [79.99626993180738, 14.440404806930642], [79.99626969246047, 14.440404601597589], [79.99626946802901, 14.440404380055218], [79.9962692594285, 14.440404145019617], [79.9962690685183, 14.440403895594619], [79.99626889528625, 14.4404036344923], [79.99626874065596, 14.440403362620676], [79.99626860555102, 14.440403080887704], [79.99615737579583, 14.440147938937745], [79.99604075212501, 14.439869983021795], [79.99595909147365, 14.439705850475596], [79.99588366158774, 14.43950501132297], [79.99588094900636, 14.439497788209527], [79.99572595301944, 14.439107927067548], [79.99572584949249, 14.439107637332418], [79.99572576639818, 14.439107342260089], [79.99572570374053, 14.439107040946471], [79.99572566243104, 14.439106737011693], [79.99572564153796, 14.439106431355777], [79.99572564291658, 14.439106123986644], [79.99572566562308, 14.439105818516452], [79.9957257096574, 14.439105514945195], [79.99572577408787, 14.439105214172963], [79.99572585983, 14.439104918915772], [79.99572596595202, 14.439104630073702], [79.99572609151822, 14.439104349450869], [79.99572623652857, 14.439104077047238], [79.99572640004733, 14.439103814666959], [79.99572658113874, 14.43910356411408], [79.99572677979874, 14.439103326292667], [79.99572699416797, 14.439103102098832], [79.99572722424239, 14.43910289243661], [79.99572746816263, 14.439102698202126], [79.99572772499697, 14.439102520295418], [79.99572799380968, 14.439102360520637], [79.99572827274545, 14.439102218869861], [79.99572856087663, 14.439102095339129], [79.99572885726745, 14.439101991732556], [79.99584028038713, 14.439067039559678], [79.99594692761127, 14.43903358669074], [79.99623167297254, 14.43894780933624], [79.99623198503575, 14.438947727492774], [79.996232301644, 14.438947666461702], [79.99623262186557, 14.43894762714307], [79.99623294384519, 14.43894760952898], [79.99623326665517, 14.438947613615488], [79.99623358844026, 14.438947639394705], [79.99623390734106, 14.438947687762749], [79.99623422243808, 14.43894775690759], [79.99623453187192, 14.4389478477254], [79.9962348337954, 14.438947958400204], [79.99623512727682, 14.438948089832095], [79.99623541046493, 14.438948241109129], [79.9962356815085, 14.438948411319382], [79.99623594041559, 14.438948598654806], [79.99623618532691, 14.43894880401152], [79.99623641532285, 14.438949025577529], [79.99623662855628, 14.438949261536884], [79.99623682503122, 14.438949510985555], [79.99623700196472, 14.438949773911697], [79.99623716122017, 14.438950048515135], [79.99623729909916, 14.43895033206802], [79.99623741745292, 14.438950625482246], [79.99623751351471, 14.438950925129895], [79.99635744714142, 14.43937432774298], [79.99639007735372, 14.439489520749051], [79.99644408486321, 14.439668452180053], [79.99648925950758, 14.439818123675975], [79.9965277393689, 14.439945610351689], [79.99663205678839, 14.440302105870034], [79.99663213337041, 14.440302405434624], [79.99663218859205, 14.44030271033258], [79.9966322224695, 14.440303016947775], [79.99663223407107, 14.440303326180281], [79.99663222526421, 14.440303635325938], [79.99663219420174, 14.440303942568773], [79.99663214181531, 14.44030424700873], [79.99663206718137, 14.440304547737814], [79.99663197309502, 14.440304842055781], [79.99663185770095, 14.440305129954753], [79.99663172286257, 14.440305409634588], [79.996631568588, 14.440305679287185], [79.99663139580487, 14.440305938916529], [79.99663120452537, 14.440306185810527], [79.9966309975365, 14.440306419077002], [79.99663077391057, 14.440306638711997], [79.99663053551508, 14.440306842011339], [79.99663028327366, 14.440307029882995], [79.99663001905373, 14.440307199622776], [79.99662974285125, 14.440307352134715], [79.9966294574573, 14.440307485622611], [79.99662916287188, 14.440307600086458], [79.99662886095435, 14.440307694630105], [79.99627413961218, 14.440405661991415], [79.99627382943466, 14.440405736610453], [79.99627351471612, 14.440405789513113], [79.99627319730378, 14.440405822515316]]}}, {"type": "Feature", "id": "w16-road-5", "properties": {"wardId": "ward-16", "segmentId": "w16-road-5", "lengthMeters": 411.8}, "geometry": {"type": "LineString", "coordinates": [[79.99646538660411, 14.439468598097806], [79.99631425085992, 14.438935045026787], [79.99631417616236, 14.438934739141816], [79.99631412282098, 14.438934428827547], [79.99631409175942, 14.438934114991937], [79.99631408388909, 14.438933801255063], [79.9963140982864, 14.438933486708939], [79.99631413493924, 14.438933174065667], [79.99631419384349, 14.43893286422925], [79.99631427405939, 14.438932559907816], [79.99631437651455, 14.438932261105336], [79.9963145002692, 14.438931970529909], [79.99631464346396, 14.43893168907771], [79.99631480702244, 14.438931417656674], [79.9963149900089, 14.438931158070929], [79.99631519055991, 14.43893091212063], [79.99631540774783, 14.43893067980182], [79.99631564156861, 14.438930462018526], [79.99631589108243, 14.438930261478866], [79.99631615350637, 14.438930078171031], [79.99631642790465, 14.43892991389908], [79.99631671428133, 14.438929767759019], [79.99631700984536, 14.438929641547045], [79.9963173136691, 14.43892953525921], [79.99631762481675, 14.438929450699623], [79.99633524233569, 14.438925270363455], [79.99657841265525, 14.438864226522035], [79.99663669726944, 14.438850310914324], [79.99676277596693, 14.438820208478253], [79.9967630907358, 14.43882014382244], [79.996763409114, 14.438820101783085], [79.99676373018198, 14.438820080548208], [79.9967640511487, 14.438820081914], [79.99676437202227, 14.438820104072416], [79.99676469094332, 14.438820147919591], [79.9967650051289, 14.438820213443691], [79.9967653145831, 14.438820299740662], [79.99676561651887, 14.438820407702714], [79.99676591002073, 14.438820534613825], [79.99676619415699, 14.438820681374038], [79.9967664670764, 14.438820847071453], [79.9967667278513, 14.438821031702133], [79.99676697463855, 14.438821232546086], [79.9967672065105, 14.438821449599374], [79.99676742254354, 14.438821681954007], [79.99676762181817, 14.438821927798006], [79.99676780247901, 14.43882218712346], [79.99676796453423, 14.438822458122313], [79.99676810706423, 14.438822738982575], [79.99676822914545, 14.438823028796262], [79.99676832985428, 14.43882332665541], [79.99678943004142, 14.4388934274475], [79.99693830799413, 14.439388061509147], [79.99697422160828, 14.439507380016138], [79.99712825838422, 14.440019151299792], [79.99716950577854, 14.440156190046427], [79.99716958513207, 14.44015649233481], [79.9971696431293, 14.440156799052582], [79.99716967885065, 14.440157108387712], [79.99716969322378, 14.440157420344184], [79.9971696844096, 14.440157731297957], [79.99716965425932, 14.440158042160968], [79.9971696027892, 14.440158349317118], [79.99716952907153, 14.44015865276245], [79.99716943404209, 14.440158950692856], [79.99716931863664, 14.440159241304226], [79.99716918285921, 14.44015952369254], [79.99716902671791, 14.44015979604975], [79.99716885207211, 14.440160057479693], [79.99716865985754, 14.44016030617828], [79.99716845007421, 14.44016054214552], [79.99716822366193, 14.440160762673258], [79.997167982476, 14.4401609677694], [79.99716772744814, 14.440161156533861], [79.99716746044174, 14.440161327166491], [79.9971671814568, 14.44016147966725], [79.9971668914291, 14.440161612232082], [79.99716659406519, 14.440161725780744], [79.99716628844146, 14.440161819405315], [79.9969247078037, 14.440226789567769], [79.99681394746932, 14.440256576624623], [79.99671312655374, 14.440284421551432], [79.99671281915947, 14.440284496182922], [79.99671250722412, 14.440284549098033], [79.99671219259496, 14.440284582112687], [79.9967118762077, 14.440284593422795], [79.99671155991362, 14.440284583940306], [79.99671124557207, 14.440284552769029], [79.99671093317497, 14.440284501717075], [79.99671062550932, 14.440284429892236], [79.99671032350278, 14.440284337298463], [79.99671002900256, 14.440284225751702], [79.99670974294037, 14.440284094351885], [79.9967094662398, 14.440283944006973], [79.99670920167979, 14.440283775632848], [79.99670894832457, 14.440283591033602], [79.99670870896114, 14.440283389317067], [79.99670848450909, 14.44028317229524], [79.99670827589601, 14.440282939972079], [79.99670808310984, 14.440282695059643], [79.99670790892944, 14.440282438473833], [79.99670775242713, 14.440282170210667], [79.99670761545019, 14.440281892086118], [79.99670749799044, 14.440281605908229], [79.99670740097154, 14.440281312584972], [79.9966029555266, 14.439924378990387], [79.99646538660411, 14.439468598097806]]}}, {"type": "Feature", "id": "w16-road-6", "properties": {"wardId": "ward-16", "segmentId": "w16-road-6", "lengthMeters": 406.9}, "geometry": {"type": "LineString", "coordinates": [[79.99687067163588, 14.43886978069529], [79.99685072680472, 14.438803517069166], [79.99685064837557, 14.438803215688656], [79.99685059037498, 14.43880290987487], [79.99685055372245, 14.438802601439752], [79.99685054027331, 14.43880229039125], [79.99685054723247, 14.438801979429588], [79.99685057737477, 14.438801670374652], [79.99685062884491, 14.438801363218527], [79.99685070163072, 14.438801060673352], [79.99685079572816, 14.438800763643112], [79.99685091020555, 14.438800473027902], [79.99685104597837, 14.438800191543727], [79.99685120026369, 14.438799919178791], [79.996851373977, 14.438799658649067], [79.99685156526296, 14.43879940994671], [79.99685177318588, 14.4387991748758], [79.99685199867339, 14.438798953440303], [79.99685223800273, 14.438798748336492], [79.99685249117391, 14.438798559564376], [79.99685275817883, 14.438798388932009], [79.99685303531093, 14.438798235519569], [79.9968533234898, 14.438798101139067], [79.99685361992839, 14.438797986682697], [79.99685392369501, 14.438797893050516], [79.99685423386607, 14.438797819334555], [79.99731637158679, 14.43870420329961], [79.99731668444342, 14.438704151291535], [79.99731699999391, 14.438704119183875], [79.99731731730256, 14.438704108780772], [79.99731763451406, 14.438704120074325], [79.99731795070478, 14.438704152156557], [79.9973182630918, 14.438704205015632], [79.99731857167914, 14.438704277747549], [79.99731887460347, 14.43870437215243], [79.99731916908988, 14.438704486410403], [79.99731945607006, 14.438704619621406], [79.99731973276111, 14.438704771773573], [79.99731999731176, 14.438704941954997], [79.99732025065369, 14.438705129265614], [79.99732048908037, 14.43870533278558], [79.99732071259179, 14.438705552514916], [79.99732092120011, 14.438705785741558], [79.99732111211831, 14.438706033357674], [79.99732128535857, 14.438706292651176], [79.99732143999724, 14.438706562714103], [79.99732157603842, 14.43870684264243], [79.99732169163487, 14.438707130620212], [79.99732178586301, 14.438707425739477], [79.99735311180406, 14.438817943705569], [79.9973907491566, 14.438950733428541], [79.99742751725036, 14.439079603129276], [79.99751324739881, 14.439370989568033], [79.99759215766642, 14.439611990799277], [79.99759241006002, 14.439612804608483], [79.99763245185079, 14.439741938623834], [79.9976733130314, 14.439873718639786], [79.99771348840932, 14.440003285345481], [79.99771357054247, 14.440003588549603], [79.9977136313153, 14.440003897087166], [79.99771366980822, 14.440004209146185], [79.99771368602934, 14.440004522918613], [79.99771367998675, 14.440004836596378], [79.99771365075682, 14.440005149271512], [79.99771360019894, 14.440005460047896], [79.99771352740163, 14.44000576530544], [79.9977134332885, 14.440006065952158], [79.99771331787167, 14.440006359275921], [79.99771318115928, 14.44000664346872], [79.99771302500659, 14.440006918538415], [79.99771285035342, 14.440007181776881], [79.99771265627213, 14.440007433180153], [79.9977124455578, 14.440007670048006], [79.99771221727873, 14.44000789328052], [79.99771197516174, 14.44000809927733], [79.99771171827511, 14.440008288938573], [79.99771144848226, 14.440008460464034], [79.99771116671086, 14.440008613857687], [79.99771087482426, 14.440008747319345], [79.99771057467782, 14.440008860856919], [79.9977102671992, 14.440008954474326], [79.9975798772851, 14.440043556560349], [79.99725467926216, 14.440129855918393], [79.99725437467141, 14.440129926042333], [79.99725406645916, 14.44012997626187], [79.99725375462938, 14.440130005672996], [79.99725344196105, 14.44013001519159], [79.99725312938583, 14.440130003917547], [79.99725281875905, 14.440129971858777], [79.9972525100807, 14.44012991901528], [79.99725220612567, 14.440129847206933], [79.99725190875733, 14.440129754633562], [79.99725161703996, 14.440129643099311], [79.99725133468417, 14.440129512619947], [79.99725106168592, 14.440129364099496], [79.99725079990048, 14.440129197545863], [79.99725054932385, 14.440129013863043], [79.99725031273088, 14.440128814870954], [79.99725009012155, 14.4401286005696], [79.99724988334717, 14.440128371870886], [79.99724969239959, 14.440128130582865], [79.99724951820244, 14.440127877613506], [79.99724936261104, 14.440127612970713], [79.99724922561322, 14.440127339366585], [79.99724910720899, 14.44012705680108], [79.99724900924556, 14.44012676709017], [79.99713245713401, 14.439739536472429], [79.99705462887603, 14.439480959672183], [79.99697874955955, 14.439228858677044], [79.99693151895585, 14.439071940728207], [79.9969312337732, 14.439070992076296], [79.99689277365526, 14.438943213530194], [79.99687067163588, 14.43886978069529]]}}, {"type": "Feature", "id": "w16-road-7", "properties": {"wardId": "ward-16", "segmentId": "w16-road-7", "lengthMeters": 393.3}, "geometry": {"type": "LineString", "coordinates": [[79.99746726988761, 14.438923756684927], [79.9974026718071, 14.438695848990577], [79.99740259891477, 14.438695553962086], [79.99740254645099, 14.438695254500216], [79.99740251533122, 14.438694953321045], [79.99740250462784, 14.438694650420588], [79.99740251433678, 14.438694346702915], [79.99740254537356, 14.438694044884004], [79.99740259680648, 14.438693745863974], [79.99740266955509, 14.438693451454814], [79.99740276176408, 14.438693161648631], [79.99740287342537, 14.438692878253487], [79.99740300453087, 14.438692603077417], [79.99740315414483, 14.438692337924548], [79.99740332227127, 14.43869208189085], [79.99740350703873, 14.438691838584536], [79.99740370845127, 14.4386916071016], [79.99740392557311, 14.438691389246129], [79.99740415654088, 14.438691186818286], [79.99740440135862, 14.438690998914064], [79.99740465815889, 14.438690828237643], [79.99740492601403, 14.438690674785072], [79.99740520492406, 14.438690538556378], [79.99740549117027, 14.4386904213438], [79.99740578568031, 14.438690323151302], [79.99740608659889, 14.438690243970976], [79.99740639206667, 14.438690184698997], [79.99762358449352, 14.438655449977057], [79.99785851263633, 14.438617877606205], [79.99790743876281, 14.438785347392297], [79.9979541308382, 14.438932360896569], [79.99799757186985, 14.439069132214762], [79.99803892539484, 14.439199336714681], [79.99807746420265, 14.439320674129167], [79.99816450206643, 14.43959471370578], [79.9981738173098, 14.439624041626594], [79.9982020509725, 14.439727291405271], [79.9982406487794, 14.43986844480471], [79.99799629645054, 14.439933083391658], [79.99795426209786, 14.439944203477623], [79.99779752938859, 14.439985796794957], [79.99779722665755, 14.439985866023466], [79.99779692030086, 14.439985916251622], [79.99779661032663, 14.439985945671374], [79.99779629951378, 14.439985955198583], [79.99779598879398, 14.439985943933163], [79.99779567909088, 14.439985912783085], [79.99779537225979, 14.439985861756238], [79.99779507016001, 14.439985789956475], [79.99779477278351, 14.439985699191856], [79.99779448291322, 14.439985589474215], [79.99779420147681, 14.43998546080749], [79.99779392939787, 14.439985314099662], [79.99779366760407, 14.43998514935465], [79.99779341794262, 14.439984968388423], [79.99779318134118, 14.439984771204907], [79.9977929587193, 14.439984559616114], [79.99779275193231, 14.439984333629925], [79.99779256004848, 14.439984094146421], [79.9977923858427, 14.439983842985498], [79.99779222931092, 14.439983581051175], [79.99779209044503, 14.439983310151488], [79.99779197110443, 14.43998302939034], [79.99779187127288, 14.439982742383807], [79.99766963781688, 14.439588537528453], [79.99762647806989, 14.439456722425849], [79.9975909031838, 14.439348072259328], [79.99758405816078, 14.439324809209708], [79.9975455228947, 14.439193831918542], [79.99750559418274, 14.439058117832], [79.99746893199782, 14.438929618345316], [79.99746726988761, 14.438923756684927]]}}, {"type": "Feature", "id": "w16-road-8", "properties": {"wardId": "ward-16", "segmentId": "w16-road-8", "lengthMeters": 278.3}, "geometry": {"type": "LineString", "coordinates": [[79.99760841394401, 14.442728309210441], [79.99735345687978, 14.442873271350445], [79.99726726271554, 14.442692950154084], [79.99721426752197, 14.442574784896195], [79.99718554395056, 14.442510736822843], [79.99717341138893, 14.442483683212052], [79.99715543122979, 14.442445541028553], [79.9971226743907, 14.4423760506197], [79.99707580344912, 14.442276619684348], [79.9969405814046, 14.441989759714213], [79.99694045654681, 14.441989468080672], [79.99694035305768, 14.441989169305698], [79.99694027093314, 14.441988864293325], [79.99694021109276, 14.441988554855563], [79.99694017353656, 14.44198824099241], [79.99694015824828, 14.441987926319976], [79.99694016615564, 14.441987610842196], [79.99694019632283, 14.441987296363182], [79.99694024873773, 14.441986985595028], [79.99694032247268, 14.441986678533763], [79.99694041937083, 14.441986377899365], [79.99694053664922, 14.441986083680026], [79.99694067522333, 14.44198579859174], [79.9969408332338, 14.441985523530644], [79.99694101160017, 14.441985260308737], [79.99694120753949, 14.441985008914202], [79.99694142103958, 14.441984772059097], [79.99694165116874, 14.441984550643495], [79.99694189699929, 14.44198434466348], [79.99694215574017, 14.441984155915215], [79.99694242831092, 14.441983986210747], [79.99718433944068, 14.44184401352626], [79.99733685622118, 14.44214377442545], [79.99760841394401, 14.442728309210441]]}}, {"type": "Feature", "id": "w16-road-9", "properties": {"wardId": "ward-16", "segmentId": "w16-road-9", "lengthMeters": 423.1}, "geometry": {"type": "LineString", "coordinates": [[79.99671492070777, 14.44201142033139], [79.99667147087084, 14.44203523866678], [79.99657703575885, 14.442078084345775], [79.99657674671268, 14.442078204257237], [79.99657644940669, 14.44207830424456], [79.99657614661982, 14.44207838522363], [79.99657583836016, 14.442078445386406], [79.99657552740668, 14.442078485648722], [79.9965752137634, 14.442078505106576], [79.99657489928566, 14.442078503767869], [79.99657458582878, 14.442078481640484], [79.99657427524811, 14.442078438732338], [79.99657396754363, 14.442078375043407], [79.9965736654902, 14.44207829239361], [79.99657336909597, 14.442078188974898], [79.9965730811358, 14.442078066607166], [79.99657280253734, 14.442077925294337], [79.99657253422019, 14.442077766848463], [79.99657227711603, 14.442077590369419], [79.99657203400382, 14.442077396773096], [79.99657180394371, 14.442077188767659], [79.9965715887951, 14.442076965456916], [79.9965713894816, 14.442076727748889], [79.99657120784639, 14.442076478363552], [79.99657104388943, 14.442076217300894], [79.99657089760265, 14.442075946368973], [79.99657077176903, 14.442075665579615], [79.996501779136, 14.441907648185309], [79.99645926662015, 14.441804118683716], [79.9964183068276, 14.441704369266718], [79.99639461283975, 14.441646667218675], [79.99637497234404, 14.44160190031324], [79.9963298464281, 14.441499044931241], [79.99628440190364, 14.441395463142245], [79.99623375161589, 14.441280016201627], [79.99600338564854, 14.440765682777885], [79.99597941625936, 14.440709859030772], [79.99592648865088, 14.440586590492419], [79.99592637675796, 14.440586304337907], [79.99592628622956, 14.4405860119461], [79.99592621520625, 14.44058571421309], [79.99592616553932, 14.440585412050817], [79.99592613628896, 14.440585108167436], [79.99592612931043, 14.440584802570818], [79.99592614274037, 14.440584497061128], [79.99592617749829, 14.440584193450354], [79.9959262326525, 14.44058389263861], [79.99592630912657, 14.440583595533834], [79.99592640598074, 14.44058330484418], [79.9959265232109, 14.440583021473657], [79.9959266589577, 14.440582746318393], [79.99592681414474, 14.440582480286384], [79.99592698783627, 14.440582225181727], [79.99592717816884, 14.440581982804538], [79.99592738421887, 14.440581752246892], [79.99592760689781, 14.440581537128807], [79.9959278434267, 14.44058133653443], [79.99592809380152, 14.440581151367766], [79.9959283561548, 14.440580984333003], [79.99592862863526, 14.440580834518217], [79.9959289121665, 14.440580702831367], [79.99592920396151, 14.440580590164664], [79.99592950216498, 14.440580496510156], [79.99606953733048, 14.440541822144572], [79.99624143948253, 14.440494346001731], [79.99624174037552, 14.440494273151298], [79.99624204581762, 14.440494220209185], [79.99624235488118, 14.440494187171485], [79.99624266477917, 14.440494174930334], [79.99624297551566, 14.440494182581737], [79.99624328430767, 14.440494210113837], [79.99624359115113, 14.440494258430633], [79.99624389327118, 14.440494325712267], [79.99624419065975, 14.440494413766764], [79.99624448147367, 14.440494519874129], [79.99624476385355, 14.440494644930537], [79.99624503687583, 14.440494788027973], [79.99624530054047, 14.440494949166444], [79.99624555114497, 14.440495126522105], [79.99624578961696, 14.440495320098911], [79.9962460150329, 14.440495528988865], [79.9962462246138, 14.440495752276094], [79.9962464183678, 14.440495988152565], [79.99624659629492, 14.44049623661826], [79.99624675654792, 14.440496495857222], [79.99624689820321, 14.440496764961486], [79.99624702126891, 14.440497042123], [79.99629679298585, 14.440620541254656], [79.99635901206655, 14.440774924894706], [79.99637695502231, 14.440819446809149], [79.99640293579772, 14.440878151233477], [79.99641955100336, 14.440915695504062], [79.99645965087727, 14.441006304083473], [79.99650391652715, 14.441106326121993], [79.99654935222401, 14.441208992039366], [79.99655487073991, 14.441221462410732], [79.9967743626522, 14.441714601699463], [79.99677556161492, 14.441717410243264], [79.99681465635516, 14.441809008944373], [79.99686417456269, 14.441925030454977], [79.99686428735667, 14.441925322941273], [79.99686437878204, 14.44192562256897], [79.99686444884682, 14.441925927530043], [79.99686449755515, 14.441926236920441], [79.99686452491912, 14.44192654802809], [79.99686452908342, 14.44192686084511], [79.9968645109879, 14.441927172663341], [79.99686447156424, 14.441927482582742], [79.99686440988883, 14.441927789695296], [79.99686432597385, 14.441928091288935], [79.99686422167456, 14.441928387371565], [79.99686409607958, 14.44192867432313], [79.99686395104014, 14.441928953055543], [79.99686378563668, 14.441929221756808], [79.99686360266436, 14.441929477726688], [79.99686340119143, 14.44192972186527], [79.99686318308947, 14.441929950564317], [79.99686294928206, 14.441930164731833], [79.99686270163264, 14.44193036256764], [79.99686243921758, 14.441930543163767], [79.99686216575158, 14.44193070563199], [79.99671492070777, 14.44201142033139]]}}, {"type": "Feature", "id": "w16-road-10", "properties": {"wardId": "ward-16", "segmentId": "w16-road-10", "lengthMeters": 378.6}, "geometry": {"type": "LineString", "coordinates": [[79.99589690467101, 14.44050974549689], [79.99589658457283, 14.440509756790078], [79.99589626457603, 14.440509745482606], [79.99589594560014, 14.440509713386458], [79.99589563043219, 14.440509659609486], [79.99589531906811, 14.440509585055684], [79.99589501429087, 14.440509489736945], [79.99589471702814, 14.440509373657182], [79.99589442820351, 14.440509237724406], [79.99589414966421, 14.44050908375454], [79.99589388327362, 14.440508909947464], [79.99589362901555, 14.440508719919269], [79.99589338967704, 14.440508512777779], [79.99589316524992, 14.44050829033106], [79.9958929566619, 14.440508052583056], [79.99589276668377, 14.440507802257686], [79.99589259346426, 14.440507538443061], [79.99589243977016, 14.440507264767097], [79.99589230652906, 14.440506981233789], [79.99577559153892, 14.440235154233092], [79.99567070044837, 14.43999569261262], [79.99561839317434, 14.439876278792699], [79.99551587059733, 14.439642225254156], [79.99533684683455, 14.43923703651224], [79.99548697927665, 14.439184009474882], [79.99563828980786, 14.43913056516753], [79.99563859544281, 14.439130468832802], [79.99563890655041, 14.439130393314409], [79.99563922220298, 14.4391303386084], [79.99563954146883, 14.439130305614825], [79.99563986249267, 14.439130294325805], [79.99564018341917, 14.439130304733428], [79.99564050239306, 14.439130336829786], [79.99564081849071, 14.439130389706913], [79.99564113078046, 14.43913046426488], [79.99564143648337, 14.439130559587786], [79.99564173467182, 14.439130675671706], [79.99564202349454, 14.439130811604684], [79.99564230295967, 14.439130965578697], [79.9956425702761, 14.439131139389906], [79.99564282453247, 14.43913132941828], [79.99564306479296, 14.439131537467913], [79.9956432892185, 14.439131759914792], [79.99564349780506, 14.43913199766294], [79.99564368870543, 14.439132248896426], [79.99564386192367, 14.43913251271118], [79.9956440156126, 14.439132787291276], [79.99564414977625, 14.439133071732664], [79.9956730900181, 14.439200542688878], [79.9957925133127, 14.439478968124961], [79.99580509522879, 14.439507940281187], [79.99586810222114, 14.43965301663158], [79.99590200910608, 14.439731088747687], [79.99592646470852, 14.439780243628883], [79.99598350146557, 14.439894885194231], [79.9960428880532, 14.44003642483598], [79.99609441229643, 14.440159224502999], [79.996099535811, 14.44017143554834], [79.99614083589405, 14.44026617172399], [79.99620738091677, 14.440418812739393], [79.99620749373763, 14.44041909889774], [79.99620758704528, 14.440419392205344], [79.99620765899658, 14.440419689942242], [79.99620771051514, 14.440419993016402], [79.9962077406895, 14.44042029780777], [79.99620774951967, 14.440420604316339], [79.99620773701375, 14.440420910734057], [79.99620770410344, 14.44042121616083], [79.99620764894561, 14.440421517876716], [79.99620757339557, 14.440421815889582], [79.99620747746546, 14.440422107487361], [79.99620736115529, 14.440422392670063], [79.99620722447722, 14.440422668725589], [79.99620707021421, 14.440422935665795], [79.99620689744674, 14.440423191678683], [79.99620670710648, 14.440423435864169], [79.99620650012518, 14.440423667322172], [79.99620627743856, 14.4404238842486], [79.99620603997836, 14.44042408574338], [79.99620578960393, 14.440424270910354], [79.99620552631528, 14.440424439749549], [79.99620525197581, 14.440424590460825], [79.99620496844491, 14.440424722148014], [79.99620467571852, 14.44042483571518], [79.99620437658768, 14.440424929366086], [79.9960314992207, 14.440472674352973], [79.99589784976298, 14.440509584986376], [79.99589753865757, 14.440509659600965], [79.99589722300712, 14.440509713403165], [79.99589690467101, 14.44050974549689]]}}, {"type": "Feature", "id": "w16-road-11", "properties": {"wardId": "ward-16", "segmentId": "w16-road-11", "lengthMeters": 3709.5}, "geometry": {"type": "LineString", "coordinates": [[79.9873481758219, 14.442455242984082], [79.98746267429486, 14.442487739753156], [79.98746191883285, 14.442492734955303], [79.98754279320849, 14.442522646332131], [79.98754308208147, 14.442521745339166], [79.9875632528071, 14.442529295748965], [79.98761147455562, 14.44254734594546], [79.98763421617173, 14.442555859347781], [79.98761441786245, 14.442599290369158], [79.98760057402069, 14.442629661861677], [79.98759889180424, 14.442633427203024], [79.9875857883375, 14.44266275318581], [79.98757046660069, 14.44269704186967], [79.98756108882614, 14.442752592026935], [79.98755459642844, 14.442791053721526], [79.98755376885293, 14.442801532532028], [79.98754807986994, 14.442873620801427], [79.98754617660177, 14.442897748735138], [79.98754947561773, 14.442941395581373], [79.98755411219486, 14.443002715862535], [79.98755751197683, 14.443052593797608], [79.98756000522428, 14.443089182039797], [79.98756293350601, 14.443132139317163], [79.98756364202873, 14.443138752714455], [79.98757073632565, 14.443204932832204], [79.98757971676544, 14.44328871641742], [79.98758065229995, 14.443297440823343], [79.98760135649913, 14.443397702110037], [79.98761671647524, 14.44347208665219], [79.98762838808051, 14.443528605949314], [79.98763657735199, 14.443568264373233], [79.98764339355746, 14.443611020474805], [79.98765920993682, 14.443710232867176], [79.98766112145925, 14.443722225959824], [79.98766245927088, 14.443730615789736], [79.98766301249859, 14.443739978614845], [79.98766674218479, 14.443803066919317], [79.98767104330928, 14.443875799283763], [79.98766436887884, 14.443939734284827], [79.98765517331509, 14.4439949832711], [79.98765397081462, 14.444002210440294], [79.98765405058393, 14.444050002951874], [79.98765418824212, 14.444131760561547], [79.98765427742181, 14.444184240569648], [79.9876545500216, 14.444185912409765], [79.98766930796342, 14.4442762995176], [79.98767914514568, 14.44431404302523], [79.98769192126431, 14.444363063516468], [79.98771145321392, 14.44443107078066], [79.98771405609648, 14.444441988320401], [79.98773337146507, 14.444523015566505], [79.98774183924536, 14.444558536479885], [79.98775105903931, 14.444597210304511], [79.98775862368971, 14.444628943019595], [79.98777273790893, 14.444676041837486], [79.98778176994755, 14.444706182508558], [79.98779179356836, 14.444739631710782], [79.98779535321718, 14.444748839295864], [79.98781621964027, 14.444802809803882], [79.98781816607904, 14.44480934172891], [79.98783701360284, 14.444872599826136], [79.98784876622791, 14.444912047536901], [79.9878581118762, 14.444943411817004], [79.98787124530146, 14.444987491438736], [79.98788566904719, 14.445035901537143], [79.98788994115601, 14.44505024080977], [79.98789881526518, 14.445080026414688], [79.98791343457974, 14.445129092781913], [79.98792359170065, 14.445163184422698], [79.98793524385424, 14.445202289970798], [79.98794932951188, 14.445249564945863], [79.98795873365717, 14.445281128363211], [79.98796484421442, 14.445299009429005], [79.98799690319561, 14.445392809442804], [79.98801979908161, 14.445459799620718], [79.98802868110872, 14.445485789184374], [79.98802940185601, 14.445488061424198], [79.98804686432426, 14.44554313831087], [79.98807588340775, 14.445634661542059], [79.9880763069737, 14.445636183959104], [79.9880922684857, 14.445693510886313], [79.98810915109807, 14.445754144232321], [79.9881159145475, 14.445778435946508], [79.98812283835063, 14.445798859954337], [79.98814256061263, 14.445857039265423], [79.98814817894161, 14.445873611873605], [79.98816984062528, 14.445929212142667], [79.98819022487338, 14.44598153158203], [79.98819562356326, 14.44599538840885], [79.9882148440799, 14.446044721320199], [79.98823809046935, 14.446104387535712], [79.98825307054922, 14.446142835656504], [79.98826167464205, 14.446166496112392], [79.98828338095028, 14.446226190969904], [79.98830120580965, 14.446275210509546], [79.98832591213299, 14.446343152256041], [79.98832891453989, 14.446352917948351], [79.98835013983638, 14.446421957623896], [79.98836389933662, 14.446466716134996], [79.98837725385474, 14.446510151197806], [79.98839153084226, 14.446556590734742], [79.98839259422849, 14.446559614799272], [79.9884148309465, 14.446622864808367], [79.9884333179104, 14.446675445490799], [79.98843582753084, 14.446682584633342], [79.98845449534869, 14.446736614365767], [79.98847456972331, 14.446794713802571], [79.98848700883879, 14.446830716419734], [79.98850332511901, 14.446884095993411], [79.98851423404395, 14.446919781954753], [79.988517643019, 14.446930935286384], [79.98852735439898, 14.446961465780841], [79.98853962878498, 14.447000051440122], [79.9885449619713, 14.447014863551576], [79.98857049371972, 14.447085760517206], [79.98859039084638, 14.447141011453821], [79.98860253440397, 14.44717570645716], [79.98862233648556, 14.447232285021048], [79.98863884235277, 14.447279444689531], [79.98864378531505, 14.447293568956635], [79.98864838669468, 14.447307735151616], [79.98866027579966, 14.44734433930079], [79.98867181081827, 14.447379852559454], [79.98868604041668, 14.447423663829438], [79.98869687183551, 14.447457009791329], [79.98870067816871, 14.447468099735277], [79.98871262548987, 14.447502910513313], [79.98872877837012, 14.447549974641516], [79.98873964707295, 14.44758164195627], [79.98874663986025, 14.447602014715269], [79.9887566893196, 14.447635754193431], [79.98875788094922, 14.447639757884291], [79.98876778230404, 14.447672809654717], [79.98877924645298, 14.447711079028482], [79.98879017504291, 14.447747562429011], [79.98879408933834, 14.447760629974463], [79.98879970343944, 14.447777336350393], [79.98880243220889, 14.447785460027786], [79.98882537925955, 14.447853748567338], [79.98884027544058, 14.447898078898401], [79.9888437237279, 14.44790834010576], [79.9888700376218, 14.447986647216498], [79.98888165670954, 14.448021225144558], [79.98888198808301, 14.448022211068054], [79.98890384127901, 14.448087244877382], [79.98890648859017, 14.448095125017034], [79.98892230833924, 14.448142019553476], [79.98893812809024, 14.448188914993121], [79.98894240514814, 14.448200952581546], [79.98895509891159, 14.44823667963505], [79.98897520815879, 14.448293273958175], [79.98898470581493, 14.4483200056411], [79.98898673396299, 14.448325713423005], [79.98899123362693, 14.448338377562827], [79.98899177227298, 14.448339892335966], [79.98899438577085, 14.44834724979359], [79.98899722555234, 14.448355240147347], [79.98900232706107, 14.448369599235614], [79.9890045723146, 14.448375918177167], [79.9890063787736, 14.448381003026968], [79.98900800476986, 14.448385579934993], [79.98900931381398, 14.44838926409783], [79.98901062651986, 14.448392959124881], [79.98901623187376, 14.44840873339211], [79.98901684012979, 14.448410446449053], [79.98901771955012, 14.44841292006458], [79.9890187152999, 14.448415723250454], [79.98901972522597, 14.44841826342099], [79.98902089737162, 14.448421242747832], [79.98902230042293, 14.4484248586068], [79.98902341626157, 14.448427775313156], [79.98902517632786, 14.448432451336899], [79.98902627248091, 14.448435413160858], [79.98902700743042, 14.448437420574969], [79.98902786691563, 14.448439789236076], [79.98902853385351, 14.448441655327835], [79.98902920172318, 14.44844352051955], [79.98903024501041, 14.448446479404545], [79.98903107107445, 14.4484488533465], [79.98903294257983, 14.448454325405118], [79.98903418472092, 14.448458033689935], [79.98903484090701, 14.448460020877139], [79.98903586026289, 14.448463143291013], [79.98903683915182, 14.448466187783627], [79.98903809952867, 14.448470171879416], [79.98903852383238, 14.44847153337881], [79.98903910902366, 14.44847342352892], [79.98904012103625, 14.448476733951956], [79.98904094453489, 14.448479470403647], [79.98904229045257, 14.448484028028927], [79.98904273259934, 14.448485546908152], [79.98904333451817, 14.44848763601922], [79.98904373723596, 14.448489052572546], [79.98904413995785, 14.448490468221854], [79.98904538975151, 14.448494946783049], [79.98904662990482, 14.448499505762593], [79.98904802184913, 14.448504758793481], [79.98904992342207, 14.448512199984021], [79.98905107676144, 14.448516877924598], [79.98905212938271, 14.448521261619439], [79.98905301857431, 14.448525063314182], [79.98905373820183, 14.448528203426834], [79.98905425015198, 14.448530493753195], [79.98905476117855, 14.448532783171546], [79.98905585712502, 14.448537844179565], [79.98905638846729, 14.448540359695517], [79.98905735889316, 14.44854507210888], [79.9890580810312, 14.448548683238082], [79.98905881180079, 14.44855243724292], [79.98905934463546, 14.448555238442479], [79.98906024475784, 14.448560111473624], [79.98906105269097, 14.448564650517813], [79.98906149390876, 14.448567196384506], [79.98906199990232, 14.448570189125755], [79.98906248209055, 14.448573112153658], [79.98906291526602, 14.448575795400178], [79.98906355362334, 14.44857988079184], [79.98906401486329, 14.448582923063372], [79.98906445589834, 14.448585920046124], [79.98906487678978, 14.448588858179729], [79.98906527394938, 14.448591710327541], [79.98906548944248, 14.44859329422932], [79.98906580977045, 14.448595698546782], [79.98906596491383, 14.44859688260314], [79.98906634394908, 14.448599844966289], [79.98906664026335, 14.448602225675641], [79.98906702030033, 14.44860537698782], [79.9890672900425, 14.448607684355771], [79.98906750596146, 14.448609584673992], [79.98906785802484, 14.44861276750761], [79.98906812838482, 14.448615348802878], [79.9890683987448, 14.448617930098159], [79.98906866672661, 14.44862062710057], [79.98906890414729, 14.44862310700183], [79.98906928454934, 14.448626793508296], [79.98906962512005, 14.44862964541331], [79.98907004791752, 14.448633188359038], [79.9890703357683, 14.448635594345252], [79.98907054046876, 14.44863730838272], [79.98907073711, 14.448638958198643], [79.98907101869573, 14.448641313531619], [79.98907123859095, 14.448643155104184], [79.98907145760343, 14.4486449867285], [79.98907172487304, 14.44864722537865], [79.9890719832048, 14.448649388955015], [79.98907210297713, 14.448650393859326], [79.9890722156057, 14.448651337258154], [79.98907259463749, 14.448654505742802], [79.98907283596402, 14.448656531831832], [79.98907303978173, 14.44865823592106], [79.98907356361762, 14.44866261825106], [79.98907660732368, 14.448688100879556], [79.989024086997, 14.448693255485468], [79.98901671119583, 14.448738544355539], [79.98901823067905, 14.448738155809094], [79.98901916317698, 14.448737916623017], [79.98902019226476, 14.44873765344226], [79.98902089813713, 14.44873747295055], [79.98902174240254, 14.448737255986913], [79.9890234169935, 14.448736827424087], [79.98902413772521, 14.448736643379963], [79.98902569900748, 14.448736243260285], [79.98902752406369, 14.448735775565208], [79.98902928334388, 14.448735287698966], [79.98903071950257, 14.448734861729202], [79.98903194860294, 14.44873447555287], [79.98903319636736, 14.448734065047507], [79.98903465886893, 14.448733557826987], [79.98903571912594, 14.448733171830211], [79.98903648857123, 14.448732883126203], [79.98903731288495, 14.44873256482423], [79.98903795694119, 14.448732309031755], [79.98903887706005, 14.44873193509026], [79.98903939291148, 14.448731719429567], [79.98904014952028, 14.448731397220918], [79.98904047020996, 14.448731257566386], [79.98904090988476, 14.448731065083932], [79.98904172885288, 14.448730697940743], [79.98904217879353, 14.448730491941703], [79.98904299969055, 14.448730108534038], [79.9890439461482, 14.448729654245827], [79.98904448076578, 14.448729391655464], [79.98904951461705, 14.448726696608578], [79.98905338362347, 14.448724333771215], [79.98905732371367, 14.448721637647353], [79.98906001394357, 14.448719610575928], [79.9890615744267, 14.448718360653288], [79.98906321807041, 14.448716979097352], [79.9890655867845, 14.448714863858344], [79.98906793479073, 14.448712609308009], [79.98907100239457, 14.448709395040634], [79.98907342888914, 14.448706605634275], [79.98907480771166, 14.44870490743143], [79.98907665642076, 14.44870248981929], [79.9890779074183, 14.448700747673987], [79.98907808672712, 14.44870048446311], [79.98907917566153, 14.448698884461068], [79.98908031732253, 14.448697112917275], [79.98908177916101, 14.448694699069472], [79.9890838950242, 14.448690849697272], [79.98908470942816, 14.448689234052642], [79.98908499784777, 14.44868863952657], [79.98908609196376, 14.448686919309147], [79.98908714030034, 14.448685270314604], [79.98908891742498, 14.448682475409788], [79.98909048525661, 14.448680009582256], [79.98909198582085, 14.44867764833494], [79.98909283700603, 14.448676310388898], [79.98909407759501, 14.448674818618402], [79.98909509657788, 14.448673711922945], [79.98909649061578, 14.448672341952415], [79.98909702438256, 14.448671856963973], [79.98909834771244, 14.448670737109632], [79.98909943227575, 14.448669899195936], [79.98910102647419, 14.448668784119889], [79.98910247035094, 14.448667881752726], [79.98910356862994, 14.448667293413397], [79.98910261663761, 14.448659322008586], [79.98910209280115, 14.448654939678615], [79.9891018899109, 14.448653235593376], [79.98910164765233, 14.448651210404401], [79.98910126955191, 14.448648041019723], [79.98910115691913, 14.448647098524928], [79.98910103621898, 14.448646093616642], [79.98910077788695, 14.448643930040296], [79.98910051062113, 14.44864169048613], [79.98910029160433, 14.448639859765848], [79.98910007170885, 14.448638018193295], [79.98909979012691, 14.448635661956319], [79.98909959348136, 14.448634013044428], [79.9890993887807, 14.448632299006963], [79.98909910093369, 14.448629892116747], [79.98909867813167, 14.448626350075061], [79.98909836438239, 14.448623721583475], [79.98909801777796, 14.448620357060904], [79.98909778476666, 14.44861792780491], [79.98909750434419, 14.44861510960752], [79.98909722597776, 14.448612452338413], [79.98909694760725, 14.448609795973319], [79.98909658219587, 14.448606487420633], [79.98909635646828, 14.448604499368296], [79.98909607599789, 14.448602102454181], [79.98909568343852, 14.448598848027537], [79.98909537552142, 14.448596366015746], [79.98909498482612, 14.448593315006491], [79.98909481980478, 14.448592058584412], [79.98909449051821, 14.448589583713273], [79.98909426424797, 14.448587921113635], [79.98909385360156, 14.448584973983598], [79.98909341743735, 14.4485819254914], [79.98909295927821, 14.448578817238056], [79.98909248003957, 14.44857565193965], [79.98909182000538, 14.448571436273019], [79.98909136972631, 14.448568637235788], [79.98909086946593, 14.448565607453466], [79.98909034447657, 14.448562507049761], [79.98908988338029, 14.44855984357238], [79.98908904738668, 14.44855514981672], [79.98908811829247, 14.448550118454028], [79.98908756008666, 14.448547183347461], [79.9890868039254, 14.44854329995578], [79.98908605276667, 14.448539541343314], [79.98908505238002, 14.448534684154785], [79.98908449197634, 14.448532030195796], [79.98908336150411, 14.4485268081203], [79.98908230214637, 14.448522067300155], [79.9890815506702, 14.448518789636555], [79.98908062779088, 14.448514846766818], [79.9890795378609, 14.448510301992563], [79.9890783343926, 14.448505425851877], [79.98907735444247, 14.448501589414201], [79.98907637449238, 14.448497752976547], [79.98907492690608, 14.448492289969353], [79.98907363837716, 14.44848755539825], [79.98907234660369, 14.448482922969935], [79.98907150827749, 14.448479977621078], [79.98907088352975, 14.448477807952388], [79.98907041488829, 14.448476198555353], [79.98906903149854, 14.448471516011647], [79.98906817052396, 14.448468655545522], [79.9890671274475, 14.44846523921642], [79.98906651756378, 14.44846327030877], [79.9890660676441, 14.44846182914383], [79.98906477160978, 14.448457729177829], [79.98906375245774, 14.448454561562858], [79.98906269925494, 14.448451333230988], [79.98906200920167, 14.448449244645834], [79.98906072037302, 14.44844539784245], [79.98905879484823, 14.448439767344922], [79.98905792573812, 14.44843727026866], [79.98905684306649, 14.448434199113603], [79.98905546519636, 14.448430348311978], [79.9890545708999, 14.448427881865058], [79.98905380294963, 14.448425786617387], [79.98905266372594, 14.448422707083301], [79.98905084956685, 14.448417888893085], [79.98904968330143, 14.448414839980382], [79.98904823348907, 14.448411101875259], [79.98904701731244, 14.448408012066517], [79.9890461798307, 14.448405906576037], [79.989045359055, 14.448403594131651], [79.9890444796344, 14.448401120516206], [79.98904387137814, 14.44839940745934], [79.98903826602246, 14.448383633192645], [79.98903695331614, 14.448379938165703], [79.98903564427161, 14.448376254002985], [79.98903401827482, 14.44837167709512], [79.98903221181932, 14.448366591341474], [79.98902996656099, 14.448360273304171], [79.98902753260104, 14.448353422880615], [79.98902486412291, 14.448345914212387], [79.98902202526823, 14.448337923862903], [79.98901887312327, 14.448329051632422], [79.98901437345789, 14.44831638749303], [79.9890136570993, 14.448314372022294], [79.98901234530916, 14.448310679711314], [79.98900082224402, 14.448278249299689], [79.98897469543384, 14.448204717248055], [79.9889658426839, 14.448179800935856], [79.98895859970294, 14.448158330505777], [79.9889419761925, 14.448109052180348], [79.9889342800692, 14.448086239111241], [79.98893218473748, 14.448080002176251], [79.98891891427179, 14.448040509121167], [79.98890945367663, 14.448012354633414], [79.98890200786397, 14.447990196259815], [79.98889011506482, 14.447954805328525], [79.9888778808342, 14.44791839678863], [79.98886807239334, 14.44788920839116], [79.98886366661083, 14.447876096247636], [79.98885244390053, 14.447842697082283], [79.98883869012215, 14.447801768139309], [79.98883022914853, 14.44777658952411], [79.98882307353284, 14.447755293945711], [79.98882203364685, 14.447752199468312], [79.98881448288594, 14.447726991309171], [79.98880277105773, 14.447687895483691], [79.98878742368734, 14.447636661759468], [79.98878596508729, 14.447631790850997], [79.98877456496682, 14.447593518136097], [79.98876498183286, 14.447565594552575], [79.98875298322045, 14.447530635293699], [79.98873899125365, 14.447489868051422], [79.98872468614216, 14.447448188190446], [79.98872424878898, 14.447446841099277], [79.98871409444259, 14.44741558005247], [79.98870328773921, 14.447382307424677], [79.98869322033086, 14.447351311634508], [79.9886825545269, 14.44731847535882], [79.98867157306344, 14.44728466678709], [79.98865745121229, 14.447244317554903], [79.9886442489015, 14.447206595797965], [79.98862913974173, 14.447163427140786], [79.98861803295932, 14.447131691901074], [79.98861238732432, 14.447116015994034], [79.9886460926999, 14.447104272508456], [79.98870524504122, 14.447083663806561], [79.98873634162429, 14.447074404266743], [79.98879121930885, 14.447058063259655], [79.98881128575593, 14.447129028058692], [79.98883199597262, 14.447202265667974], [79.9888475042064, 14.447257109919285], [79.98886083001068, 14.447253549126211], [79.98885954351702, 14.447247955723158], [79.98886489525616, 14.447246965256902], [79.98882558865618, 14.447088666108554], [79.9889496694306, 14.447057858108732], [79.98914598392182, 14.447009117258633], [79.98915093502993, 14.447032328981408], [79.98916936374427, 14.447115717307838], [79.98919337447789, 14.447224358676104], [79.98919599182095, 14.447236203812379], [79.9892193853752, 14.447333816835691], [79.98912398704476, 14.44735950819204], [79.98902472196878, 14.447386241551477], [79.9889257903224, 14.447412884990069], [79.98892753341855, 14.44741864579171], [79.98894694874642, 14.447482822049745], [79.98906993343581, 14.447449700373834], [79.9892364124491, 14.447404866205499], [79.98925723740292, 14.447491760735177], [79.98926024582786, 14.447504313605155], [79.98927786489945, 14.447577188964452], [79.98930776190105, 14.447700843682698], [79.98931888528732, 14.447747209981678], [79.98934170479379, 14.44784233441771], [79.989361965637, 14.447926794647625], [79.98936664045542, 14.447946280528974], [79.98937718246742, 14.447998131866585], [79.98939283846791, 14.4480751411192], [79.98942323117663, 14.448224632757396], [79.9894291973777, 14.448253976425136], [79.98944811798272, 14.44833283849759], [79.98947389518158, 14.448440272386415], [79.98947413841246, 14.448441466764885], [79.98947429809435, 14.44844267344164], [79.98947437517532, 14.448443887900488], [79.9894743678245, 14.44844510470937], [79.98947427606637, 14.448446318444123], [79.98947410178492, 14.448447522784512], [79.98947384406875, 14.448448714110503], [79.98947350480593, 14.44844988519782], [79.98947308494863, 14.448451030626318], [79.98947258729622, 14.448452146791809], [79.9894720137286, 14.44845322827814], [79.9894713670574, 14.448454268769048], [79.98947065007793, 14.448455265564403], [79.98946986560185, 14.448456212347981], [79.9894690182839, 14.448457105523543], [79.98946811092348, 14.448457941486971], [79.98946714725176, 14.448458715734022], [79.98946613285118, 14.448459424672494], [79.98946507144069, 14.448460066510254], [79.9894639686068, 14.448460636751026], [79.98946282899611, 14.448461133606662], [79.98946165725934, 14.448461554385], [79.98946045897074, 14.448461897301847], [79.98945923970054, 14.448462161477051], [79.98934818727906, 14.448482406706354], [79.989275876185, 14.44849558844922], [79.98927526441837, 14.44849567894126], [79.98927464911657, 14.448495730544348], [79.98927403028779, 14.448495741450413], [79.98927341256638, 14.448495712583393], [79.98927279873948, 14.448495643051189], [79.9892721906543, 14.448495534669805], [79.98927159109799, 14.448495386547169], [79.9892710037772, 14.448495199603226], [79.98927042961557, 14.448494974745964], [79.98926987231566, 14.448494713799363], [79.9892693346605, 14.448494416775363], [79.98926881756559, 14.448494086389992], [79.98926832474164, 14.448493722659197], [79.98926785803589, 14.448493327398975], [79.98926741929549, 14.448492902425343], [79.98926701036362, 14.448492450458303], [79.98926663308745, 14.448491973313896], [79.98926628931831, 14.448491471904097], [79.98926598089521, 14.448490949852943], [79.98926570873768, 14.448490408972496], [79.98926547468882, 14.448489851982766], [79.9892652787446, 14.448489279787768], [79.98924315313859, 14.448390666010342], [79.98921299103768, 14.448400441302756], [79.98922126069061, 14.448427529326636], [79.9892439259311, 14.448501767028054], [79.98924419699483, 14.448502755404554], [79.9892444095489, 14.448503757994729], [79.98924456454144, 14.448504770282437], [79.98924465920571, 14.448505788639629], [79.98924741123952, 14.448550867835117], [79.98924533894973, 14.448581011452886], [79.98924275639413, 14.448596169292195], [79.98923608062508, 14.448619991085932], [79.98923572110677, 14.448621127732325], [79.98923528470469, 14.448622238735718], [79.98923477515002, 14.448623319591906], [79.98923419339496, 14.448624364880748], [79.9892335422389, 14.448625370998066], [79.98923282448533, 14.448626333435675], [79.9892320438654, 14.448627247689384], [79.98923120225491, 14.44862810924701], [79.98923030522819, 14.448628916324399], [79.98918953628556, 14.448663205309364], [79.98915548142367, 14.44864896971791], [79.98913940954823, 14.4486551956089], [79.98912988260103, 14.448658349619281], [79.98917821799436, 14.448681953590357], [79.98919911920333, 14.448697357726363], [79.98924915159705, 14.448737549995107], [79.98920768399083, 14.448680678736114], [79.98928745463371, 14.448638583405472], [79.98931697043706, 14.448704530590565], [79.98933393212546, 14.448742430266657], [79.98933455114464, 14.448744020419399], [79.98935381976932, 14.44879348274063], [79.98936842965863, 14.448830988109119], [79.98937181916406, 14.448839688681943], [79.98937672361063, 14.4488549627128], [79.98938707317086, 14.448887195515203], [79.98939871174687, 14.448923441463698], [79.98940469203923, 14.448942067775608], [79.98941375455564, 14.448967388176948], [79.98942406485058, 14.448996198107201], [79.9894398619585, 14.449040336095152], [79.98944320770875, 14.449049071737129], [79.98945447450224, 14.44907849238092], [79.98946479597221, 14.449105446359779], [79.9894748781469, 14.449131772810935], [79.98948173551186, 14.449150931747539], [79.98949438293496, 14.449186267128812], [79.98952009006771, 14.449258087791124], [79.98954631209449, 14.449331346277916], [79.98956481007087, 14.44938302651114], [79.9895756591228, 14.449413335839997], [79.98958702946082, 14.449445102911424], [79.98960490814076, 14.449495051958205], [79.9896224185336, 14.449543972432958], [79.98963322179087, 14.449574154093417], [79.98965740635573, 14.449641721929805], [79.98967203180302, 14.44968258315341], [79.98968468752429, 14.44971794206724], [79.98969832538289, 14.449756040822814], [79.9897182471213, 14.44981169951176], [79.98972138402651, 14.449820464088422], [79.98973160424241, 14.44985136467056], [79.98974269962895, 14.449883423466567], [79.98975240121392, 14.44991145781945], [79.98976755526085, 14.449955245880417], [79.98978834308734, 14.45001531367442], [79.9898026335896, 14.45005660468335], [79.98982127213645, 14.450110461532091], [79.98983262394562, 14.450143264546638], [79.98984967915098, 14.450192545577059], [79.98986315554536, 14.450231487103816], [79.9898741786172, 14.450263337655228], [79.98989908835404, 14.450335316689305], [79.98991685879801, 14.450386664710043], [79.98993453767984, 14.450437746548836], [79.98995156910811, 14.450486960572388], [79.98996679831366, 14.45053096681951], [79.99006739183254, 14.450821632579567], [79.99011250920039, 14.450902444828433], [79.99012471803246, 14.450921947625366], [79.99018343833524, 14.451015753205407], [79.99019027226487, 14.451028824207077], [79.99020730925592, 14.45106141200534], [79.99022392039164, 14.451093186147602], [79.99023590230756, 14.451116104341349], [79.99028396520353, 14.451208035342843], [79.99023441833903, 14.451230501769412], [79.99021009855896, 14.451241528993462], [79.99012763197129, 14.451278923759848], [79.99012356049481, 14.451280712581886], [79.99011182044983, 14.451249222390889], [79.99008367387194, 14.451173724528008], [79.9900713188823, 14.451128850071683], [79.99005450328082, 14.45106777595101], [79.99004944117635, 14.451049388639312], [79.99001462835862, 14.45096910150687], [79.98999333558729, 14.450937215068256], [79.9899478335567, 14.450869075816332], [79.98993042486836, 14.450843004549972], [79.98992908090554, 14.450840267677323], [79.9899049603799, 14.450791144398766], [79.98988636370721, 14.450753271194163], [79.98986931323388, 14.45071854797151], [79.98986893569355, 14.450717717346349], [79.98986859440281, 14.450716871507918], [79.98985617281191, 14.45068326835078], [79.98984175872026, 14.450644273080506], [79.98980092230852, 14.45053380125868], [79.98978650731914, 14.450494803269745], [79.98977070746601, 14.45045206112875], [79.98975790096459, 14.450417416668857], [79.98975387886837, 14.450407451345315], [79.98973260876305, 14.450354745805171], [79.98971487267592, 14.45031079659874], [79.98969095667672, 14.450251533542387], [79.9896870553586, 14.45024255775763], [79.98967136376352, 14.450206459878915], [79.9896517185221, 14.450161265752152], [79.98962947577029, 14.45011009742462], [79.98961716307724, 14.450081770712478], [79.9896154711671, 14.450078020723366], [79.98958388336551, 14.450008003724689], [79.98958141531253, 14.450002532727254], [79.98955836697019, 14.449956580876707], [79.9895339367382, 14.449907872098258], [79.98951312723815, 14.449866382252225], [79.98951223905668, 14.449864613753194], [79.98951175305966, 14.449863559364083], [79.98951133676623, 14.449862477248631], [79.98951099201541, 14.449861371030906], [79.98951072064217, 14.44986024523897], [79.98950471590996, 14.449831207878841], [79.98949378863031, 14.449778369489701], [79.98947739047097, 14.449699073452386], [79.98947067486263, 14.449666601299775], [79.98946706695335, 14.449649152282621], [79.98946459755948, 14.44963781766327], [79.9894592552272, 14.449613297928108], [79.98945483903931, 14.449593027545616], [79.98944217062349, 14.449554737663693], [79.98943401970577, 14.449530103724692], [79.98942289160499, 14.449496469031741], [79.98940140876027, 14.449431539005893], [79.98938572747281, 14.449384143345673], [79.98936567054855, 14.449323523576664], [79.98935382402557, 14.44928771700317], [79.98933875685726, 14.449242179068575], [79.98932095296679, 14.449194174016105], [79.98930745316353, 14.449157777241801], [79.98929402761694, 14.449121577866547], [79.9892846192852, 14.449096210775807], [79.9892742494925, 14.449068253096675], [79.98924565881474, 14.448991165751409], [79.98923112792934, 14.448951987333942], [79.98921487852921, 14.448908175561385], [79.98919584925797, 14.448856869108061], [79.98917798126169, 14.448808692004011], [79.98916555205388, 14.448775174669185], [79.98914395819497, 14.448784333990183], [79.98915483572452, 14.448813660763436], [79.98917984266913, 14.448881085712776], [79.98919627995394, 14.4489254036527], [79.98922558643, 14.449004420586702], [79.98925571965096, 14.449085665911316], [79.98927400379388, 14.449134964903704], [79.98928877116577, 14.449174780779014], [79.98930604804548, 14.449221362419047], [79.98931651590622, 14.449249587210117], [79.9893195745458, 14.449258832405595], [79.98933146774941, 14.44929477749911], [79.98934708862153, 14.449341989382557], [79.98935840340133, 14.449376189905255], [79.989361329346, 14.449385032232495], [79.98937430892053, 14.449424260943944], [79.98938841694414, 14.449466903636896], [79.98940079889513, 14.44950432531628], [79.98940282791843, 14.449510459806836], [79.98941367779996, 14.449543251644238], [79.98942649814099, 14.449581999624195], [79.98942918246284, 14.449590114064788], [79.98943210108497, 14.449598935566959], [79.98943807689172, 14.449626363610077], [79.98944405269566, 14.449653792557077], [79.98944480715235, 14.449657439081617], [79.98945491731234, 14.449706328729238], [79.98946127430813, 14.449737066295826], [79.98946733169173, 14.449766357918383], [79.98948364359002, 14.449845239534916], [79.98948828016252, 14.449867656153364], [79.98948855153564, 14.449868781945304], [79.98948889535866, 14.44986988815908], [79.98948931257969, 14.44987097027854], [79.98948979857661, 14.449872024667705], [79.98950188451359, 14.449896119497106], [79.98952213040073, 14.449936485914899], [79.98954595748378, 14.449983992444174], [79.98956009284369, 14.450012174193482], [79.98956310925018, 14.450018860767017], [79.98958674268734, 14.450071246480068], [79.9895955852547, 14.450090846060249], [79.98961399645742, 14.45013320072742], [79.98962734301934, 14.450163904983379], [79.9896480377307, 14.450211512884009], [79.9896651231107, 14.450250817049277], [79.98966919796196, 14.450260192260973], [79.98967251545353, 14.450268411571408], [79.98968493216574, 14.450299181448342], [79.9896955617023, 14.450325521088114], [79.98972691729918, 14.45040321691437], [79.98973590552716, 14.450425490366571], [79.98973880447542, 14.450433331800049], [79.98975099599392, 14.450466311994818], [79.98975353108129, 14.450473170078423], [79.989767734354, 14.450511593998627], [79.98978067191761, 14.450546594308602], [79.98978207052244, 14.450550378296676], [79.98979972083222, 14.450598126819106], [79.98980909224095, 14.450623477462436], [79.98982021602967, 14.450653570086581], [79.98983495273625, 14.450693437333564], [79.98983529031196, 14.450694284060145], [79.98983567156698, 14.450695113797224], [79.98985149482016, 14.450727337508479], [79.9898774455758, 14.450780188771283], [79.98989290296802, 14.45081166869321], [79.98991241339336, 14.450851402717195], [79.9899230023088, 14.450867024758612], [79.98994468608677, 14.45089901593996], [79.9899628457664, 14.450925806426456], [79.98996623440529, 14.450930805841553], [79.98999832649619, 14.4509781515914], [79.99000673405175, 14.450997541364387], [79.99003210178063, 14.451056048511456], [79.99003378533844, 14.45106247352215], [79.99006455082633, 14.451179893997171], [79.99010515239831, 14.45128880078334], [79.98968259127642, 14.451474468205532], [79.98951165211133, 14.451549576897046], [79.98943983838143, 14.451326548232295], [79.98924777274263, 14.450783110308992], [79.98906876056095, 14.45025493425507], [79.9889177828472, 14.449803912699798], [79.98872458198944, 14.449151324616523], [79.98863296536106, 14.448837906037333], [79.98861393551071, 14.448772802962777], [79.98845638729698, 14.448233828589546], [79.9882076568815, 14.447413769435109], [79.98798043688193, 14.446610504623816], [79.9878517870511, 14.446148489444147], [79.98772565666454, 14.445768655187218], [79.9877258620039, 14.445768584649956], [79.98778006323505, 14.445749964579052], [79.98779461413007, 14.445791802844868], [79.98778931985096, 14.445774763328119], [79.98778219680283, 14.44575183878126], [79.98768169763301, 14.445504557608661], [79.98731978484665, 14.444445283931884], [79.98711215970772, 14.443788519437236], [79.98693540922406, 14.443338715060106], [79.98698291354533, 14.44332365539794], [79.98698001583948, 14.443313118090508], [79.98712994512282, 14.443267837117787], [79.98716328046304, 14.443259847609303], [79.98726914276737, 14.443596371874754], [79.98729154452303, 14.443589804438757], [79.98727412127936, 14.443537198422437], [79.98727307980049, 14.443534054210486], [79.98725815044402, 14.443488976015924], [79.98724537633272, 14.443450408045557], [79.98724098666905, 14.443435820551155], [79.98723016192552, 14.443399851939981], [79.98721826238295, 14.443360313169432], [79.98720155551267, 14.443304799212761], [79.98719898458367, 14.44329625853167], [79.98718097444471, 14.44323641313396], [79.98717938876094, 14.443231142989156], [79.98717719920302, 14.443224222181364], [79.987157086177, 14.443160651230313], [79.9871301465712, 14.443075504011729], [79.98720415995608, 14.443070561437702], [79.987268473347, 14.443066266042347], [79.98735289936764, 14.443067606953216], [79.98735259299677, 14.443057201020082], [79.98727341542669, 14.44305594413508], [79.98726819480592, 14.443055861132942], [79.98722749992608, 14.44305857920965], [79.987126917115, 14.443065296159302], [79.98710338259593, 14.442990909914942], [79.98708412750838, 14.442930049346796], [79.98714698393457, 14.44292708660684], [79.98722463261582, 14.442923427111317], [79.98724024645759, 14.44292403572203], [79.98728622075726, 14.44292582708442], [79.98732500029483, 14.442927338914822], [79.9873678828187, 14.44293196018925], [79.98737942312046, 14.442933204008035], [79.98739562251177, 14.442850719217548], [79.98739792680986, 14.442847451965477], [79.98738417611989, 14.442844712406973], [79.98738337324674, 14.44284931866688], [79.9873778979623, 14.442880717829182], [79.98737104550605, 14.44292001782412], [79.98737083781978, 14.442919992522715], [79.98732598673718, 14.442914555481925], [79.987300340859, 14.442913555718237], [79.98724939877178, 14.44291157124559], [79.987224577457, 14.442910603945956], [79.98718536526734, 14.442912451467382], [79.9871372881127, 14.442914717428852], [79.9870801288706, 14.442917411740376], [79.98704499999677, 14.442806379151884], [79.98710422313951, 14.442788959644133], [79.98712086190801, 14.44278406614832], [79.98713142004154, 14.44273686900921], [79.98712524018337, 14.442700707904313], [79.98707426500141, 14.442379672455434], [79.98727793834672, 14.442435773725624], [79.9873334631556, 14.442451067288955], [79.9873481758219, 14.442455242984082]]}}, {"type": "Feature", "id": "w16-road-12", "properties": {"wardId": "ward-16", "segmentId": "w16-road-12", "lengthMeters": 185.5}, "geometry": {"type": "LineString", "coordinates": [[79.98704781728833, 14.44289803125671], [79.98693992960804, 14.442927788785278], [79.98685556728049, 14.442952562151172], [79.98681341421378, 14.442958739985034], [79.98678776013625, 14.442961601292039], [79.98670529252529, 14.44268011513644], [79.98667908424741, 14.442624046808401], [79.98667845993432, 14.442617690519715], [79.98667913149792, 14.442613608946646], [79.98668107798032, 14.442608849399042], [79.98669657823032, 14.442588435875416], [79.98672241418971, 14.442564239070327], [79.98691391704769, 14.442384887629048], [79.98695466273116, 14.442346727765258], [79.98696362778078, 14.442349197263583], [79.98703782756807, 14.442369635596526], [79.98704808393417, 14.442434225542154], [79.98706100380238, 14.442515597812077], [79.98707621291518, 14.442611382208186], [79.98709124164365, 14.442706030351761], [79.98709166007794, 14.442708479390921], [79.98709636681235, 14.442736021360172], [79.9870853399714, 14.442785317476034], [79.98701838730261, 14.44280501087456], [79.98704781728833, 14.44289803125671]]}}, {"type": "Feature", "id": "w16-road-13", "properties": {"wardId": "ward-16", "segmentId": "w16-road-13", "lengthMeters": 278.6}, "geometry": {"type": "LineString", "coordinates": [[79.99715834620126, 14.442973527000184], [79.99702047896355, 14.443040061134052], [79.99692761391562, 14.44284030884644], [79.99688193902453, 14.442742061839157], [79.99660997159883, 14.442157057195997], [79.99660985133922, 14.442156774622317], [79.99660975152464, 14.44215648399927], [79.996609672143, 14.442156188038934], [79.99660961319424, 14.442155886741293], [79.9966095755939, 14.442155582822426], [79.99660955841026, 14.442155277182366], [79.99660956349052, 14.442154971637079], [79.9966095889794, 14.442154666178661], [79.99660963672002, 14.442154363527113], [79.99660970392536, 14.442154064574584], [79.99660979244265, 14.442153771137058], [79.99660990134016, 14.442153484114582], [79.99661003061387, 14.442153204411206], [79.99661017747263, 14.44215293382311], [79.9966103437637, 14.442152674166277], [79.99661052762771, 14.442152426336817], [79.99661072813696, 14.442152190330784], [79.99661094435166, 14.442151968856326], [79.99661117534818, 14.44215176100543], [79.99661142111033, 14.442151570394238], [79.99661167886322, 14.442151395202842], [79.99661194859469, 14.442151238143309], [79.99670816299448, 14.442099291780632], [79.99686114491205, 14.442023330559305], [79.99686142657721, 14.442023201575632], [79.99686171743396, 14.442023091615994], [79.9968620137716, 14.442023000664603], [79.99686231651374, 14.44202292962946], [79.9968626238051, 14.442022878502637], [79.99686293378626, 14.442022848180283], [79.99686324460595, 14.442022837750448], [79.9968635562642, 14.442022847213169], [79.99686386597394, 14.442022877460616], [79.99686417281156, 14.442022927584809], [79.99686447584537, 14.442022998485832], [79.99686477322811, 14.442023088347735], [79.99686506403215, 14.442023197166568], [79.99686534640216, 14.442023324934427], [79.99686561941046, 14.442023471647376], [79.99686588121389, 14.442023634585448], [79.99686613180435, 14.442023815556672], [79.99686636933866, 14.442024011841093], [79.9968665919615, 14.442024223430801], [79.99686680060863, 14.44202444852168], [79.99686699249706, 14.442024687101922], [79.99686716855852, 14.442024938271436], [79.99686732602215, 14.442025199306276], [79.99686746581159, 14.442025471114421], [79.99701463388173, 14.442337720504417], [79.99704968340887, 14.442412085343433], [79.99709762394586, 14.442513801738377], [79.99709913286205, 14.44251700214676], [79.99714383293035, 14.442616673359032], [79.99718689533337, 14.442712693394737], [79.99719274163905, 14.442725729272176], [79.99723328090442, 14.44281053926656], [79.99728254127497, 14.442913591998876], [79.99715834620126, 14.442973527000184]]}}, {"type": "Feature", "id": "w16-road-14", "properties": {"wardId": "ward-16", "segmentId": "w16-road-14", "lengthMeters": 433.9}, "geometry": {"type": "LineString", "coordinates": [[79.99639782047983, 14.442168591852115], [79.99637514681746, 14.442180640240961], [79.99626975792842, 14.442236639096508], [79.99626947157572, 14.442236778908008], [79.99626917696321, 14.442236898795363], [79.9962688740909, 14.442236998758574], [79.99626856481414, 14.442237078805544], [79.99626825006868, 14.442237137132194], [79.99626793263344, 14.442237174654345], [79.9962676134402, 14.442237190471971], [79.99626729341655, 14.442237184589004], [79.99626697441785, 14.442237157013334], [79.99626665829538, 14.442237108656903], [79.99626634690446, 14.442237039527608], [79.99626604024914, 14.44223694872142], [79.99626574110431, 14.442236838058253], [79.99626545132527, 14.44223670754599], [79.99626516998036, 14.442236558084725], [79.99626490078019, 14.44223638969026], [79.99626464464836, 14.442236203270545], [79.99626440157681, 14.44223600063366], [79.99626417341678, 14.442235782691515], [79.99626396109998, 14.442235548544046], [79.99626376553789, 14.442235301811307], [79.9962635885858, 14.442235042501203], [79.99626343023971, 14.442234771517759], [79.99626329141911, 14.442234490672973], [79.99617094352152, 14.442029895565069], [79.99615846023426, 14.442001233930087], [79.99611540740827, 14.441902377790383], [79.99607136844072, 14.441801258238348], [79.99602915034777, 14.441704319502163], [79.99599403015529, 14.441623677455622], [79.99598296821796, 14.441598715790835], [79.99593649892385, 14.44149385578127], [79.99589400809394, 14.4413979754033], [79.99586033285603, 14.441321985377689], [79.99585251559158, 14.441304344917056], [79.99580168736115, 14.44117878088713], [79.99570697110282, 14.440944794112882], [79.99564628067155, 14.440810804839812], [79.99558634814247, 14.440678486744408], [79.99558623067998, 14.440678201470071], [79.99558613365838, 14.44067790905049], [79.99558605706959, 14.4406776112937], [79.9955860009095, 14.440677309103718], [79.99558596610176, 14.440677003388542], [79.9955859535659, 14.440676695960182], [79.99558596143847, 14.440676388618767], [79.99558599156671, 14.440676083180273], [79.99558604209527, 14.440675779636798], [79.99558611393967, 14.440675480704355], [79.99558620709584, 14.440675187286974], [79.99558631970442, 14.440674900280785], [79.99558645268493, 14.4406746214978], [79.99558660417804, 14.440674351834131], [79.99558677510328, 14.440674093101768], [79.99558696267358, 14.440673846192906], [79.9955871668809, 14.440673612915603], [79.9955873877252, 14.44067339326984], [79.99558762334709, 14.440673188151735], [79.99558787188319, 14.44067299936145], [79.99558813332943, 14.440672827802999], [79.99558840675407, 14.44067267437648], [79.99558868937419, 14.440672539070002], [79.99558898118568, 14.440672422787623], [79.99572754207374, 14.440622442704981], [79.99585766039932, 14.440575507557485], [79.99585796697605, 14.44057540851448], [79.99585827902139, 14.440575331191829], [79.99585859561175, 14.440575274681546], [79.99585891581543, 14.44057523988371], [79.99585923777713, 14.440575226790425], [79.99585956056914, 14.440575235397723], [79.99585988140855, 14.440575265693768], [79.99586019936768, 14.440575317674599], [79.9958605125912, 14.440575391332333], [79.99586081922787, 14.440575485754998], [79.99586111927769, 14.44057560094264], [79.99586141088939, 14.440575735983291], [79.99586169128001, 14.440575890865123], [79.99586196045766, 14.44057606378007], [79.99586221563938, 14.440576254716278], [79.99586245775687, 14.440576462773679], [79.99586268403525, 14.440576686132355], [79.99586289354691, 14.440576924788363], [79.9958630862999, 14.440577176933662], [79.99586326044708, 14.440577440752262], [79.99586341506075, 14.44057771624024], [79.99586354922138, 14.440578001585587], [79.99595312401561, 14.440786618818581], [79.99615377239859, 14.441234602697847], [79.99618357437987, 14.441301141589513], [79.99618841378147, 14.441312171646244], [79.99622951655294, 14.441405858281106], [79.99627613738842, 14.441512121058457], [79.99634410403472, 14.441667035443523], [79.99644626992765, 14.441915842076137], [79.99652032801669, 14.44209619593748], [79.99652043709963, 14.442096488408122], [79.99652052388625, 14.442096788016181], [79.99652059024402, 14.442097092057484], [79.9965206343176, 14.44209740052415], [79.99652065704686, 14.44209771070805], [79.99652065843578, 14.442098021705123], [79.99652063663721, 14.442098331699443], [79.99652059351048, 14.442098639794896], [79.99652052905965, 14.442098945087409], [79.9965204423733, 14.442099243956976], [79.99652033530263, 14.442099537315487], [79.9965202078599, 14.442099822450873], [79.99652006097675, 14.442100098463065], [79.99651989373363, 14.442100363540048], [79.99651970891357, 14.442100617693658], [79.99651950745634, 14.442100858215804], [79.9965192884343, 14.442101085102504], [79.99651905371493, 14.442101295649575], [79.99651880514952, 14.442101490768962], [79.99651854366978, 14.442101669560568], [79.9965182702155, 14.442101829316266], [79.99639782047983, 14.442168591852115]]}}, {"type": "Feature", "id": "w16-road-15", "properties": {"wardId": "ward-16", "segmentId": "w16-road-15", "lengthMeters": 3991.4}, "geometry": {"type": "LineString", "coordinates": [[79.99556605201249, 14.44061883371343], [79.99556573097436, 14.440618847714282], [79.99556541003764, 14.440618839114489], [79.9955650910495, 14.44061880972997], [79.99556477401401, 14.440618758656722], [79.99556446171415, 14.440618685906575], [79.99556415600117, 14.440618592391505], [79.99556385687508, 14.440618478111487], [79.99556356618307, 14.440618344882465], [79.99556328671217, 14.440618191812304], [79.9955630175266, 14.440618020705083], [79.99556276233702, 14.440617831576612], [79.99556252021168, 14.440617625326968], [79.99556229392545, 14.440617403776075], [79.99556208347835, 14.440617166923914], [79.99556189071349, 14.440616917490482], [79.9955617165626, 14.440616654575711], [79.99556156008587, 14.440616380887699], [79.99556142498986, 14.440616097346325], [79.99540852602748, 14.44026601384699], [79.99535175997113, 14.440289559141817], [79.9954378155149, 14.440486597915658], [79.99550332555536, 14.440636593075249], [79.9955034383835, 14.44063687742583], [79.99550353170245, 14.440637168021574], [79.9955036036569, 14.440637464854602], [79.9955036551867, 14.440637765216763], [79.99550368629586, 14.440638068204056], [79.99550369606082, 14.440638372908484], [79.99550368541733, 14.440638677525934], [79.99550365251415, 14.4406389811445], [79.99550359921872, 14.44063928105999], [79.99550352553109, 14.440639577272425], [79.99550343145934, 14.440639867973745], [79.99550331793519, 14.44064015226384], [79.99550318404316, 14.440640427426727], [79.9955030316345, 14.440640694374306], [79.9955028616531, 14.44064094949444], [79.99550267409488, 14.440641193691157], [79.99550246989563, 14.440641425160333], [79.99550225091878, 14.440641642101847], [79.99550201623666, 14.440641844511742], [79.99550176956801, 14.44064203059774], [79.99550150905753, 14.440642200352002], [79.99550123841989, 14.44064235288625], [79.9955009576632, 14.440642486392472], [79.99550066771107, 14.440642601778633], [79.99538076374137, 14.440685852878763], [79.99540163199296, 14.440740797387996], [79.99551907154864, 14.44069766596033], [79.99551937441503, 14.440697566901965], [79.99551968275813, 14.44069748775592], [79.99551999657385, 14.440697429426201], [79.99552031400694, 14.440697391904907], [79.99552063319797, 14.440697376088165], [79.99552095229167, 14.44069738196805], [79.99552127128803, 14.440697409544585], [79.99552158648046, 14.440697457897903], [79.99552189786898, 14.44069752702804], [79.99552220359422, 14.440697617831093], [79.99552250180895, 14.440697728491115], [79.99552279251726, 14.440697858104077], [79.99552307293212, 14.440698007562139], [79.99552334120224, 14.440698175953376], [79.99552359826342, 14.440698361473702], [79.99552384133675, 14.440698563207192], [79.99552406856282, 14.440698782050005], [79.99552428088556, 14.440699014389963], [79.99552447644557, 14.44069926112321], [79.99552465339566, 14.440699520433773], [79.99552481174393, 14.44069979051359], [79.9955249505668, 14.440700070454715], [79.99558119406157, 14.44082424368208], [79.99563644922924, 14.440946233941697], [79.99564687783523, 14.440969259171405], [79.99569061451368, 14.441077305189312], [79.99571586802077, 14.441139689655751], [79.99574375019107, 14.441208570930211], [79.995792326824, 14.441328572740753], [79.99583792079953, 14.441431458229397], [79.99589160852422, 14.441552607330797], [79.99593417192519, 14.441648652554825], [79.9961111705933, 14.442055066339798], [79.99615545870708, 14.442153185521338], [79.99620623553899, 14.442265679507134], [79.99620635208343, 14.442265962969211], [79.99620644818684, 14.442266253576594], [79.99620652478498, 14.442266549525181], [79.99620658002661, 14.442266849903037], [79.99620661484748, 14.442267152906076], [79.99620662831991, 14.442267458530326], [79.99620662046013, 14.442267763159691], [79.9962065912641, 14.442268067698176], [79.99620654167568, 14.44226836853367], [79.99620647076316, 14.442268666566202], [79.99620637947041, 14.44226895818364], [79.9962062687251, 14.442269243389932], [79.99620613853128, 14.442269521281046], [79.99620598890114, 14.442269789144907], [79.9962058207623, 14.442270046985465], [79.99620563597415, 14.44227029390659], [79.99620543362121, 14.442270527192267], [79.99620521648646, 14.442270746854321], [79.996204984578, 14.442270951084723], [79.99620473881944, 14.442271140791423], [79.99620448015064, 14.442271313266321], [79.99620421042687, 14.442271468517294], [79.99601454204684, 14.442372249050225], [79.99601426591838, 14.442372384384702], [79.99601398059438, 14.442372501599158], [79.99601368793421, 14.442372599797435], [79.9960133897932, 14.442372678987441], [79.99601308617542, 14.44237273826518], [79.99601277985978, 14.442372778546474], [79.9960124717821, 14.442372798027254], [79.99601216193827, 14.442372797611547], [79.99601185311128, 14.442372777311201], [79.99601154715653, 14.442372737134132], [79.99601124407396, 14.442372677080321], [79.9960109457189, 14.442372597157679], [79.99601065394262, 14.442372498278134], [79.99601036874516, 14.442372380441704], [79.99601009290542, 14.44237224456423], [79.99600982642343, 14.442372090645756], [79.99600957207404, 14.44237192050616], [79.99600932892962, 14.44237173414149], [79.99600909884545, 14.442371531559674], [79.99600888366474, 14.442371315480663], [79.9960086843192, 14.442371085004401], [79.99600850079665, 14.442370842842957], [79.99593460072307, 14.442266195061277], [79.99593445974345, 14.44226598201043], [79.99593433085184, 14.442265762682752], [79.995934214984, 14.442265535274164], [79.99593411212781, 14.442265302496724], [79.99591893787246, 14.442228113293993], [79.99587841695178, 14.442128800511085], [79.99582814592804, 14.442144726252153], [79.99582882042449, 14.442148018941436], [79.9958878803862, 14.442292768398811], [79.9958886003956, 14.442294394224843], [79.99588941522542, 14.44229597615663], [79.9958903239723, 14.442297508766089], [79.99589132108649, 14.442298988413384], [79.99589240566873, 14.442300408766393], [79.9959998118934, 14.442432946197941], [79.9960012193519, 14.442434564103333], [79.99600273950381, 14.442436083043873], [79.99600436403257, 14.442437495751825], [79.99600608462168, 14.442438794959378], [79.99600789387817, 14.442439974306772], [79.9960097834774, 14.442441028334233], [79.99601072953516, 14.442441481673741], [79.99601174323536, 14.442441952478198], [79.99601376389968, 14.442442741274986], [79.99601583620593, 14.442443391972999], [79.99601794997002, 14.442443900008621], [79.99602009499175, 14.442444264434389], [79.99602039440838, 14.442444314528096], [79.99602069095687, 14.442444383594509], [79.99602098185015, 14.442444472525798], [79.99602126617276, 14.442444578605931], [79.99602154206124, 14.442444703635072], [79.99602180952371, 14.44244484580515], [79.99602206763655, 14.442445004208196], [79.99602231361271, 14.442445179736392], [79.99602254746438, 14.442445369677642], [79.99602276733215, 14.442445574928067], [79.99602297415584, 14.442445792779555], [79.99606298315867, 14.442491107528683], [79.99607078061497, 14.442499937991402], [79.9960709347119, 14.442500122168648], [79.99607107856804, 14.442500314438686], [79.99607121219148, 14.442500512993439], [79.99607133465051, 14.442500718732983], [79.99620135230002, 14.44273258115956], [79.99621909139051, 14.442765489773409], [79.99637599984106, 14.443056589304287], [79.99650750839643, 14.443300563991535], [79.9961284094919, 14.443494624532926], [79.99624305133769, 14.443712409689144], [79.99630724178414, 14.443838388552768], [79.99636100651246, 14.443935704591452], [79.99636319687667, 14.443941063146656], [79.9963922809623, 14.44401220597341], [79.99640533462674, 14.444048998287546], [79.99641012768247, 14.444068516212552], [79.99641673188913, 14.444095415231882], [79.99645160696099, 14.444227317286492], [79.99648283697616, 14.444389472111054], [79.99648288475251, 14.444389782401547], [79.99648291118025, 14.444390095313272], [79.99648291533978, 14.444390409034211], [79.99648289630751, 14.444390722656419], [79.99648285595093, 14.444391033475682], [79.99648279241471, 14.444391341484144], [79.996482708494, 14.444391643981517], [79.99648260233752, 14.444391940055914], [79.99648247580468, 14.444392228811196], [79.99648232890357, 14.444392508439323], [79.99648216257404, 14.444392776232142], [79.99648197681202, 14.44439303309369], [79.99648177348097, 14.444393277223808], [79.99648155352071, 14.444393505914377], [79.99648131785487, 14.444393720073387], [79.99648106835097, 14.444393916996626], [79.99648080408132, 14.444394096680158], [79.99648052782894, 14.444394259135843], [79.99648024146134, 14.444394401659475], [79.9964799449785, 14.44439452425109], [79.9962841659086, 14.44446801922853], [79.99628386766754, 14.444468120115328], [79.99628356302195, 14.444468201085904], [79.99628325290357, 14.444468261240145], [79.99628294009541, 14.44446830058992], [79.99628262459342, 14.444468320039267], [79.99628230826107, 14.444468317788026], [79.99628199387729, 14.444468294752067], [79.99628168144213, 14.4444682509314], [79.99628137188321, 14.444468186329969], [79.99628106891124, 14.444468100963592], [79.99628077159048, 14.444467996636348], [79.99628048270793, 14.44446787245608], [79.99628020318727, 14.444467729330771], [79.99627993395612, 14.444467567264338], [79.99627967685771, 14.444467388976818], [79.99627943282374, 14.44446719356808], [79.99627920277783, 14.44446698194614], [79.99627898856724, 14.444466755926927], [79.9962787901879, 14.444466516414478], [79.9962786094911, 14.444466264320736], [79.99627844647277, 14.44446600054969], [79.9962783020525, 14.444465726913378], [79.9962781771539, 14.444465444319775], [79.9962780727006, 14.444465153676854], [79.99623661057342, 14.444336266560653], [79.99622503717355, 14.444294793075763], [79.99618668683293, 14.444157366950796], [79.99613871864322, 14.4441714691365], [79.99614068163255, 14.444178501918257], [79.9961591501032, 14.444244684267606], [79.99617885025557, 14.444315277267481], [79.99618853279009, 14.44434997502833], [79.99620115979873, 14.444389227246115], [79.99623268388359, 14.44448722154464], [79.99623276881924, 14.444487520240866], [79.99623283239812, 14.44448782336633], [79.99623287369666, 14.444488130013095], [79.99623289457422, 14.444488439285005], [79.99623289318764, 14.444488748462094], [79.99623286953691, 14.444489057544374], [79.99623282456186, 14.44448936382367], [79.99623275919424, 14.444489666399967], [79.99623267158273, 14.444489964361297], [79.9962325635908, 14.444490255907526], [79.99623243523061, 14.444490538326553], [79.99623228742578, 14.444490812526379], [79.99623212111614, 14.444491075798851], [79.99623193630171, 14.444491328144005], [79.99623173392231, 14.444491566853676], [79.99623151583327, 14.444491791935796], [79.99623128204273, 14.444492001582285], [79.99623103441007, 14.444492194897041], [79.99623077386298, 14.444492371883996], [79.99623050040954, 14.444492530735104], [79.99623021776452, 14.444492670562145], [79.99622992499617, 14.444492792265208], [79.99619999648036, 14.444504026819258], [79.99619970185259, 14.44450414941839], [79.9961994164164, 14.444504291041598], [79.99619914109948, 14.444504451692815], [79.99619887868889, 14.444504630479878], [79.99619862918868, 14.44450482649877], [79.99619839445825, 14.444505038853366], [79.99619817542934, 14.44450526664357], [79.99619797211005, 14.444505508061338], [79.99619778728339, 14.44450576311853], [79.99619762095749, 14.444506030007094], [79.99619747314046, 14.444506306918973], [79.9961973456876, 14.444506593862071], [79.9961972395388, 14.44450688812826], [79.99619715377044, 14.444507188809547], [79.9961970893142, 14.444507495005881], [79.99619704710996, 14.444507804009115], [79.9961970271577, 14.444508115819268], [79.99619702946555, 14.444508428628255], [79.99619705311797, 14.44450873972007], [79.99619709904671, 14.444509048194655], [79.99619716725175, 14.444509354051956], [79.99621008112271, 14.444559111576567], [79.9962569235073, 14.444739588271736], [79.99625745060493, 14.444741619191007], [79.99628037114175, 14.444834072118992], [79.99629803343122, 14.444905241348124], [79.99632190230201, 14.444991236206379], [79.99632197515383, 14.444991540275376], [79.9963220266529, 14.4449918478696], [79.99632205587156, 14.44499215898511], [79.99632206282196, 14.444992470909844], [79.99632204750816, 14.44499278273974], [79.99632201086594, 14.444993092670714], [79.9963219519717, 14.4449933997948], [79.99632187176525, 14.444993701403869], [79.9963217702466, 14.444993997497903], [79.99632164742387, 14.444994286268848], [79.99632150516454, 14.444994565012534], [79.9963213434646, 14.444994834632991], [79.99632116233617, 14.444995092418138], [79.99632096456637, 14.444995337475799], [79.99632074923154, 14.444995568898008], [79.99632051819516, 14.444995784884592], [79.99632027238896, 14.44499598453548], [79.9963200127406, 14.44499616785462], [79.9963197411176, 14.444996332137862], [79.99631945843953, 14.44499647919718], [79.99631916564624, 14.444996606324455], [79.99631711273919, 14.444997416645233], [79.99629619513154, 14.44500175918291], [79.99627964129239, 14.445002193137551], [79.99625328586906, 14.44499653548418], [79.99623521394186, 14.444989401547586], [79.9962210532075, 14.44498308615519], [79.99621353260501, 14.444979731762182], [79.99618511073004, 14.44497356174751], [79.99614165988959, 14.444973881126764], [79.99611089229946, 14.444978166322432], [79.99601915176736, 14.445002795833876], [79.99596158914328, 14.445021663898245], [79.99585973175732, 14.445055052013636], [79.99585712481947, 14.445055906075899], [79.99574596348783, 14.445085178164796], [79.99566451228218, 14.44510662665444], [79.99563089154783, 14.44511473638798], [79.9955237504013, 14.445140580191099], [79.99549439702893, 14.445147660306374], [79.99543258378041, 14.44516257029659], [79.99541068568031, 14.445168129033005], [79.99528430023084, 14.445200214475], [79.9951887065913, 14.445224482784159], [79.99509034897211, 14.445249451653678], [79.99509004624541, 14.44524951816609], [79.99508974082498, 14.445249564778061], [79.99508943178316, 14.445249591485629], [79.99508912190701, 14.445249597396646], [79.99508881212017, 14.445249583419063], [79.99508850427797, 14.445249549560828], [79.99508819930813, 14.445249495825887], [79.99508789906594, 14.44524942222213], [79.99508760447506, 14.445249329657575], [79.9950873164672, 14.445249217232133], [79.99508703688963, 14.445249086761763], [79.99508676666998, 14.445248938250415], [79.99508650765958, 14.445248772610062], [79.99508626078202, 14.445248590748633], [79.9950860260373, 14.44524839266617], [79.99508580620035, 14.445248180182588], [79.99508560127116, 14.445247953297864], [79.99508541216522, 14.445247714728051], [79.99508523981427, 14.445247463573079], [79.99508508513787, 14.445247201644948], [79.99508494905557, 14.445246930755657], [79.99508483156738, 14.445246650905233], [79.9950847335888, 14.445246364809687], [79.9950321604817, 14.445073810044713], [79.99499321294128, 14.444945978549743], [79.99504796614396, 14.444923484379762], [79.99516994197957, 14.444882136409992], [79.99529552177307, 14.44483956700667], [79.99530284743007, 14.444837366152989], [79.99537060467216, 14.444817003025248], [79.99543823185024, 14.444796679100776], [79.9954998747588, 14.444778153105934], [79.9955805210698, 14.444753916781492], [79.99559553931175, 14.444749403613768], [79.99564350575051, 14.444735312389959], [79.99575387209595, 14.444702891783276], [79.99576632885379, 14.44469923285926], [79.99573815853361, 14.444624192910911], [79.99568102187399, 14.444640977098016], [79.9955716652794, 14.444673101832898], [79.99555041661259, 14.444679487841281], [79.99537102168009, 14.444733401561146], [79.99527000638983, 14.444763759044301], [79.99521076569901, 14.444783841134392], [79.99512698546472, 14.444812240647897], [79.99505756453848, 14.444835773419163], [79.99501859040241, 14.444848985261757], [79.99500941994924, 14.444852753083419], [79.99499135445511, 14.444863825614297], [79.99497067197755, 14.444884393001105], [79.99497046143821, 14.444884589184747], [79.99497023982768, 14.444884771760517], [79.9949700062183, 14.444884940724469], [79.99496976154177, 14.444885095176533], [79.99496950858516, 14.444885234224541], [79.99496924642085, 14.444885357864552], [79.99496897690821, 14.444885465200429], [79.99496870097897, 14.444885555332123], [79.99475858006998, 14.444947436857953], [79.9946290792005, 14.444985574793611], [79.99462876899175, 14.444985654834174], [79.99462845331034, 14.444985714058387], [79.99462813401573, 14.444985751570153], [79.99462781389089, 14.444985767381336], [79.99462749200818, 14.444985761487965], [79.99462717207419, 14.444985734809924], [79.99462685502476, 14.444985685543092], [79.99462654177944, 14.44498561549949], [79.99462623512125, 14.444985524690994], [79.99462593505017, 14.444985413117598], [79.9946256434175, 14.444985281691242], [79.9946253620786, 14.444985130419846], [79.99462509195301, 14.444984961115418], [79.99462483489607, 14.444984773785865], [79.99462459090374, 14.444984569335219], [79.99462436275091, 14.444984349583418], [79.99462415043759, 14.444984114530449], [79.99462395581101, 14.444983865992276], [79.99462377887113, 14.444983603968888], [79.9946236214571, 14.444983332084343], [79.99453013443562, 14.444807963785713], [79.99452109235946, 14.444791001516277], [79.99446232681962, 14.444689617265668], [79.99442617752739, 14.444627251281844], [79.99439673567025, 14.444574541975223], [79.9943444108848, 14.444480865030325], [79.99429440127189, 14.444389337825818], [79.99425435938142, 14.444316053350121], [79.99425289326668, 14.44431675405556], [79.99423535037224, 14.444325489095185], [79.99422648850424, 14.444331191952683], [79.9942192295441, 14.444337132181348], [79.99419629931101, 14.444355211020403], [79.99426630418903, 14.44448330533739], [79.99428362829376, 14.444515005414635], [79.99429534354424, 14.44453597949092], [79.99434808891912, 14.444630403172265], [79.99436544739352, 14.444661478697197], [79.99440276852305, 14.444725870226527], [79.99445879996858, 14.444822542703596], [79.99445881928726, 14.444822578947766], [79.99455459393965, 14.445002078565075], [79.99455472907725, 14.445002353066753], [79.99455484376945, 14.445002635617616], [79.99455493987567, 14.445002925321518], [79.9945550155446, 14.445003221266543], [79.99455506986081, 14.44500352073663], [79.99455510375192, 14.445003823735767], [79.9945551172301, 14.445004127551844], [79.9945551093718, 14.445004431276903], [79.994555080177, 14.445004734910944], [79.9945550296619, 14.445005034837832], [79.99455495967784, 14.445005331969542], [79.99455486838568, 14.445005622682029], [79.99455475763673, 14.445005907887262], [79.99455462744723, 14.445006183969117], [79.99455447874078, 14.44500645183558], [79.99455431152958, 14.445006708774576], [79.99455412766899, 14.44500695479402], [79.99455392623943, 14.445007188081911], [79.99455370910438, 14.445007406838092], [79.9945534781192, 14.445007611070482], [79.99455323328387, 14.445007800779111], [79.99455297553828, 14.44500797325581], [79.9945527067418, 14.445008127604513], [79.99455242874575, 14.445008264737137], [79.99455214062651, 14.445008383745698], [79.99455184517521, 14.445008482834028], [79.99445237080744, 14.44503837371103], [79.99438294969944, 14.4450592339216], [79.99437685867609, 14.445061252876942], [79.9942958859563, 14.445088093738118], [79.99415145634849, 14.44513596933068], [79.9941511590903, 14.445136057562253], [79.99415085542775, 14.44513612587754], [79.99415054814388, 14.445136174288418], [79.99415023817043, 14.445136201894822], [79.99414992643105, 14.445136209604742], [79.99414961570871, 14.445136197430042], [79.99414930600749, 14.445136164466714], [79.99414899917868, 14.445136111626683], [79.99414869708168, 14.445136038013842], [79.99414840063201, 14.445135946344251], [79.9941481107695, 14.445135833909779], [79.99414783026499, 14.445135703434381], [79.99414755819085, 14.445135554914092], [79.99414729732595, 14.445135389264838], [79.99414704952574, 14.445135206494495], [79.99414681385436, 14.445135008407194], [79.99414659216718, 14.445134795010853], [79.99414638631546, 14.445134567217396], [79.99414619629111, 14.445134326834893], [79.99414602301775, 14.44513407477132], [79.99414586741894, 14.445133811934651], [79.99414573041832, 14.445133539232893], [79.99412015048294, 14.445077956150314], [79.9940995913723, 14.445033280984875], [79.99407899642733, 14.444988530629441], [79.99403150967682, 14.444885343846197], [79.99401214859955, 14.444843273816806], [79.9939885403674, 14.444780194675658], [79.99392625093978, 14.444613766526993], [79.99392056201651, 14.444598566971278], [79.993932434869, 14.444588806977062], [79.99392272654543, 14.44450543986441], [79.99391298872733, 14.444421824917463], [79.99391054488252, 14.444400843392824], [79.99387393894027, 14.444169966236121], [79.99385949040145, 14.444080766790304], [79.99384681192957, 14.444002498455358], [79.9938312342255, 14.443906324013561], [79.99382822031797, 14.443887717688268], [79.99381983175655, 14.44383002651471], [79.9938092079182, 14.443756965198272], [79.99379760055362, 14.443677134726363], [79.9937869722344, 14.443604040844175], [79.99377720597509, 14.443536879357913], [79.99376748204229, 14.443465668841885], [79.99373802471054, 14.443249936883454], [79.99372181102046, 14.44313119660569], [79.99377255864793, 14.443123446828402], [79.99387970136083, 14.443106563751963], [79.99404832533807, 14.44307999312963], [79.9940653376033, 14.443208922661082], [79.99409284000365, 14.44341735966487], [79.9941417471229, 14.443788016445254], [79.99415159492808, 14.443862655613177], [79.9941597283478, 14.44392429455266], [79.99416768051995, 14.44398456670875], [79.99417688870439, 14.444054352953032], [79.99418599641055, 14.444123378467612], [79.99419798124413, 14.444214206417682], [79.99421004142565, 14.444305609660173], [79.99421232822789, 14.44432293998619], [79.9942171486014, 14.444318995423185], [79.99422748326303, 14.444312344181355], [79.99424591129453, 14.444303169034233], [79.99427243713029, 14.444290482783313], [79.99428269877757, 14.444285215317747], [79.99422554939916, 14.44385209195872], [79.99412213777306, 14.443068362114133], [79.99444110935465, 14.443018099547754], [79.9945772650317, 14.443905249646823], [79.99467939795177, 14.443890363584547], [79.99463059835631, 14.4435723976914], [79.99461900482973, 14.443496856987196], [79.99460754560117, 14.443422191969447], [79.99459520219462, 14.443341766230288], [79.99454306163283, 14.443002033876121], [79.99458851135088, 14.442994872453053], [79.99488842632287, 14.442953484339744], [79.99494643799898, 14.443285321359138], [79.99496031416153, 14.44336469318042], [79.99497330305314, 14.44343899134091], [79.99498623406254, 14.443512959278042], [79.99500225199189, 14.443604584596468], [79.99507710901298, 14.443592156761207], [79.99505965476138, 14.443492318413725], [79.99503153969175, 14.443331496643653], [79.99496364129374, 14.442943104808345], [79.99531408591852, 14.442894743545578], [79.9953272699776, 14.442892923851565], [79.99531795072524, 14.442828792851076], [79.99494689329107, 14.44287999895043], [79.99492784709948, 14.44276634634731], [79.99490830310623, 14.44264972364472], [79.99485376942013, 14.442324301168401], [79.99481795035744, 14.442110556351816], [79.99478318206397, 14.441903086458215], [79.99476835647057, 14.44178396158432], [79.99474908532626, 14.441629125201668], [79.99474905793683, 14.441628820422155], [79.99474905189173, 14.441628513925556], [79.9947490671828, 14.441628207519951], [79.99474910380194, 14.441627903013385], [79.9947491617451, 14.4416276013099], [79.99474924007245, 14.441627305117592], [79.99474933878803, 14.441627013532447], [79.99474945787559, 14.44162673017059], [79.9947495964075, 14.441626455028043], [79.99474975437967, 14.44162618900883], [79.99474992992464, 14.441625934817122], [79.99475012211471, 14.441625692448978], [79.99475033186944, 14.44162546371638], [79.99475055640585, 14.44162524860749], [79.99475079478408, 14.441625049830398], [79.99475104700824, 14.441624866481115], [79.9947513121425, 14.44162470036371], [79.99475158739982, 14.441624552370346], [79.99475187185257, 14.441624422497076], [79.99475216549668, 14.441624311647905], [79.9947524664687, 14.441624221623005], [79.99475277199377, 14.441624150602436], [79.99475308299144, 14.441624100398217], [79.99475339575513, 14.441624070090468], [79.99488234641272, 14.441616087606024], [79.99492289528956, 14.441618140913652], [79.99492869751866, 14.441618642988365], [79.99499254799946, 14.441624169527557], [79.99504705400884, 14.4416346492453], [79.99518455344008, 14.441683456198925], [79.99520793840823, 14.441651203769784], [79.9950575916332, 14.441597837209388], [79.9949980777115, 14.441586394129793], [79.99492563934803, 14.441580124917706], [79.9948821207264, 14.441577921533382], [79.99470691155179, 14.441588766931433], [79.99451793082443, 14.441628564216096], [79.99451354557155, 14.441629623130593], [79.99438871905161, 14.441659772074384], [79.99438841449061, 14.441659834962202], [79.99438810630832, 14.441659877945595], [79.99438779543237, 14.44165990102854], [79.99438748372218, 14.441659903314934], [79.99438717302898, 14.441659885716692], [79.99438686428452, 14.441659847333764], [79.99438655841236, 14.44165978907414], [79.99438625726785, 14.441659710945718], [79.99438596270632, 14.44165961295642], [79.99438567565133, 14.44165949601422], [79.99438539609888, 14.441659361023172], [79.9943851277636, 14.441659207095059], [79.9943848697057, 14.441659036937999], [79.99438462471221, 14.441658849659843], [79.994384392775, 14.441658647068637], [79.99438417574534, 14.441658430076355], [79.99438397362321, 14.441658198682942], [79.99438378825585, 14.441657954704423], [79.99438361963509, 14.441657699948802], [79.99438346868862, 14.441657434420064], [79.9943833372677, 14.441657159030163], [79.99438322443655, 14.441656875583153], [79.99432932711167, 14.441506572598515], [79.99428620633586, 14.441390004766932], [79.99428610840029, 14.44138970963087], [79.99428603183337, 14.441389407353645], [79.99428597661885, 14.441389101551337], [79.9942859427527, 14.441388793127977], [79.99428593115849, 14.441388482991563], [79.99428594183217, 14.441388172046086], [79.99428597383388, 14.441387862999713], [79.99428602715959, 14.44138755675644], [79.99428610272881, 14.441387255128296], [79.99428619868218, 14.44138695901138], [79.99428631593922, 14.441386670217696], [79.99428645264055, 14.441386389643357], [79.99428660877807, 14.441386119096439], [79.99428678434768, 14.44138585948094], [79.99428697748597, 14.441385612597012], [79.99428718726122, 14.441385379344704], [79.99428741274575, 14.441385159720092], [79.99428765392739, 14.441384956435215], [79.99428790802315, 14.441384769478239], [79.99428817595258, 14.441384600661149], [79.9942884540091, 14.441384449064103], [79.99428874218053, 14.441384317399152], [79.99428903954326, 14.441384204758348], [79.99442414903494, 14.441338193980377], [79.99457893955356, 14.441285481313718], [79.99455860812974, 14.441228780667952], [79.99454979285233, 14.441231782463184], [79.99441332975277, 14.441278254031225], [79.99426805131695, 14.441327727300564], [79.99426775033706, 14.441327819132926], [79.99426744388461, 14.441327890148923], [79.9942671338109, 14.441327941260512], [79.9942668210476, 14.441327971567617], [79.99426650652241, 14.441327981074226], [79.99426619116703, 14.441327968880215], [79.99426587868399, 14.441327936809518], [79.99426556814966, 14.441327883954134], [79.99426526327063, 14.441327811233913], [79.99426496312331, 14.441327717740881], [79.99426467048256, 14.441327605294944], [79.99426438627604, 14.441327473900088], [79.99426411143139, 14.441327323560259], [79.99426384872754, 14.441327155191356], [79.99426359723276, 14.44132696969346], [79.99426335972191, 14.441326768886471], [79.99426313712672, 14.441326551870336], [79.99426292943501, 14.441326321357138], [79.99426273850207, 14.441326077354777], [79.99426256524745, 14.441325821675278], [79.99426241059882, 14.441325554322598], [79.99426227361631, 14.44132527800487], [79.99426215707886, 14.441324993637956], [79.99417797426686, 14.44109742027307], [79.99414042255746, 14.440995905907341], [79.99410138240681, 14.440890369423848], [79.99406229005537, 14.440784689873562], [79.99401586815797, 14.440659196758084], [79.99398097547129, 14.440564869113254], [79.99394566609419, 14.440475125899129], [79.99390261744777, 14.440365709304162], [79.9938627716909, 14.440264432820493], [79.99382548218922, 14.440169653754474], [79.99378280420234, 14.440061178025282], [79.99374300807034, 14.439960028303295], [79.99371877765101, 14.43989844268195], [79.99371867598171, 14.439898152954035], [79.99371859381753, 14.439897857885109], [79.99371853208608, 14.439897557479144], [79.99371849170285, 14.439897254452182], [79.99371847266782, 14.4398969488042], [79.99371847404522, 14.439896642339306], [79.99371849767817, 14.439896337777487], [79.99371854171544, 14.439896034206813], [79.99371860706839, 14.439895735247347], [79.99371869280942, 14.439895440895144], [79.99371879893036, 14.439895152958195], [79.99371892542716, 14.4398948723406], [79.9937190704364, 14.439894600842457], [79.99371923394992, 14.439894340271804], [79.9937194150401, 14.439894090624714], [79.99371961370288, 14.439893852805195], [79.99371982807075, 14.439893629517403], [79.99372005722012, 14.439893419853366], [79.99372030021115, 14.439893226521193], [79.99372055704383, 14.439893049520904], [79.99385438963725, 14.43980710828807], [79.99389396973865, 14.439781691868653], [79.9938968914811, 14.439780340135888], [79.99400642938646, 14.439729660409117], [79.9940786279028, 14.439696256694857], [79.99407891881847, 14.439696133178124], [79.99407921892134, 14.439696029589577], [79.9940795244967, 14.43969594681736], [79.9940798355486, 14.439695883957487], [79.99408015021365, 14.439695842810059], [79.9940804675723, 14.439695821563099], [79.99408078575706, 14.439695822920756], [79.99408110199717, 14.439695844159072], [79.99408141721213, 14.439695887090062], [79.9940817276954, 14.439695950793883], [79.99408203344701, 14.439696035270495], [79.99408233261164, 14.439696140512023], [79.99408262334211, 14.439696264702468], [79.99408290471075, 14.439696407837886], [79.99408317578991, 14.43969656991433], [79.99408343473245, 14.43969674911581], [79.99408368061067, 14.439696945438367], [79.99408391157334, 14.439697157970079], [79.99408412762453, 14.439697385806893], [79.99408432692111, 14.439697626228847], [79.99408450853139, 14.439697880135979], [79.99408467246346, 14.439698145720259], [79.99408481686609, 14.43969842206973], [79.99408494175147, 14.439698706472303], [79.99410502617228, 14.43974921430131], [79.99412664250826, 14.439803573562958], [79.99417309863425, 14.439920397025544], [79.99421465820498, 14.44002490821216], [79.99425667004455, 14.440130556801252], [79.99429594008495, 14.440229309394834], [79.99431133989256, 14.440268035616178], [79.99433750394216, 14.440340531298713], [79.99437430683193, 14.440442500793065], [79.9944131319545, 14.440550074939559], [79.99445026842061, 14.440652970684097], [79.99448645842337, 14.44075324066017], [79.9945266800414, 14.440864684631226], [79.99456292598357, 14.440965113044198], [79.99462029851699, 14.441124074367252], [79.99468021257775, 14.441103188829022], [79.9946550498133, 14.441033471957445], [79.99462687436794, 14.440955404239741], [79.99458889296476, 14.440850169769034], [79.99455052493022, 14.440743863256642], [79.99451542253563, 14.440646602064943], [79.99447469790857, 14.440533767335985], [79.99443998131397, 14.440437577264634], [79.9943742929972, 14.440255573425501], [79.99437002319016, 14.440243741168196], [79.99431924913168, 14.44011605802496], [79.99427793533037, 14.440012166267973], [79.99419676361634, 14.4398080403805], [79.99415329700292, 14.439698734143896], [79.99413918607152, 14.439663248985978], [79.99413907980006, 14.439662951102184], [79.99413899489302, 14.439662646981224], [79.994138932274, 14.439662337531113], [79.9941388919349, 14.439662024559889], [79.99413887386756, 14.439661709875596], [79.99413887806793, 14.439661394382261], [79.99413890545556, 14.439661079891906], [79.99413895416698, 14.439660768204671], [79.99413902604944, 14.439660461136505], [79.9941391192435, 14.439660159583527], [79.99413923467279, 14.439659864453745], [79.99413937046981, 14.439659578451282], [79.99413952570693, 14.439659301572204], [79.99413970129959, 14.43965903653254], [79.99413989446079, 14.439658784224445], [79.9941401061141, 14.43965854555591], [79.99414033440019, 14.439658321423034], [79.99414057745558, 14.439658113625963], [79.99414083527624, 14.439657923068726], [79.99414110600283, 14.43965775064743], [79.99414138778, 14.439657596354147], [79.99423668031984, 14.43960979839552], [79.99426841226084, 14.439593881567403], [79.99431526966586, 14.439571810341217], [79.99433186181753, 14.439563995146584], [79.99435662030238, 14.439553895009448], [79.9944064736929, 14.439533558747252], [79.99443113671306, 14.439526949611707], [79.99443157974297, 14.439526831263562], [79.994481154744, 14.439519112440575], [79.99448121230306, 14.439519102741587], [79.99448797919796, 14.439517964482654], [79.9945301174962, 14.439514695275866], [79.99456320270646, 14.43951100413763], [79.99459472825029, 14.439503857416112], [79.99465632341632, 14.439484901925658], [79.9946566224936, 14.439484820028989], [79.99465692704342, 14.439484758948685], [79.99465723521861, 14.43948471686876], [79.99465754608339, 14.439484695593299], [79.99465785685888, 14.43948469420643], [79.99465816754099, 14.439484713612178], [79.9946584762785, 14.43948475289859], [79.9946587812161, 14.439484812057769], [79.99465908142614, 14.439484891085742], [79.99465937598096, 14.439484989978554], [79.9946596621017, 14.439485107820332], [79.99465994072001, 14.439485243711003], [79.99466020812532, 14.43948539763472], [79.99466046524935, 14.439485568691426], [79.99466071023679, 14.439485756873214], [79.99466094124449, 14.439485959460107], [79.99466115734076, 14.439486177352123], [79.99466135853372, 14.439486408741274], [79.99466154297212, 14.439486652715571], [79.99466171066003, 14.439486908371011], [79.99466185974619, 14.439487174795667], [79.99466199117043, 14.439487449281375], [79.99466210214575, 14.439487732720336], [79.99466219453961, 14.439488022408366], [79.99466867158007, 14.439511150156825], [79.99469910561777, 14.439619829383782], [79.99474984277322, 14.439801009093406], [79.99475811029735, 14.439830527928205], [79.99478784593924, 14.43993671352731], [79.99487746025545, 14.440256718513913], [79.99490843043526, 14.440367309345936], [79.99497741508512, 14.440334637496038], [79.99497632948021, 14.440330761752072], [79.99479997952795, 14.439701033118661], [79.99473300317248, 14.439461865699245], [79.99473293121935, 14.439461568866047], [79.99473287969077, 14.43946126850377], [79.99473284951036, 14.43946096552038], [79.99473283974638, 14.439460660815962], [79.9947328513184, 14.439460356202543], [79.99473288422234, 14.439460052584101], [79.9947329375184, 14.439459752668803], [79.99473301120656, 14.439459456456625], [79.99473310620633, 14.439459165759594], [79.99473322065839, 14.439458881473803], [79.99473335455052, 14.439458606311339], [79.99473350695511, 14.43945834026827], [79.99473367694043, 14.439458084244633], [79.99473386542195, 14.439457840956496], [79.99473406961673, 14.43945761039195], [79.99473428952068, 14.43945739345506], [79.99473452327447, 14.439457191041933], [79.99473477087, 14.43945700496061], [79.99473503137956, 14.43945683520715], [79.99473530293977, 14.43945668358167], [79.99473558369532, 14.43945655007629], [79.9947358736462, 14.439456434690996], [79.99485400994584, 14.43941398546518], [79.99502729020153, 14.439355908895005], [79.99527552165603, 14.439258697334795], [79.99528537148365, 14.439255218060094], [79.99546572123135, 14.439663413007864], [79.9957252446307, 14.440255890979051], [79.99583703495618, 14.4405162509222], [79.99583714593344, 14.440516534360695], [79.99583723646984, 14.440516824944508], [79.99583730657345, 14.440517120865506], [79.99583735718006, 14.440517420319665], [79.99583738643844, 14.440517722395002], [79.9958373943526, 14.440518026187522], [79.99583738185832, 14.440518329893088], [79.99583734803606, 14.44051863169974], [79.99583729474517, 14.44051893071131], [79.99583721921083, 14.440519225107927], [79.99583712514361, 14.440519514905372], [79.9958370107004, 14.440519797383665], [79.9958368768129, 14.440520071642743], [79.99583672441689, 14.440520335878501], [79.99583655350828, 14.440520590994963], [79.99583636688631, 14.440520833387856], [79.99583616269561, 14.440521063049317], [79.99583594372324, 14.440521279087129], [79.99583571090089, 14.440521480601266], [79.99583546330904, 14.440521665779682], [79.99583520465829, 14.440521834638199], [79.99583493495271, 14.440521986272785], [79.99583465512401, 14.440522119783378], [79.99583436610389, 14.440522234269872], [79.99556730278677, 14.44061856692551], [79.99556699806926, 14.440618665072005], [79.99556668695143, 14.440618742398216], [79.99556637128862, 14.440618798912048], [79.99556605201249, 14.44061883371343]]}}, {"type": "Feature", "id": "w16-road-16", "properties": {"wardId": "ward-16", "segmentId": "w16-road-16", "lengthMeters": 382.2}, "geometry": {"type": "LineString", "coordinates": [[79.99198899766637, 14.440934983959206], [79.9919893159056, 14.440934973567469], [79.99198963404713, 14.440934984872348], [79.9919899511674, 14.440935016965842], [79.99199026540698, 14.440935070744043], [79.99199057398704, 14.44093514529106], [79.99199087783924, 14.440935239706784], [79.99199117417658, 14.440935354883385], [79.99199146115187, 14.44093548900484], [79.99199173783336, 14.44093564297124], [79.99199200330567, 14.440935814066517], [79.991992256637, 14.440936003190739], [79.99199249505257, 14.440936208523949], [79.99199271948407, 14.440936429166095], [79.99199292715264, 14.440936664201265], [79.99199311806234, 14.440936912725409], [79.99199329036189, 14.440937173826573], [79.99199344498712, 14.4409374457007], [79.99199357915913, 14.44093772743182], [79.99199369381371, 14.44093801721587], [79.99199378709963, 14.440938314140897], [79.99199385995266, 14.440938616402823], [79.99201622584681, 14.441048716905767], [79.9920336446287, 14.441134468454273], [79.99203741578789, 14.441155655460234], [79.99205662810283, 14.441263588140735], [79.9920687052356, 14.44133143939495], [79.99207279096053, 14.44136538379311], [79.99208654333964, 14.441479627755102], [79.99209317496994, 14.441534715949203], [79.99209954676603, 14.441583848100468], [79.99211326942003, 14.441689657211716], [79.99212063281408, 14.441746434574023], [79.99212279796136, 14.44176148801201], [79.99213710224831, 14.441860917968743], [79.99215353574084, 14.441975145364392], [79.99215431181976, 14.441979970848223], [79.9921705144556, 14.442080777640749], [79.99218857516105, 14.442193142430305], [79.99218861365858, 14.442193451777637], [79.99218862988002, 14.44219376374183], [79.99218862476116, 14.442194076518838], [79.99218859738653, 14.442194387392597], [79.99218854776022, 14.442194695459088], [79.99218847588224, 14.44219500071831], [79.99218838362418, 14.4421952995621], [79.9921882691348, 14.442195591078498], [79.99218813520112, 14.442195874375352], [79.99218798089959, 14.44219614854471], [79.99218780809363, 14.442196411786435], [79.99218761679143, 14.442196662292464], [79.99218740885236, 14.442196899166719], [79.99218718335283, 14.442197121501199], [79.99218694400754, 14.442197328407756], [79.99218668989292, 14.4421975189784], [79.99218642287245, 14.44219769141298], [79.99218614387374, 14.442197845715503], [79.99218585475623, 14.44219798098986], [79.9921855573793, 14.442198096339933], [79.99218525174297, 14.442198191765765], [79.99218494063425, 14.442198266375211], [79.99206846013517, 14.442221974978281], [79.9919559713726, 14.442244870681781], [79.9918458159924, 14.442267290839093], [79.99174608335629, 14.442287590344083], [79.99174577605979, 14.442287642368171], [79.99174546606989, 14.442287674491773], [79.99174515431831, 14.442287685814856], [79.9917448426563, 14.442287677249396], [79.99174453201562, 14.442287647895297], [79.99174422425158, 14.442287597760526], [79.99174392028368, 14.442287528657085], [79.99174362197543, 14.442287438784867], [79.99174333117396, 14.442287329959854], [79.99174304787932, 14.44228720218205], [79.99174277394273, 14.44228705636343], [79.99174251121546, 14.442286893415922], [79.99174225970157, 14.442286712435529], [79.99174202124419, 14.442286516142278], [79.99174179769861, 14.44228630454405], [79.99174158812906, 14.442286079444981], [79.99174139532258, 14.442285839952921], [79.99174121926696, 14.442285588779942], [79.99174106088577, 14.442285326834071], [79.99174092110263, 14.442285055023275], [79.99174080083706, 14.442284775159584], [79.99174069916137, 14.442284487239016], [79.9917406179187, 14.442284193981585], [79.99174055803667, 14.442283895391283], [79.99172173499508, 14.442171737962466], [79.99171869493178, 14.442153626019149], [79.9916982184236, 14.442068940804482], [79.99168323807173, 14.442006989561488], [79.99166857569911, 14.441954973301591], [79.99165118867026, 14.44189329291922], [79.99162807202855, 14.441811285933492], [79.99161913929365, 14.441779597177666], [79.99157086638037, 14.441628495959336], [79.99156107781944, 14.441605984096384], [79.99150551236622, 14.441478184112956], [79.99142917851457, 14.441288736266733], [79.99141451816745, 14.44125235271312], [79.99141441187463, 14.441252060252486], [79.99141432694647, 14.441251761554952], [79.99141426337484, 14.441251458428567], [79.991414220232, 14.441251150869386], [79.99141419936113, 14.441250841597416], [79.99141420075811, 14.441250531516674], [79.99141422348717, 14.441250222431254], [79.99141426754419, 14.441249915245166], [79.99141433384874, 14.441249611770436], [79.99141442146497, 14.441249313811147], [79.99141452946117, 14.44124902226735], [79.99141465690154, 14.441248738943155], [79.99141480471373, 14.441248463842493], [79.99141497195785, 14.44124819967349], [79.99141515677452, 14.441247947332238], [79.99141535915562, 14.441247708626777], [79.99141557817347, 14.441247483553138], [79.99141581196868, 14.441247273007399], [79.99141605960136, 14.441247079697705], [79.99141632107562, 14.441246902719996], [79.99141659453204, 14.441246742970375], [79.99141687810311, 14.44124660315295], [79.99148773967482, 14.441214452093236], [79.99151241340414, 14.441203257116525], [79.99179823543993, 14.441045565252093], [79.99185240989873, 14.441015676040086], [79.99198689262036, 14.440935635813334], [79.99198716975408, 14.440935483311058], [79.99198745700656, 14.440935349836966], [79.99198775345013, 14.440935235387066], [79.99198805722132, 14.440935141761505], [79.99198836646892, 14.440935068048296], [79.99198868026117, 14.440935015147518], [79.99198899766637, 14.440934983959206]]}}, {"type": "Feature", "id": "w16-road-17", "properties": {"wardId": "ward-16", "segmentId": "w16-road-17", "lengthMeters": 891.9}, "geometry": {"type": "LineString", "coordinates": [[79.99164007407066, 14.442197698999754], [79.99165768916527, 14.44230266322003], [79.9916577286386, 14.44230296172304], [79.9916577486188, 14.442303262854788], [79.99165774726278, 14.442303563895283], [79.9916577245705, 14.442303864844488], [79.99165768240954, 14.442304162998287], [79.99165761985222, 14.442304458352702], [79.99165753690667, 14.44230474909968], [79.99165743358108, 14.442305033431179], [79.99165731266245, 14.442305310455074], [79.99165717137599, 14.442305578351412], [79.99165701343232, 14.44230583713605], [79.99165683791192, 14.442306084996998], [79.99165664481889, 14.442306321030214], [79.99165643694025, 14.442306544343577], [79.99165621428416, 14.442306753129033], [79.9916559777783, 14.442306947390561], [79.99165572835848, 14.442307125324069], [79.99165546695232, 14.442307286933524], [79.99165519541926, 14.442307431322853], [79.99165491469101, 14.442307557591977], [79.99149366719193, 14.44237385189126], [79.99148483133787, 14.442376667245444], [79.99138870251501, 14.44240729533385], [79.99136581438633, 14.442414587943738], [79.99128410934384, 14.44243466605402], [79.99122214771936, 14.442449892559198], [79.9912218458378, 14.44244997805533], [79.99122155036432, 14.442450082563791], [79.99122126222252, 14.44245020699257], [79.99122098420354, 14.442450349545505], [79.99122071630738, 14.442450510222633], [79.99122046039342, 14.442450688127847], [79.9912202173934, 14.442450882361113], [79.991219988235, 14.442451092926373], [79.99121977478576, 14.442451317119518], [79.99121957704162, 14.442451555844555], [79.99121939687011, 14.442451806397365], [79.99121923427121, 14.442452068777918], [79.99121909018078, 14.442452341182172], [79.99121896460693, 14.442452621802044], [79.99121886033267, 14.442452910649461], [79.99121877551082, 14.442453205908434], [79.99121871107717, 14.44245350577487], [79.99121866796347, 14.442453809348734], [79.99121864617379, 14.442454115725974], [79.99121864572038, 14.442454422194542], [79.99121866660728, 14.442454727850393], [79.99121870884265, 14.44245503088547], [79.99121877149884, 14.442455331295836], [79.99126431988262, 14.442640155268665], [79.99126874380902, 14.442658106793818], [79.99129770893947, 14.442772129292704], [79.99130068047185, 14.442783826762243], [79.99132258684591, 14.44285874451394], [79.99132367359289, 14.442863178070144], [79.99134303373782, 14.442942158540644], [79.99135458629105, 14.442998130255745], [79.99135906204103, 14.443019818410075], [79.99137079963842, 14.443099164942081], [79.99137292425245, 14.44311373364266], [79.99138258809323, 14.443179990705099], [79.99139529137402, 14.443307111891652], [79.99140705413197, 14.443456436862483], [79.99141322553935, 14.443534777782308], [79.9914160045961, 14.443581370476819], [79.99142291001677, 14.443697134673913], [79.99143445850088, 14.443890723367904], [79.99143447331583, 14.443891347220779], [79.99143444453443, 14.44389196998306], [79.99143437124121, 14.443892588938674], [79.991434254372, 14.443893202283578], [79.99143409487074, 14.443893806405612], [79.99143389275373, 14.443894397688691], [79.9914336489568, 14.443894974328717], [79.99143336534749, 14.443895533621578], [79.99143304286979, 14.443896071955116], [79.99143268338715, 14.443896587529238], [79.99143228783947, 14.443897077635837], [79.99143185809025, 14.443897540474788], [79.99143139786646, 14.443897972445887], [79.9914309071681, 14.443898373549107], [79.99143038972618, 14.443898739280225], [79.991429847392, 14.44389907055121], [79.99142928296078, 14.443899364661872], [79.99142869922368, 14.44389961981608], [79.99142809896776, 14.443899835121718], [79.99142748405245, 14.443900009682705], [79.99142685912017, 14.443900142614867], [79.99142622603031, 14.443900233022095], [79.99130506640536, 14.443913408954124], [79.99127611951504, 14.443916557700149], [79.99117993720078, 14.443936052143425], [79.9910530853493, 14.443961762539196], [79.9909558667574, 14.443981466710477], [79.99095329299797, 14.443981751313371], [79.99095205502671, 14.443981848170045], [79.99095081371156, 14.443981863648565], [79.9909495736868, 14.443981798672812], [79.99094834145019, 14.443981652366565], [79.99094712163193, 14.443981426557734], [79.99094591979804, 14.443981121270125], [79.99094474243405, 14.443980738339633], [79.99094359324248, 14.443980279590159], [79.9909424777812, 14.443979746853614], [79.99094140253167, 14.443979142869859], [79.9909403702647, 14.443978470362865], [79.99093938653401, 14.443977732068573], [79.99093845596579, 14.443976930718911], [79.9909375822503, 14.443976070849866], [79.99093677000958, 14.443975156097439], [79.99093602201036, 14.4439741900896], [79.99093534193885, 14.443973178266434], [79.99093473256583, 14.44397212335188], [79.99093419757345, 14.443971031690069], [79.990933737869, 14.443969907805027], [79.99093335714278, 14.443968756232808], [79.99093305629799, 14.443967582401534], [79.99093283624194, 14.443966390835293], [79.99093269879735, 14.443965188774238], [79.99092296967264, 14.443843269521349], [79.99091356541844, 14.443725427082448], [79.99090459497194, 14.443613013467745], [79.99089545420198, 14.443498461062202], [79.99088446064071, 14.44336070298942], [79.99087467977684, 14.443238126271163], [79.9908634044016, 14.443096828566528], [79.99085421446172, 14.442981664813752], [79.99084420878955, 14.44285628007748], [79.99084345365351, 14.442846815133978], [79.99084339798681, 14.442845581781453], [79.99084342952871, 14.442844346994239], [79.99084354731895, 14.442843118000544], [79.99084375133715, 14.442841899320499], [79.99084403969945, 14.442840697274328], [79.99084441145375, 14.442839517282227], [79.99084486564789, 14.44283836476438], [79.9908453985468, 14.442837245129011], [79.99084600920241, 14.442836162892325], [79.99084669387554, 14.442835124366574], [79.99084745069048, 14.442834134063961], [79.99084827406494, 14.442833195576743], [79.99089129091776, 14.442787462515662], [79.99091831562065, 14.442762474756393], [79.99095698564318, 14.442729431200185], [79.99101407778292, 14.442696338123051], [79.99105048881775, 14.442672363276698], [79.99106787823335, 14.442660215054497], [79.99109097240165, 14.442649821587148], [79.99109108790768, 14.44264045439078], [79.99105239191266, 14.44260743765046], [79.99103974515089, 14.442613129611033], [79.99101868727037, 14.442627839553676], [79.99099201053677, 14.442645404817288], [79.99098424505667, 14.442650518289957], [79.99094064233672, 14.442675793089213], [79.99092413470933, 14.442685361322514], [79.99088079809987, 14.442722392515925], [79.99085157118144, 14.442749415786942], [79.99083038248473, 14.442771942407864], [79.99080349274698, 14.44280053153611], [79.99076498643609, 14.442845198137913], [79.99073252059564, 14.442869213334466], [79.99071379536248, 14.442878875116671], [79.99069175576665, 14.442887864561776], [79.99068025059026, 14.442890140492567], [79.99054737606221, 14.44291642243263], [79.99054610976951, 14.442916629459418], [79.99054483180856, 14.442916749648166], [79.99054354866892, 14.442916783930661], [79.99054226592065, 14.442916731426745], [79.99054099005743, 14.442916592164213], [79.99053972756471, 14.442916367978945], [79.99053848308087, 14.442916058890813], [79.99053726401905, 14.442915666739612], [79.99053607593709, 14.44291519335725], [79.99053492438874, 14.442914641479655], [79.9905338140042, 14.442914012934734], [79.99053275126076, 14.442913311366397], [79.99053174078456, 14.442912539506587], [79.99053078812527, 14.44291170099522], [79.99052989696908, 14.442910801272387], [79.99052907101442, 14.442909843066026], [79.99052831580283, 14.442908831824116], [79.99052763410099, 14.442907771174697], [79.99052702865924, 14.442906668361886], [79.990526503172, 14.442905527017668], [79.99052606039773, 14.442904352578134], [79.99052570216327, 14.442903151379387], [79.99049883510295, 14.442799988114473], [79.9904912974099, 14.442771045453604], [79.99046396702998, 14.44266304176529], [79.9904177954795, 14.44248057636796], [79.99041773005365, 14.442480273233475], [79.99041768598036, 14.442479966574261], [79.99041766325145, 14.442479658198392], [79.99041766279463, 14.442479348109826], [79.99041768366995, 14.442479039016677], [79.99041772680104, 14.44247873182694], [79.99041779125207, 14.442478428344698], [79.99041787608719, 14.442478130373997], [79.99041798223004, 14.442477838822876], [79.99041810874886, 14.442477554591367], [79.99041825563548, 14.442477279487509], [79.99041842010284, 14.442477014403451], [79.99041860399811, 14.44247676115513], [79.99041880453017, 14.44247652153872], [79.990419021699, 14.442476295554204], [79.99041925457284, 14.442476084101626], [79.99041950128824, 14.442475888981122], [79.99041976091755, 14.442475710188686], [79.99042003344849, 14.44247555043639], [79.99042031517861, 14.442475407900321], [79.99042060702332, 14.442475285296497], [79.99042090712729, 14.442475182617002], [79.9904212136352, 14.442475099853853], [79.99070844431803, 14.442407751969018], [79.99077346832134, 14.442392505262724], [79.99080943819065, 14.442384071768528], [79.99080972139264, 14.44238401421828], [79.99081000730018, 14.442383973856424], [79.99081029590921, 14.442383951586981], [79.9908105844408, 14.442383946494033], [79.99081087382261, 14.44238395858153], [79.99081116126757, 14.442383988741584], [79.99081144585213, 14.442384036066187], [79.99089868784544, 14.442401291667851], [79.9908989761366, 14.44240133991228], [79.99089926636461, 14.442401370084147], [79.99089955852943, 14.442401382183444], [79.99089985077579, 14.442401376202234], [79.99090014217597, 14.442401352136564], [79.9909004308706, 14.44240131088248], [79.99090071686372, 14.442401251535982], [79.99091651561301, 14.442397469757651], [79.99117093743398, 14.442336571307766], [79.99112742248447, 14.442175660723015], [79.99110185407785, 14.442081115882987], [79.99109342249702, 14.442048984467744], [79.99105748548689, 14.441912030895669], [79.99104431964476, 14.441861859834288], [79.9910377542368, 14.441834329846687], [79.99101576905446, 14.44174215175201], [79.99101039940625, 14.441718949110662], [79.99095507413641, 14.441479889499192], [79.99134469998513, 14.441324291525452], [79.99142873651917, 14.44151347944196], [79.99148114680695, 14.441634505509027], [79.99149155653205, 14.441658541536643], [79.99151684831517, 14.441737710103586], [79.99153766137226, 14.441802855882823], [79.99154922925564, 14.441843894677927], [79.99159430927125, 14.442003817451885], [79.99160096842105, 14.442027440555663], [79.99161902603872, 14.442102121234399], [79.99163539339641, 14.442169808237706], [79.99164007407066, 14.442197698999754]]}}, {"type": "Feature", "id": "w16-road-18", "properties": {"wardId": "ward-16", "segmentId": "w16-road-18", "lengthMeters": 490.5}, "geometry": {"type": "LineString", "coordinates": [[79.99081649285199, 14.44233723278389], [79.99081618021756, 14.442337234157508], [79.99081586767278, 14.442337215642551], [79.99081555800471, 14.442337176346928], [79.99081525121339, 14.442337116270647], [79.99081494915004, 14.44233703632566], [79.99081465366997, 14.442336936519922], [79.99081436569273, 14.44233681866547], [79.99081408615412, 14.442336680958194], [79.9908138168972, 14.442336526118115], [79.99081355978144, 14.442336353249178], [79.99081331387097, 14.44233616415545], [79.99081308287647, 14.4423359588528], [79.99081286586211, 14.442335739145337], [79.99081266467914, 14.442335505945017], [79.99081248025117, 14.442335260159826], [79.99081231257408, 14.442335002693797], [79.99081216349916, 14.442334734458903], [79.9908120339459, 14.442334457267167], [79.99081192298257, 14.442334172018647], [79.99081183245633, 14.442333880529306], [79.99081176143547, 14.442333583699234], [79.99080523799238, 14.442301070803486], [79.99071585521597, 14.442322028927219], [79.99063524735531, 14.442340929021352], [79.99040110094869, 14.442395830425996], [79.99040079175168, 14.442395892384633], [79.99040047893779, 14.44239593353478], [79.99040016343469, 14.442395953880425], [79.99039984802944, 14.442395952529475], [79.99039953364155, 14.442395931293944], [79.99039922120278, 14.442395889273788], [79.99039891164485, 14.442395825568946], [79.9903986077385, 14.442395742903416], [79.99039831041956, 14.442395639473103], [79.99039802153523, 14.442395517094045], [79.99039774108955, 14.442395374862194], [79.9903974718533, 14.44239521550154], [79.99039721383053, 14.442395038108058], [79.99039696886844, 14.442394844497768], [79.99039673789467, 14.442394634674613], [79.99039652276048, 14.442394409550582], [79.99039632345364, 14.442394171837744], [79.99039614090587, 14.44239392063606], [79.99039597603671, 14.442393657757526], [79.9903958306933, 14.442393385018178], [79.9903957039439, 14.442393103318024], [79.9903955976398, 14.442392813569082], [79.9903955117728, 14.44239251757936], [79.99035617788662, 14.442237076171118], [79.99032244115715, 14.442103754437706], [79.99043523901175, 14.442071984953175], [79.99057076879676, 14.442033812694369], [79.99071593265869, 14.441992926987725], [79.99071530419216, 14.441990964332238], [79.99069738497569, 14.441917136707255], [79.99069582210636, 14.441910698655619], [79.99054862874429, 14.4419521551532], [79.99029558165877, 14.442023426398332], [79.99020786496752, 14.442063738885206], [79.99013382897543, 14.442101735029897], [79.99005051695661, 14.44214449096717], [79.98992470411048, 14.442209060106332], [79.9898687173305, 14.4420257669542], [79.98984358214321, 14.441943475449934], [79.98997394330713, 14.441902129893293], [79.99005437678039, 14.44187661981641], [79.99009907225535, 14.441862444268043], [79.99023023849414, 14.441806510765545], [79.99047453916727, 14.44170233293476], [79.99058938383294, 14.441653359155062], [79.99061518390901, 14.44164235714251], [79.99087342281753, 14.441523105787443], [79.99089859434879, 14.44163219228374], [79.99092441102037, 14.441744075031718], [79.99092925716575, 14.441765076801467], [79.99095455591417, 14.441871264572404], [79.99095753671907, 14.441883780243696], [79.99097666164052, 14.441956659250257], [79.99101508111931, 14.44210307070466], [79.99103256498033, 14.442167723126293], [79.99106130419217, 14.442273996130224], [79.99106137517668, 14.442274301096486], [79.99106142481276, 14.442274608683476], [79.99106145216862, 14.442274919791283], [79.99106145725654, 14.442275231707807], [79.99106144008056, 14.442275543529028], [79.99106140065291, 14.442275852542895], [79.99106133990125, 14.442276158753348], [79.99106125783372, 14.442276460352339], [79.9910611544585, 14.442276755531834], [79.99106103070731, 14.442277043391766], [79.99106088658829, 14.442277322124088], [79.99106072303725, 14.442277589924728], [79.99106054098188, 14.442277846797644], [79.99106034043436, 14.442278090030767], [79.99106012417772, 14.442278319636001], [79.991059892216, 14.442278534709336], [79.99105964455738, 14.442278733442707], [79.99105938399299, 14.442278914039978], [79.99105911144231, 14.442279078313181], [79.99105882784933, 14.442279222650175], [79.99105853506529, 14.442279347962932], [79.99105823402195, 14.442279453351375], [79.991057925651, 14.442279537915498], [79.99081742017766, 14.442337105667997], [79.99081711468737, 14.442337168547102], [79.99081680464845, 14.442337211517772], [79.99081649285199, 14.44233723278389]]}}, {"type": "Feature", "id": "w16-road-19", "properties": {"wardId": "ward-16", "segmentId": "w16-road-19", "lengthMeters": 321.3}, "geometry": {"type": "LineString", "coordinates": [[79.98978519118835, 14.442052241882436], [79.98984308664615, 14.442309019280307], [79.98967893591251, 14.442355801476264], [79.98957075355978, 14.442386632987377], [79.98948612746304, 14.442410749861011], [79.98945428998942, 14.442419678200844], [79.98934876820407, 14.442449268914013], [79.98924927653037, 14.44247716865982], [79.98913590947953, 14.442506925425857], [79.9890275513213, 14.442535367444636], [79.98897990389119, 14.442547873909534], [79.98891854856083, 14.442563979318836], [79.98881537481581, 14.442591060290825], [79.98866915848691, 14.442629439683467], [79.98862825429389, 14.442495147716611], [79.98862335094711, 14.442479050096104], [79.98871557120403, 14.44244115958985], [79.9887570689296, 14.442423336339592], [79.98893696947285, 14.4423460711562], [79.98910974885287, 14.44227110500415], [79.9892824600402, 14.442190671681583], [79.98946719432539, 14.442112388955312], [79.98960382910442, 14.442049558820614], [79.98961565279015, 14.442044121965191], [79.98975759115392, 14.441984964088721], [79.9897688733801, 14.441979869344719], [79.98978519118835, 14.442052241882436]]}}, {"type": "Feature", "id": "w16-road-20", "properties": {"wardId": "ward-16", "segmentId": "w16-road-20", "lengthMeters": 309.4}, "geometry": {"type": "LineString", "coordinates": [[79.98855124671829, 14.44250867624799], [79.98861301891873, 14.442700692261601], [79.98862202161789, 14.442731589464733], [79.98868494645002, 14.442947553964764], [79.98871534100999, 14.443051869805542], [79.9887199515247, 14.44306769585952], [79.98874460633003, 14.443158299872977], [79.98884246372484, 14.443517923668075], [79.98874276117091, 14.443534682653501], [79.9884873301416, 14.443576459860642], [79.9884502863269, 14.443584150675067], [79.98842276831309, 14.443478663762663], [79.98837931513715, 14.443312087425701], [79.98836526351882, 14.443265286334857], [79.98830861023643, 14.44307658295346], [79.98830203493526, 14.443052953809463], [79.98827170442604, 14.442943951648202], [79.98824357208943, 14.442842850302286], [79.98823630394473, 14.442816731163218], [79.98818601489218, 14.44263600070239], [79.98855124671829, 14.44250867624799]]}}, {"type": "Feature", "id": "w16-road-21", "properties": {"wardId": "ward-16", "segmentId": "w16-road-21", "lengthMeters": 310.0}, "geometry": {"type": "LineString", "coordinates": [[79.98780503749926, 14.442619227701039], [79.98781447082746, 14.442663393592758], [79.9878250405965, 14.442712887363186], [79.98783408511608, 14.442755232652262], [79.98784483873493, 14.442786431211005], [79.98784660014825, 14.442792231875465], [79.98787757419663, 14.44289426848722], [79.9878946370769, 14.442950479143104], [79.98793015134542, 14.443067470921735], [79.98795754921701, 14.443167666908815], [79.98796982542693, 14.443212561907602], [79.98799403745646, 14.443301108288509], [79.9879950039017, 14.443304640913732], [79.98801653688142, 14.443394605080112], [79.98808411506931, 14.443676934608906], [79.98792441655918, 14.443720291113483], [79.98787391436545, 14.4435237362422], [79.98787375103483, 14.443523749101443], [79.98776518958044, 14.443532594517492], [79.98774264596236, 14.443534431443547], [79.9876639688123, 14.44354084129525], [79.98764448442567, 14.443446950610559], [79.98763281795532, 14.443390731477823], [79.9876224806479, 14.443340917765807], [79.98761411074881, 14.44330058595834], [79.98760655233302, 14.443242258163352], [79.98759781427528, 14.443174824311997], [79.9875921454505, 14.44313108230745], [79.9875899093891, 14.443099777486552], [79.98758545989003, 14.443037498821027], [79.98758287221601, 14.443001276310088], [79.9875803137243, 14.44295696094181], [79.98757803996885, 14.44291758196089], [79.98757720373766, 14.442903105563039], [79.98758081370134, 14.442866313005048], [79.98758781390144, 14.44279495359966], [79.98759085370425, 14.442776950006158], [79.98760277468094, 14.442706330448523], [79.98760586920447, 14.44269940521867], [79.98763117269671, 14.442642777135616], [79.98764628894679, 14.442609614904518], [79.98766546135832, 14.442567555335717], [79.98767479194379, 14.44257104794523], [79.98771195314133, 14.44258495892497], [79.98772287293995, 14.442589045985068], [79.98773014014562, 14.442591766719634], [79.98773342414255, 14.442592995855422], [79.98774055521102, 14.442595665378686], [79.9877498802453, 14.442599155249393], [79.98775643341752, 14.442601608936526], [79.98776340704964, 14.442604219020298], [79.9877690646727, 14.442606337077798], [79.98777413051285, 14.442608232911612], [79.98778070776807, 14.442610694837898], [79.98778642651502, 14.442612835758533], [79.98779005502672, 14.442614193842955], [79.9877946420628, 14.442615911332005], [79.98779952731168, 14.442617739490677], [79.98780217349912, 14.442618462335234], [79.98780444078761, 14.442619069643367], [79.98780503749926, 14.442619227701039]]}}, {"type": "Feature", "id": "w16-road-22", "properties": {"wardId": "ward-16", "segmentId": "w16-road-22", "lengthMeters": 764.8}, "geometry": {"type": "LineString", "coordinates": [[79.98787912135958, 14.443709836636447], [79.98789635935215, 14.443820063641429], [79.98790553599177, 14.443878745531205], [79.9879151201643, 14.443940033715233], [79.98791552318593, 14.44394261106113], [79.98792557842377, 14.443999225563138], [79.98793671381225, 14.44406192438452], [79.98794568890777, 14.444112455470085], [79.98795488472096, 14.444164234176837], [79.98795713912244, 14.444176927564534], [79.98796541770085, 14.444216547489596], [79.98827382508951, 14.444148505371327], [79.98852782117989, 14.444092467347376], [79.98858772213069, 14.444355608977338], [79.98861308538774, 14.444467026183158], [79.98866525375026, 14.444758808112928], [79.98867144907597, 14.44479058284462], [79.98869244867258, 14.444898278361979], [79.98870763554774, 14.44497616617605], [79.98872515579025, 14.44505174784636], [79.98875210317031, 14.445167997613433], [79.98865862595513, 14.44520130821129], [79.98853577945752, 14.445243737454536], [79.98823293940217, 14.44534833424681], [79.98824706931839, 14.44538439837516], [79.98826430365312, 14.445428387100518], [79.98828269813482, 14.44547533792625], [79.9882877917668, 14.445488339121985], [79.98830032349946, 14.445526818314795], [79.98831441896124, 14.445570098353915], [79.98832628275137, 14.4456065279275], [79.98832710513354, 14.445608276258634], [79.98834502107351, 14.44564637536066], [79.98837065178157, 14.445700878872755], [79.98839609229502, 14.445754978363446], [79.98841106239699, 14.445786810654521], [79.988418507208, 14.445802804374628], [79.98843890214357, 14.445846613191828], [79.98845033902798, 14.445871182611105], [79.98845375711998, 14.445880315449076], [79.9884810385256, 14.445953229616705], [79.98850509160884, 14.446017514406295], [79.98851217752551, 14.446040051846513], [79.98854345052035, 14.446139514961281], [79.98845150547434, 14.44617527564903], [79.98842496196586, 14.446185599775852], [79.98837570471422, 14.446204757422999], [79.98831574994007, 14.446228075640363], [79.98827923309749, 14.446135518564695], [79.98827852777713, 14.446133731862153], [79.98825126284845, 14.4460637504571], [79.98823452661755, 14.446020794476448], [79.98822097348429, 14.44598600842624], [79.98821198728831, 14.44596294209218], [79.98818908022234, 14.445904147923859], [79.98817373977147, 14.445864773417856], [79.98817164513999, 14.445858595243223], [79.98815398269858, 14.44580649451482], [79.98814189191319, 14.445770826066772], [79.98812450812686, 14.445708392431548], [79.98811440357767, 14.445672100585659], [79.98811308539189, 14.445667366787127], [79.9881019301408, 14.445627299671015], [79.9880982212245, 14.445615604429753], [79.98808974699908, 14.44558887620901], [79.98808193040095, 14.445564223779638], [79.98806848414841, 14.44552181349307], [79.9880563815038, 14.445483644411102], [79.98805450098715, 14.445477713054443], [79.98804418058026, 14.445447515328915], [79.98803202076337, 14.44541193879226], [79.98801289890336, 14.445355988707043], [79.98799655032862, 14.445308155264197], [79.98798462675856, 14.44527326681184], [79.98798112407466, 14.445261510979897], [79.98796706856496, 14.445214337388483], [79.98795167066261, 14.445162656807696], [79.98793940443613, 14.445121486503853], [79.9879207569855, 14.445058901879385], [79.98791170924484, 14.44502853423059], [79.98790919623389, 14.445020100481246], [79.98789655626136, 14.444977677376782], [79.98788674091676, 14.44494473352784], [79.98787573486327, 14.444907794124545], [79.98785818860902, 14.444848902715826], [79.9878426719491, 14.44479682474506], [79.98781956666434, 14.444732262814574], [79.98781612218932, 14.444720767594719], [79.9877986603506, 14.444662498525783], [79.98778701547586, 14.444623639807004], [79.9877855313101, 14.444616840462752], [79.98777556926052, 14.44457121408208], [79.98776388493494, 14.444517696155582], [79.98775498380321, 14.444480355353477], [79.98774179825385, 14.444425042783669], [79.98773603705841, 14.444406432748115], [79.9877215678193, 14.44435968588397], [79.98771117074158, 14.44431979468171], [79.98769942775724, 14.444274739235787], [79.98769327543422, 14.444242514458352], [79.9876818108499, 14.44418246667459], [79.98768031105229, 14.444174612245913], [79.98768306823443, 14.444131722785887], [79.98768537837289, 14.44409578439085], [79.98768854477066, 14.444046512344885], [79.98769112632232, 14.444006354144074], [79.98769410176328, 14.443977355318719], [79.98769752366645, 14.443943994601042], [79.98770104561832, 14.443910254615327], [79.98770456756466, 14.443876515533422], [79.98769806547494, 14.443777224719692], [79.98769481916327, 14.44372766114872], [79.98769097173431, 14.443703527500178], [79.9876685754932, 14.44356303813154], [79.98766835305996, 14.443561965886595], [79.98773519509906, 14.443556519539136], [79.98775763292045, 14.443554692104028], [79.98786118304061, 14.443546255495923], [79.98787036832977, 14.443646309092284], [79.98787204820779, 14.443664603265042], [79.98787912135958, 14.443709836636447]]}}, {"type": "Feature", "id": "w16-road-23", "properties": {"wardId": "ward-16", "segmentId": "w16-road-23", "lengthMeters": 403.8}, "geometry": {"type": "LineString", "coordinates": [[79.98846198502665, 14.4461901912164], [79.98854877137089, 14.446156437053178], [79.9885502867713, 14.446161258484302], [79.98857070090295, 14.446221152991335], [79.9885943304686, 14.446290483221588], [79.98859893296004, 14.446303988567431], [79.98862100927114, 14.446378928941103], [79.9886282346489, 14.446403455869188], [79.9886393413334, 14.446441159592059], [79.98863968670105, 14.446442332712534], [79.98864931059887, 14.446506384699127], [79.9885448198351, 14.446526413677123], [79.98855087522689, 14.44654851184911], [79.9886523420791, 14.446526553322455], [79.9887055975938, 14.446515027524091], [79.98902816553152, 14.446452754404472], [79.98904584309057, 14.4465364740118], [79.9890886941307, 14.446739420890111], [79.98883754151717, 14.446800742098253], [79.98871817832485, 14.446829885159246], [79.9886657591113, 14.44664998007087], [79.98865084393847, 14.44659878978039], [79.98863935920427, 14.44660060191223], [79.98865467084686, 14.446653152679696], [79.98866879856682, 14.446701639217483], [79.9886950342004, 14.446791682278425], [79.9887121153825, 14.446850304045782], [79.98872898554252, 14.446908202577143], [79.98874363764621, 14.446958491309061], [79.988769313346, 14.447046610871642], [79.98872967136364, 14.447058414782484], [79.9886988079493, 14.447067604806973], [79.98860653189456, 14.447099754271392], [79.98859339724353, 14.44706328128431], [79.98856997549439, 14.446998244335838], [79.9885674064747, 14.44699110945968], [79.9885548009668, 14.446951481828183], [79.98854562926168, 14.446922646921362], [79.98854367930943, 14.446916268673096], [79.98853852515799, 14.446899406963347], [79.98852758058155, 14.446863603324417], [79.9885163709037, 14.44682693066704], [79.98851474183283, 14.446821601580375], [79.98849952601782, 14.446782336111244], [79.9884631128077, 14.44668836829378], [79.98846056066768, 14.446679347657991], [79.98844872861943, 14.446637522904473], [79.98843577072277, 14.446591716437725], [79.98842348669424, 14.446548294109236], [79.98841440814677, 14.44651876439015], [79.98839201989341, 14.44644594173618], [79.98838011356364, 14.44640721481225], [79.98837887657554, 14.446403191940316], [79.98836901361085, 14.446371110358639], [79.98835865604498, 14.446337418362987], [79.98835782680689, 14.446334723470716], [79.98835626758823, 14.446330771538694], [79.98834389656786, 14.446299415983233], [79.98833302791047, 14.446271866564592], [79.98832224637553, 14.446244540817903], [79.98843176230262, 14.446201946017823], [79.98846198502665, 14.4461901912164]]}}, {"type": "Feature", "id": "w16-road-24", "properties": {"wardId": "ward-16", "segmentId": "w16-road-24", "lengthMeters": 122.2}, "geometry": {"type": "LineString", "coordinates": [[79.98878756025894, 14.446845421435475], [79.98887505618632, 14.44682405829715], [79.98897868122525, 14.44679875761326], [79.98909521456098, 14.446770304717774], [79.98911185763163, 14.446849128112193], [79.98913057370768, 14.446936873347894], [79.98901519811115, 14.446965519263296], [79.98891029961513, 14.446991563945053], [79.98882899391108, 14.447011750375893], [79.98880779725211, 14.447017013152879], [79.98881199113329, 14.447033902378712], [79.98878036691643, 14.44704331877618], [79.98872701308318, 14.446860203955396], [79.98878756025894, 14.446845421435475]]}}, {"type": "Feature", "id": "w16-road-25", "properties": {"wardId": "ward-16", "segmentId": "w16-road-25", "lengthMeters": 342.9}, "geometry": {"type": "LineString", "coordinates": [[79.98955295622835, 14.446946474149614], [79.98954916865006, 14.446903692199786], [79.98954817035826, 14.446892411802727], [79.98949197177723, 14.446898672683536], [79.98942352604718, 14.446906297661897], [79.989332653042, 14.446916421031567], [79.98922230525396, 14.446928713702901], [79.98922106170009, 14.446928810525488], [79.9892198147989, 14.44692882687396], [79.98921856826932, 14.44692876095621], [79.98921733046045, 14.446928612808032], [79.98921610507077, 14.446928385157438], [79.98921489767045, 14.446928077124257], [79.9892137147451, 14.446927690544426], [79.98921256092495, 14.446927227245862], [79.98921144176384, 14.44692668996451], [79.989210361892, 14.446926080528339], [79.98920932686329, 14.446925401673287], [79.98920834129976, 14.446924657035343], [79.98920740890397, 14.44692384843849], [79.98920653428982, 14.446922981326757], [79.98920572207938, 14.446922059336138], [79.98920497504346, 14.446921085190656], [79.98920429593652, 14.446920065230424], [79.98920369031237, 14.446919002191377], [79.98920315814243, 14.446917902401687], [79.98920270311702, 14.446916770397408], [79.98920232799874, 14.446915610710581], [79.98920203275905, 14.446914429669395], [79.98918496096213, 14.446834394832377], [79.98916895910806, 14.44675860725287], [79.98916885240227, 14.446757995662773], [79.98916878839836, 14.446757377927572], [79.98916876893533, 14.446756757671311], [79.98916879307329, 14.446756137602069], [79.98916885986819, 14.446755521331983], [79.98916897024364, 14.446754909769048], [79.98916912417923, 14.446754307433382], [79.98916931887968, 14.44675371702515], [79.98916955618805, 14.446753141264333], [79.9891698323855, 14.446752581943112], [79.98917014745159, 14.446752043581572], [79.98917049953096, 14.446751526171782], [79.98917088767553, 14.446751034229866], [79.98917130909406, 14.446750569551945], [79.98917176285075, 14.446750133942082], [79.98917224522256, 14.446749730096432], [79.98917275620546, 14.446749358919014], [79.9891732911529, 14.446749022198], [79.9891738491249, 14.446748722641479], [79.98917442640668, 14.446748461137538], [79.98917502020703, 14.446748239482305], [79.98917562867466, 14.446748056763784], [79.98917624901429, 14.44674791568211], [79.9891768775111, 14.446747817125416], [79.98917751138617, 14.44674776017771], [79.98930096832693, 14.44674082143431], [79.98930143322127, 14.446740795402963], [79.98937534095951, 14.446738562083839], [79.98937557289182, 14.446738560366397], [79.98937580384336, 14.446738570397311], [79.98938937287419, 14.446739482910756], [79.98945783105593, 14.446744086065042], [79.98949446030518, 14.446746548450276], [79.98949477650537, 14.446746580543644], [79.98949509075628, 14.446746633421618], [79.98949540027083, 14.446746707976292], [79.98949570320181, 14.446746802391674], [79.98949599954922, 14.44674691666773], [79.98952473356864, 14.446754630221307], [79.9895258147224, 14.446754955792342], [79.98952601479928, 14.446755023549407], [79.9895268742538, 14.446755344553601], [79.98952790660077, 14.44675579557719], [79.9895289089885, 14.446756307043113], [79.98952987771442, 14.44675687712742], [79.98953080908002, 14.44675750310214], [79.9895316993787, 14.446758184047306], [79.98955940162442, 14.44678072940654], [79.98956042138626, 14.446781502214984], [79.98956149249707, 14.446782202920273], [79.98956261217793, 14.446782830606384], [79.98956377303186, 14.446783379817393], [79.98956497042454, 14.446783849629384], [79.98956619880214, 14.446784237306405], [79.98956745168313, 14.446784540108524], [79.98956872350143, 14.446784758011889], [79.98957000777146, 14.446784889180602], [79.98957129800351, 14.4467849326828], [79.98957258770382, 14.446784888490626], [79.98971606417777, 14.446775121643864], [79.98982707606653, 14.44676756514619], [79.9899367210333, 14.446760101277203], [79.98993735938762, 14.446760079604276], [79.98993799755016, 14.446760100420526], [79.98993863273786, 14.446760163713993], [79.98993926216365, 14.446760270376792], [79.98993988305259, 14.446760418588926], [79.98994049169806, 14.446760607430477], [79.98994108531298, 14.446760837793539], [79.98994166113057, 14.446761106050095], [79.98994221729143, 14.446761413096205], [79.98994275009296, 14.446761757107897], [79.9899432567644, 14.446762135361197], [79.98994373638213, 14.446762546948086], [79.98994418524768, 14.446762989140616], [79.98994460243743, 14.446763461030736], [79.98994498425293, 14.446763959890507], [79.98994533070639, 14.446764483007845], [79.98994563902701, 14.446765027658746], [79.98994590922298, 14.446765592035153], [79.98994613759581, 14.446766173409083], [79.98994632508541, 14.446766769072456], [79.98994646985274, 14.446767375401214], [79.98994657098237, 14.446767989679302], [79.98995591875578, 14.44684027537066], [79.98996272675568, 14.446928945883542], [79.98997279767939, 14.44706011764979], [79.98998524765406, 14.44714083959701], [79.98999149937251, 14.447162843657571], [79.98999164786719, 14.447163446386096], [79.98999175364769, 14.447164057971985], [79.98999181673034, 14.447164674799097], [79.98999183527201, 14.447165294147435], [79.98999181114029, 14.447165913312851], [79.98999174341975, 14.447166529579311], [79.98999163212672, 14.447167139330723], [79.98999147819703, 14.447167740762996], [79.9899912825706, 14.447168331168035], [79.98999104526784, 14.447168906025729], [79.98999076907587, 14.447169464443986], [79.98999045401104, 14.447170002806677], [79.98999010194089, 14.447170518409727], [79.98998971379724, 14.447171010353028], [79.98998929238356, 14.447171474128433], [79.9899888395592, 14.44717190883986], [79.98998835718777, 14.447172312687202], [79.98998784713277, 14.447172683870374], [79.98998731219353, 14.447173018785191], [79.98998675514909, 14.44717331834761], [79.98998617879468, 14.447173579857505], [79.98998558499385, 14.447173801514767], [79.98998497652964, 14.447173983331295], [79.9899461014707, 14.447184212279009], [79.98978286923702, 14.447216405202912], [79.98973227194413, 14.447226384065704], [79.98969959961426, 14.447233293705102], [79.9896280510541, 14.447248426159119], [79.98955871066983, 14.447263090725547], [79.98949798199418, 14.447275934395067], [79.98943214143969, 14.44728985905666], [79.98931043241069, 14.44731559947553], [79.98930919850794, 14.447315818385505], [79.98930795198919, 14.44731595497353], [79.98930669934825, 14.447316009267476], [79.9893054452235, 14.447315981287243], [79.98930419610873, 14.447315871060662], [79.98930295757005, 14.447315678611643], [79.98930173516943, 14.447315404868029], [79.98930053446486, 14.447315051661793], [79.98929936101831, 14.44731461992082], [79.98929822038772, 14.447314111477047], [79.9892971171952, 14.447313529966419], [79.98929605700272, 14.447312876316895], [79.98929504442829, 14.447312155068461], [79.98929408502578, 14.44731136895706], [79.98929318156596, 14.447310520706704], [79.98929233866274, 14.447309615761474], [79.9892915609423, 14.447308656853288], [79.98929085209497, 14.447307648518224], [79.98929021395158, 14.44730659618836], [79.98928965020247, 14.447305504399747], [79.98928916361024, 14.44730437768444], [79.9892887560017, 14.447303222378583], [79.98928842921588, 14.447302042106216], [79.9892688335097, 14.447220272440472], [79.98925592217408, 14.447161854823369], [79.98923521426887, 14.447068152455287], [79.9892239684661, 14.447017268130168], [79.98922099144498, 14.447003309609217], [79.98922077344355, 14.447002075560897], [79.98922064362493, 14.447000830138274], [79.98922060288821, 14.446999579673522], [79.98922065121296, 14.446998328686753], [79.98922078764294, 14.446997083502156], [79.98922101214545, 14.446995851351943], [79.98922132470011, 14.446994636756212], [79.9892217215635, 14.44699344693126], [79.98922220271928, 14.446992285493176], [79.98922276441998, 14.446991160562261], [79.989223404798, 14.446990074842619], [79.9892241210335, 14.446989036458563], [79.98922490940357, 14.446988048106224], [79.98922576617295, 14.44698711519382], [79.98922668668283, 14.44698624222162], [79.98922766720614, 14.446985432789768], [79.98922870215229, 14.446984692298535], [79.98922978779831, 14.446984023444095], [79.98923091856588, 14.446983428914617], [79.98923208887255, 14.446982912302367], [79.98923329314002, 14.446982476295492], [79.9892345248704, 14.446982121770203], [79.98923577941305, 14.446981851418654], [79.98923704934248, 14.446981666113047], [79.98937645803692, 14.446966135942619], [79.9894754952108, 14.446955102844518], [79.98955295622835, 14.446946474149614]]}}, {"type": "Feature", "id": "w16-road-26", "properties": {"wardId": "ward-16", "segmentId": "w16-road-26", "lengthMeters": 409.9}, "geometry": {"type": "LineString", "coordinates": [[79.98999885772386, 14.447217348255453], [79.98999949233612, 14.447217333798745], [79.99000012676069, 14.447217360927185], [79.99000075728276, 14.447217430528847], [79.99000138204693, 14.447217542595817], [79.99000199735069, 14.447217695304156], [79.99000260041097, 14.447217888641886], [79.99000318844469, 14.4472181225971], [79.9900037596088, 14.447218394449783], [79.9900043092689, 14.447218703276025], [79.99000483556964, 14.44721904906787], [79.9900053375956, 14.447219429109262], [79.9900058107206, 14.447219840668254], [79.99000625494465, 14.447220283744853], [79.99000666564562, 14.447220754703055], [79.99000704375533, 14.44722125264283], [79.99000738464755, 14.447221774832236], [79.99000768926633, 14.447222317659113], [79.99000795483269, 14.447222880207551], [79.99000817951165, 14.447223457949441], [79.99000836330323, 14.447224050884804], [79.99002941068204, 14.447301193511597], [79.99005244937165, 14.447385635771502], [79.99005293509668, 14.44738777772105], [79.9900712225191, 14.44746843066366], [79.99008755705793, 14.447540468754173], [79.99011033517104, 14.447640929519133], [79.99012798431524, 14.447708849905506], [79.99015514513424, 14.447813375942948], [79.99016544854437, 14.447864691041014], [79.99016696647047, 14.447872251722316], [79.99018136006268, 14.447943932528986], [79.99020456616145, 14.448026660526624], [79.99020583435102, 14.448031178939777], [79.99023758209815, 14.448146329945274], [79.99024838939202, 14.448186519345397], [79.99026842827772, 14.448261040431477], [79.99029117128016, 14.448334979148486], [79.99029133369562, 14.448335581032493], [79.99029145246898, 14.448336191769902], [79.9902915285361, 14.44833680955663], [79.99029156098563, 14.448337430772627], [79.99029154890208, 14.448338052701802], [79.99029149322948, 14.44833867173209], [79.99029139397192, 14.448339286959412], [79.99029125208152, 14.448339892963629], [79.99029106663879, 14.4483404879327], [79.99029084043495, 14.448341070070517], [79.99029057349037, 14.448341634856936], [79.99029026766861, 14.448342180491876], [79.9902899239096, 14.448342704267228], [79.99028954407683, 14.448343204382914], [79.99028912911433, 14.448343677226783], [79.99028868273696, 14.448344121910724], [79.99028820496098, 14.448344534818636], [79.99028770042895, 14.448344915066363], [79.990287169149, 14.448345260845871], [79.99028661577184, 14.448345569464973], [79.99028604122512, 14.448345840927608], [79.99028544922774, 14.448346073441664], [79.99028484164327, 14.448346265207029], [79.9900652775749, 14.448407605466798], [79.989854763445, 14.44846641773794], [79.98985352731347, 14.448466718004614], [79.98985227392728, 14.44846693592947], [79.98985100700942, 14.448467068816376], [79.98984973397731, 14.448467117601155], [79.9898484613329, 14.448467080503585], [79.98984719371059, 14.448466958447616], [79.98984593760417, 14.448466751461039], [79.9898446985716, 14.448466461375801], [79.98984348309857, 14.448466090027798], [79.98984229767882, 14.448465637444833], [79.98984114601092, 14.448465106354922], [79.98984003457642, 14.448464499497977], [79.98983896799743, 14.448463820509964], [79.9898379527596, 14.448463071226769], [79.9898369916256, 14.448462256180484], [79.98983609107697, 14.448461378110988], [79.9898352538723, 14.448460442454378], [79.9898344846337, 14.448459452846643], [79.98983378704744, 14.448458414727812], [79.98983316388025, 14.448457331725951], [79.98983261881432, 14.44845621018514], [79.98983215368459, 14.448455054633405], [79.98981676104893, 14.448412552005449], [79.98981630510238, 14.448411417286046], [79.98981577201492, 14.448410313877382], [79.98981516360932, 14.448409249019612], [79.98981448265636, 14.448408225436724], [79.98981373283823, 14.448407249472824], [79.98981291691761, 14.448406325659946], [79.98981203859297, 14.448405456726066], [79.98981110248236, 14.448404647211232], [79.9898101132038, 14.448403901655402], [79.98980907353219, 14.4484032218786], [79.98980798993686, 14.448402613332785], [79.98980686612856, 14.448402076033888], [79.98980570858068, 14.448401614529848], [79.9898045209999, 14.448401229740595], [79.98980330986775, 14.448400924406076], [79.9898020807504, 14.448400698550136], [79.98980083827809, 14.448400554000708], [79.98979958801286, 14.448400491685673], [79.98979833737623, 14.44840051163688], [79.98979709007894, 14.44840061387019], [79.98979585354655, 14.448400797513445], [79.9897325644333, 14.44841233475452], [79.9896849785148, 14.448421010216334], [79.98956920115019, 14.448442115829128], [79.98956792841724, 14.448442303836114], [79.98956664587165, 14.448442405013004], [79.98956535907955, 14.448442419383644], [79.98956407453473, 14.448442346975888], [79.989562798731, 14.448442187817598], [79.98956153630273, 14.448441942832671], [79.98956029466736, 14.448441612956954], [79.98955907937871, 14.448441200926412], [79.98955789693063, 14.448440706768872], [79.98955675194523, 14.448440134120347], [79.98955564997638, 14.44843948571677], [79.98955459750563, 14.448438764298064], [79.98955359915512, 14.448437973500218], [79.98955265861517, 14.448437117859262], [79.98955178143962, 14.448436200111134], [79.98955097224247, 14.448435225699894], [79.98955023379042, 14.448434198253574], [79.98954956976566, 14.44843312411625], [79.98954898479026, 14.448432006923918], [79.9895484797593, 14.44843085391274], [79.98954805836713, 14.448429668714724], [79.98954772243653, 14.44842845857004], [79.98953525140256, 14.44837646155128], [79.98951983107825, 14.448312165954038], [79.98950216531746, 14.448238509316479], [79.98949484232541, 14.448202492522016], [79.9894775372467, 14.448117378698353], [79.9894630147322, 14.448045945921303], [79.98944293984864, 14.447947208961237], [79.98943973893525, 14.447931466711621], [79.98943960528058, 14.447930864950532], [79.98942805573671, 14.447882718577675], [79.9893969883414, 14.447753212412078], [79.98938043801043, 14.447684222695408], [79.98934685996171, 14.447545343498033], [79.98933292369765, 14.447487699868464], [79.98932716543507, 14.447463672856951], [79.98931424394479, 14.447409757327751], [79.98931400254227, 14.447408569285276], [79.98931384283304, 14.447407368936592], [79.98931376572433, 14.447406160805821], [79.98931377119166, 14.44740495031712], [79.98931386106588, 14.44740374290257], [79.98931403253947, 14.447402543974395], [79.98931428651555, 14.447401358960711], [79.9893146211184, 14.447400192373694], [79.98931503538765, 14.44739905144156], [79.9893155274516, 14.447397939772445], [79.98931609357909, 14.447396861870544], [79.98931673281389, 14.447395824060058], [79.98931744235249, 14.447394830849168], [79.98931821847194, 14.447393884934032], [79.9893190574329, 14.447392992626916], [79.9893199564401, 14.447392156627933], [79.98932090990701, 14.447391381433357], [79.98932191503835, 14.447390669743285], [79.98932296717935, 14.44739002515397], [79.98932406075167, 14.44738945035358], [79.98932519110058, 14.447388948938302], [79.98932635358356, 14.44738852179231], [79.98932754262229, 14.447388171603762], [79.98942515267568, 14.447362871155494], [79.98948190161859, 14.447348161673776], [79.98953412921513, 14.447334624316708], [79.98974515439674, 14.447279926041519], [79.98978320333696, 14.447270627462368], [79.98995778971734, 14.447227956543246], [79.989996980571, 14.447217645775776], [79.98999759812854, 14.447217504680072], [79.9899982256988, 14.447217406117268], [79.98999885772386, 14.447217348255453]]}}, {"type": "Feature", "id": "w16-road-27", "properties": {"wardId": "ward-16", "segmentId": "w16-road-27", "lengthMeters": 370.8}, "geometry": {"type": "LineString", "coordinates": [[79.98976857443279, 14.448466742518432], [79.98976956643739, 14.448467500742709], [79.98977050434631, 14.448468322922006], [79.98977138168209, 14.448469205412419], [79.98977219660975, 14.44847014368585], [79.98977294357951, 14.448471134102352], [79.98977361983279, 14.448472171225822], [79.98977422167513, 14.448473251424275], [79.9897747472798, 14.448474368361568], [79.98977519481174, 14.448475517509648], [79.98979523577499, 14.44853290342354], [79.9898485007267, 14.448685420372712], [79.98986956658857, 14.448745738867567], [79.98990848456317, 14.44885717339259], [79.98995272925478, 14.448983862951032], [79.9899931969563, 14.449099734818246], [79.99003302541121, 14.449213777774922], [79.99007419932245, 14.449331672288135], [79.99011562422501, 14.449450284776779], [79.9901551826094, 14.449563554507595], [79.99015554838992, 14.449564729521914], [79.99015583058024, 14.44956592587494], [79.99015602920478, 14.449567138142543], [79.99015614336041, 14.449568360896615], [79.99015617121617, 14.449569588705032], [79.99015611373243, 14.449570814339573], [79.99015597092549, 14.449572034184154], [79.99015574467927, 14.449573241918554], [79.990155433167, 14.449574431206642], [79.99015504104344, 14.449575598452212], [79.9901545674176, 14.449576735515056], [79.99015401601251, 14.449577839699016], [79.99015338963981, 14.449578904687838], [79.99015269017936, 14.449579925065327], [79.99015192042647, 14.449580898131327], [79.99015108597995, 14.449581816677531], [79.99015018870332, 14.449582678903829], [79.99014923325957, 14.449583479405943], [79.99014822522705, 14.449584215495662], [79.99014716740925, 14.449584882664782], [79.99014606631228, 14.449585478229098], [79.99014492565911, 14.449585999492404], [79.98994878684123, 14.449667893915631], [79.9898407526153, 14.449713000776557], [79.98975574858274, 14.449748492408666], [79.98975456651242, 14.44974894026498], [79.98975335697462, 14.44974930754379], [79.98975212368009, 14.44974959426099], [79.98975087313497, 14.449749797732366], [79.98974961183306, 14.449749917985761], [79.98974834442103, 14.449749953233002], [79.98974707831225, 14.44974990531399], [79.98974581815332, 14.449749772440535], [79.98974456950634, 14.449749555540555], [79.98974333978063, 14.449749257357913], [79.9897421336187, 14.449748877008503], [79.98974095750218, 14.449748417232238], [79.98973981512958, 14.449747880757123], [79.98973871391428, 14.449747269422993], [79.98973765755073, 14.449746586861869], [79.98973665252461, 14.449745834909667], [79.98973570159859, 14.449745018098426], [79.98973481032658, 14.449744139164089], [79.98973398239485, 14.449743203546701], [79.98973322242557, 14.44974221488229], [79.98973253317726, 14.449741178606905], [79.98973191834442, 14.44974009835256], [79.98973138068563, 14.449738979555331], [79.98973092203174, 14.449737827647343], [79.98968832185383, 14.449618811380711], [79.98964806431752, 14.449506339568615], [79.98960857638703, 14.449396017246887], [79.989561489032, 14.449264463451112], [79.98952152386303, 14.449152808321463], [79.98950963225201, 14.449119586216657], [79.98948408390234, 14.449052872263], [79.98947461697425, 14.449028150413147], [79.98945616852978, 14.448976605089067], [79.98943977592886, 14.448930802919023], [79.98943241148373, 14.44890786562372], [79.98940675301681, 14.448827953988014], [79.98939792434682, 14.448805290664518], [79.9893771150344, 14.448751871978974], [79.9893755257413, 14.448747793357509], [79.9893680681036, 14.448728649020525], [79.98933669329429, 14.448658564203601], [79.9893009687861, 14.448578761259979], [79.98930050086366, 14.448577608407504], [79.98930011377668, 14.44857642787651], [79.98929981214721, 14.448575223302937], [79.98929959501491, 14.448574001915036], [79.9892994642107, 14.448572769144901], [79.98929942064179, 14.448571529516634], [79.98929946519911, 14.448570291170427], [79.98929959601098, 14.448569057714417], [79.98929981304475, 14.448567836380818], [79.98930011535228, 14.44856663168575], [79.98930050197319, 14.448565450857444], [79.98930097010405, 14.448564298404085], [79.98930151879264, 14.448563179745804], [79.98930746461417, 14.448552054798446], [79.98930810133095, 14.448550959118801], [79.9893088148416, 14.448549908970667], [79.98930960141092, 14.448548909762236], [79.9893104573077, 14.448547965997767], [79.98931137879671, 14.448547083085437], [79.98931236122318, 14.448546264621475], [79.98931339900055, 14.448545515102113], [79.98931448840584, 14.448544837223514], [79.98931562385246, 14.448544235481924], [79.9893167988385, 14.448543711657528], [79.98931800871321, 14.448543268442512], [79.98931924789419, 14.448542909429078], [79.98932050895989, 14.448542634585417], [79.98934325647888, 14.448538487682566], [79.98942296284693, 14.448523958070405], [79.98950240181195, 14.448509476102092], [79.98952374083527, 14.448505586216983], [79.98959943341062, 14.44849178787681], [79.98965699296653, 14.44848129468253], [79.98973039685207, 14.44846791319307], [79.98975421767129, 14.448463570154269], [79.98975546534038, 14.448463385654966], [79.98975672191492, 14.448463283461665], [79.98975798274827, 14.448463265362522], [79.98975924227844, 14.448463330429634], [79.98976049401159, 14.448463478635173], [79.98976173238162, 14.448463709955279], [79.98976295275824, 14.448464022562005], [79.98976414772814, 14.448464414615486], [79.98976531265691, 14.448464885191807], [79.98976644199072, 14.448465431555025], [79.98976753109928, 14.448466051877233], [79.98976857443279, 14.448466742518432]]}}, {"type": "Feature", "id": "w16-road-28", "properties": {"wardId": "ward-16", "segmentId": "w16-road-28", "lengthMeters": 133.5}, "geometry": {"type": "LineString", "coordinates": [[79.98686445368463, 14.44296380413687], [79.98705112051137, 14.442908951811875], [79.98705125984911, 14.442908910824771], [79.98715543111007, 14.443238165695961], [79.98715605624088, 14.443240244062066], [79.98715550254666, 14.44324041977894], [79.9871474172475, 14.44324299952314], [79.98706946374827, 14.443267868302634], [79.98696663442776, 14.443300521519063], [79.98692257688089, 14.443306058353775], [79.98691605155618, 14.443306878297438], [79.98688891220357, 14.443308717990135], [79.98679615251298, 14.442998981520782], [79.98679970056952, 14.442992905340056], [79.98680754503116, 14.44298799033662], [79.98686445368463, 14.44296380413687]]}}, {"type": "Feature", "id": "w16-road-29", "properties": {"wardId": "ward-16", "segmentId": "w16-road-29", "lengthMeters": 1196.0}, "geometry": {"type": "LineString", "coordinates": [[79.99407147578457, 14.44515609368818], [79.99393748879505, 14.445221379483312], [79.99385121453678, 14.44526341711984], [79.99380386246597, 14.445286489544532], [79.99375715933817, 14.445309245602687], [79.99365822886396, 14.445362341623074], [79.99365794249756, 14.445362483239066], [79.99365764787558, 14.44536260402679], [79.99365734498988, 14.445362705794318], [79.99365703570398, 14.44536278674155], [79.99365672094955, 14.44536284596837], [79.99365640350558, 14.445362884390716], [79.99365608337212, 14.445362902008585], [79.99365576334024, 14.445362897025804], [79.99365544432956, 14.445362871254403], [79.99365512727177, 14.445362823794289], [79.99365481494993, 14.445362754657364], [79.99365450828357, 14.445362665655654], [79.99365420820445, 14.445362555889083], [79.9936539165679, 14.445362425365566], [79.99365363521706, 14.4453622768051], [79.99365336508372, 14.445362109307625], [79.99365310801913, 14.445361923785091], [79.99365286401924, 14.44536172114154], [79.99365263493127, 14.44536150319293], [79.99365242168288, 14.445361269943225], [79.99365222612131, 14.44536102320839], [79.99365204824657, 14.445360762988447], [79.99365188897005, 14.445360492903427], [79.9935860249924, 14.445238892666493], [79.99353056505713, 14.445136498945208], [79.99351941032481, 14.4451159051182], [79.9934962548476, 14.445132674767336], [79.99347248947892, 14.44515097597035], [79.99348367548093, 14.44517162959975], [79.9935077394835, 14.445216057607977], [79.99353230676645, 14.445261414407732], [79.99356200520154, 14.445316244889455], [79.99360089500567, 14.445388043731374], [79.99360103106993, 14.445388318237487], [79.99360114854, 14.44538860170465], [79.99360124650045, 14.445388891416783], [79.99360132402356, 14.44538918736996], [79.99360138019387, 14.445389486848104], [79.99360141593498, 14.445389790759238], [79.99360143033549, 14.445390095483258], [79.99360142432712, 14.445390400120141], [79.99360139698221, 14.445390704665911], [79.99360134831703, 14.445391005504451], [79.99360127832749, 14.445391303539797], [79.99360118888116, 14.445391596067806], [79.99360107905848, 14.445391881276452], [79.99360094978712, 14.445392159169687], [79.99360080107522, 14.445392427939474], [79.99360063478221, 14.445392686689706], [79.9936004509162, 14.445392933612334], [79.99360024948126, 14.445393167803342], [79.99360003326447, 14.445393388370563], [79.993599802274, 14.445393593505965], [79.99359955650576, 14.445393784113564], [79.99359929968263, 14.445393957497139], [79.9935990299493, 14.44539411364877], [79.99349126591741, 14.445451950642376], [79.99344336571212, 14.445477658646304], [79.99337808494366, 14.445512693544588], [79.99337780322342, 14.445512833371971], [79.99337751138414, 14.445512954171214], [79.9933772122129, 14.44551305505019], [79.99337690571379, 14.445513135104871], [79.99337659559342, 14.445513195255153], [79.99337628092819, 14.445513234593017], [79.99337596542881, 14.445513253134328], [79.99337564816759, 14.445513250875129], [79.99337533285932, 14.445513226927218], [79.99337501857224, 14.445513182190696], [79.99337470901706, 14.445513116681404], [79.99337440512149, 14.445513030403276], [79.99337410780907, 14.445512924264317], [79.99337381800348, 14.44551279917253], [79.99337353849177, 14.44551265423576], [79.99337326926177, 14.445512492166092], [79.99337301217693, 14.445512311163396], [79.9933727681487, 14.44551211484773], [79.99337253903647, 14.445511902323016], [79.99337232483619, 14.445511674493256], [79.9933721264674, 14.445511433170482], [79.99337194670908, 14.445511179270587], [79.9933717846254, 14.445510914597682], [79.99337164114401, 14.445510639155705], [79.9933715171845, 14.445510354756692], [79.99337141459408, 14.445510063216615], [79.99333663938108, 14.4453998555657], [79.99332147552609, 14.44536845665878], [79.99329261865427, 14.445383108166997], [79.99330009457259, 14.445406906490362], [79.99333441670147, 14.44551616115687], [79.99333482341142, 14.44551813913232], [79.99333816612884, 14.445534380080087], [79.99333881283937, 14.445551886924413], [79.9933388143537, 14.445552168992332], [79.99333879731451, 14.445552450980971], [79.99333529005473, 14.445590733975584], [79.99333527507827, 14.445590969866831], [79.99333527215754, 14.445591206713642], [79.99333528222427, 14.445591443615925], [79.99333870179426, 14.445640303669581], [79.99334177707397, 14.445684239737957], [79.99334246536044, 14.445686934918275], [79.99334323842041, 14.445689964052619], [79.993345081522, 14.445695583320887], [79.99334729814352, 14.445701072194392], [79.99334804081819, 14.445702606815749], [79.99334987818223, 14.445706408028904], [79.993352812463, 14.445711568184123], [79.99335608624472, 14.445716529995996], [79.99335968663748, 14.445721271712433], [79.99336359795619, 14.445725774281488], [79.99336780359619, 14.44573001683925], [79.99337228600888, 14.445733982133941], [79.99337702393493, 14.445737652897874], [79.99338199888993, 14.445741013683378], [79.99338718960236, 14.445744049934879], [79.99339257201358, 14.445746747988958], [79.9933981248358, 14.445749096906138], [79.99341515005572, 14.445755661560437], [79.99343177065334, 14.445763084230279], [79.9934316611436, 14.445764743585611], [79.99342765391852, 14.445825497148753], [79.99342497682677, 14.445866077247645], [79.99342136685254, 14.44592080434763], [79.9934165173851, 14.44599432030385], [79.99341598636792, 14.446001828825334], [79.99340701476287, 14.44612864130349], [79.9934026032292, 14.44619100323723], [79.99339684342281, 14.446272412117981], [79.99339107958639, 14.446353890591896], [79.99338508001996, 14.446438688607897], [79.9933790774686, 14.446523530004184], [79.9933771090362, 14.446545771901977], [79.9933736187906, 14.446585217565454], [79.99336510807557, 14.446695348792622], [79.99335448733605, 14.44683279660719], [79.99319991596292, 14.446818347782559], [79.99318974245148, 14.446817396656527], [79.99311136069554, 14.446810069883286], [79.99303841668639, 14.44680325179205], [79.9930030685845, 14.446799947437633], [79.9929563915479, 14.446795583943386], [79.99296981289027, 14.44684169143623], [79.99303726630575, 14.446847996999589], [79.9931370105009, 14.446857320799298], [79.99319231895306, 14.446862491381864], [79.99318174679657, 14.447008083910077], [79.99318718378042, 14.447008143302149], [79.99319250546456, 14.446934856295009], [79.99319772331474, 14.446862996327269], [79.99327971232844, 14.44687066032332], [79.99337188877632, 14.446879276373487], [79.99336762565044, 14.446945553441267], [79.99336347529916, 14.447010063586239], [79.99335570509585, 14.447130864774131], [79.99334730347842, 14.447261483881139], [79.99334724843149, 14.447263203135634], [79.99334730563427, 14.447264922869689], [79.99334747512337, 14.44726663494703], [79.99334775507187, 14.447268333031587], [79.99334808255138, 14.447269776379073], [79.99334814550824, 14.447270010795158], [79.99339064837207, 14.447429170124591], [79.9934087682462, 14.447497020917126], [79.99341509376693, 14.447528269061479], [79.99342340132779, 14.447569312841372], [79.99343877259496, 14.447604336940094], [79.99345566271977, 14.447642821874133], [79.99345589021974, 14.447643393297021], [79.99345607776823, 14.447643978109907], [79.9934562235221, 14.447644573592772], [79.99345632841718, 14.447645177941535], [79.99345639061433, 14.447645787532169], [79.99345641012577, 14.447646399652573], [79.99345638695962, 14.44764701249473], [79.9934563220639, 14.447647621542467], [79.99345621358734, 14.447648225883812], [79.99345606433327, 14.447648821010544], [79.99345587431394, 14.447649404210583], [79.99345564353337, 14.44764997457989], [79.99345537386323, 14.447650528510307], [79.99345506624746, 14.447651062389694], [79.9934547225455, 14.447651575321943], [79.99345434369724, 14.447652064598946], [79.99336818329265, 14.44775579165044], [79.99334799539196, 14.447782426201401], [79.99332107880323, 14.44781793863405], [79.99331479714908, 14.447826225375332], [79.99329856714476, 14.447842889868785], [79.99325524922467, 14.447887366319561], [79.99312970315805, 14.448033517157457], [79.99309264708718, 14.447908755489378], [79.99305674355023, 14.447787021861158], [79.99302657846815, 14.447684744248587], [79.99299696712096, 14.447583319703703], [79.99298116423456, 14.447529193118852], [79.9929655870308, 14.44747583683812], [79.99294519141253, 14.447405975646822], [79.99294253369247, 14.4473968732336], [79.9929278451299, 14.447348283246379], [79.99289912799578, 14.44725328664185], [79.99286108348971, 14.447127435869085], [79.99282152345812, 14.446996572024593], [79.9928016977594, 14.446930987573923], [79.9927724048513, 14.446834084581978], [79.99276595960636, 14.446812764111835], [79.99274397086371, 14.446739276309636], [79.99272317209869, 14.44666976505255], [79.99290183544232, 14.446635406619155], [79.99290189252629, 14.446622722237503], [79.99299946591383, 14.446604600917688], [79.99299865845326, 14.446599733716328], [79.99295382230449, 14.446605406638547], [79.99289059611831, 14.4466134066157], [79.99289053576675, 14.446626816929799], [79.99288433132847, 14.446627845431218], [79.9928017825127, 14.446641525170758], [79.99271883540851, 14.446655270981436], [79.9926938763553, 14.446571856745145], [79.99269098187534, 14.446562183770634], [79.99265148145302, 14.446416056299228], [79.99279005776394, 14.446403155798608], [79.99288865488072, 14.446393978070818], [79.99295241441759, 14.446388042491444], [79.99302701585438, 14.44638109820586], [79.99302736913624, 14.446360106934657], [79.9930278629811, 14.44633076200333], [79.99302884361467, 14.446322090093696], [79.99303236890162, 14.446290950030088], [79.99303554644524, 14.446262870473783], [79.99303923794542, 14.446230252105803], [79.99304253524976, 14.446201121658953], [79.99305155549237, 14.44615075980825], [79.99305339147794, 14.446140228320662], [79.99305665684736, 14.446121493326697], [79.9930622504749, 14.446090857515145], [79.99306262522596, 14.446088804226788], [79.99306543499029, 14.446058133918672], [79.9930636653528, 14.44598835412942], [79.99306294076109, 14.445980738991542], [79.99305771538425, 14.445925820462973], [79.99305705189832, 14.445918851072852], [79.9930493603522, 14.445872465212387], [79.99304562566424, 14.445849944008641], [79.99304294792096, 14.445838696216725], [79.99302943904067, 14.445781948671199], [79.99302567641195, 14.445769967584804], [79.99299356059622, 14.445667693385515], [79.99297152722527, 14.4455975286712], [79.99295883093319, 14.445557915305073], [79.99293542999763, 14.445484900624988], [79.99292678360466, 14.44545074147834], [79.99287632535811, 14.445251404960707], [79.99287625901286, 14.44525109911065], [79.99287621495215, 14.445250788835622], [79.9928761922361, 14.44525047684371], [79.99287619271598, 14.445250164046902], [79.99287621545601, 14.445249852249248], [79.99287625952444, 14.445249542350837], [79.99287632584078, 14.445249236163669], [79.99287641346925, 14.445248935491843], [79.99287652333342, 14.445248641243333], [79.99287665264623, 14.445248354310282], [79.99287680232315, 14.445248077408728], [79.99287697143241, 14.445247811438742], [79.99287715903823, 14.445247558204386], [79.992877364217, 14.44524731679771], [79.99287758602473, 14.445247090830808], [79.9928778226102, 14.445246879391759], [79.99287807396117, 14.445246685192615], [79.99287833914997, 14.445246508229427], [79.99287861631309, 14.445246350302314], [79.9928789035993, 14.445246210499322], [79.99287920007276, 14.445246090624526], [79.99287950387813, 14.445245990670022], [79.9928798150113, 14.445245911539816], [79.99288013068524, 14.445245854126046], [79.99297267786505, 14.445232126645703], [79.99310528609288, 14.44521148349944], [79.99310818159339, 14.445211033000426], [79.99312592035854, 14.445207243100459], [79.99315633247937, 14.4452007400679], [79.99316769048907, 14.445197587375842], [79.99318627775878, 14.445192427854819], [79.99321564194972, 14.445182337614781], [79.99323195601976, 14.445175606192404], [79.9932443135557, 14.445170507745523], [79.99327218569022, 14.445156982992826], [79.99329915144241, 14.445141813526648], [79.99332510943101, 14.445125057677009], [79.99333752041024, 14.445117357617185], [79.99334182764873, 14.445114684679194], [79.99337507359247, 14.445092357598668], [79.99337887527878, 14.445089263024538], [79.99341413795514, 14.445060555679355], [79.99343576836742, 14.445042946900754], [79.99345233731803, 14.445029457020137], [79.99349405156883, 14.444995498508224], [79.99352364288565, 14.444971407376888], [79.9935304175009, 14.444963432814834], [79.9935331211909, 14.444960250376823], [79.99353955151646, 14.444952301465431], [79.99354303234138, 14.4449460847611], [79.99354832038685, 14.44493613755605], [79.99355256111257, 14.44493154414207], [79.99356103468251, 14.444924522463566], [79.99356850725442, 14.444918330037803], [79.9935731518866, 14.444914481471752], [79.99360594156155, 14.444887982055423], [79.99362425284747, 14.44487218886711], [79.99364708110485, 14.444854735252967], [79.99366780695722, 14.444843733855791], [79.99368920141454, 14.444832377310448], [79.99374282114522, 14.444795627272734], [79.99379197383564, 14.444762221190606], [79.99379755161382, 14.44475984024969], [79.99381173540205, 14.44475378495365], [79.99388433482866, 14.444722789687257], [79.99388462848948, 14.444722676127412], [79.99388492948636, 14.444722581583799], [79.99388523595579, 14.44472250785655], [79.9938855469742, 14.444722454037663], [79.99388586067806, 14.444722421927292], [79.99388617614788, 14.444722409713405], [79.99388649152017, 14.444722419196124], [79.99388680587538, 14.44472244856347], [79.99388711735006, 14.444722499615551], [79.99388742409693, 14.4447225705364], [79.99388772611198, 14.444722662230042], [79.99388802061624, 14.44472277378059], [79.99388830575845, 14.44472290427606], [79.99388858246623, 14.444723053720438], [79.99388884703706, 14.444723220289811], [79.99388910039453, 14.44472340489219], [79.99388933976375, 14.44472360570763], [79.99388956422112, 14.444723821828148], [79.99388977377069, 14.444724052349704], [79.99388996563759, 14.444724295452383], [79.99389014074542, 14.44472455204417], [79.99389029818275, 14.444724818505001], [79.99389043609018, 14.44472509573097], [79.9938905544799, 14.444725381009999], [79.99391653046987, 14.444794785913327], [79.99393374299781, 14.444840775749512], [79.99394466984211, 14.444869971461706], [79.99396747334114, 14.444919522684167], [79.99401166555276, 14.445015548049533], [79.99404372058088, 14.445085203093257], [79.99407363317891, 14.44515020130228], [79.99407375525537, 14.445150492021236], [79.99407385503513, 14.44515078987737], [79.99407393437353, 14.4451510948786], [79.99407399143149, 14.445151403400901], [79.9940740271326, 14.445151716352255], [79.99407403963778, 14.44515203010865], [79.99407402987876, 14.445152343770015], [79.9940739978596, 14.445152656432313], [79.9940739435925, 14.445152965383471], [79.99407386707743, 14.445153270623512], [79.99407376925025, 14.445153570348308], [79.99407365105077, 14.445153861849777], [79.99407351155133, 14.445154145123917], [79.99407335261543, 14.44515441837064], [79.99407317425117, 14.445154679781872], [79.99407297739029, 14.44515492845753], [79.9940727638922, 14.445155163501537], [79.99407253376098, 14.445155384009846], [79.99407228886011, 14.445155588182343], [79.99407203012132, 14.445155775118947], [79.99407175847632, 14.44515594391959], [79.99407147578457, 14.44515609368818]]}}, {"type": "Feature", "id": "w16-road-30", "properties": {"wardId": "ward-16", "segmentId": "w16-road-30", "lengthMeters": 448.5}, "geometry": {"type": "LineString", "coordinates": [[79.99355172404415, 14.444905615321526], [79.9935514020763, 14.44490562841125], [79.99355108021008, 14.44490561890032], [79.99355076029678, 14.444905587700694], [79.99355044326406, 14.444905534816336], [79.99355013003554, 14.444905461155233], [79.99354982339831, 14.444905365825235], [79.99354952427191, 14.444905250638374], [79.99354923451168, 14.444905115602545], [79.99354895411761, 14.444904960717784], [79.99354868586461, 14.444904787803985], [79.99354843068036, 14.44490459686515], [79.9935481894844, 14.444904389713267], [79.99354796413206, 14.44490416635628], [79.99354775461929, 14.444903927698194], [79.99354756278923, 14.444903676459024], [79.99354738864189, 14.444903412638755], [79.99354723495621, 14.444903137153304], [79.99354709986467, 14.444902852706843], [79.99354698615029, 14.444902559311233], [79.99354689380492, 14.444902258774542], [79.99354682282043, 14.444901952904804], [79.99353031523718, 14.444817425791491], [79.99353026652503, 14.444817118208782], [79.99353023916157, 14.444816808005124], [79.99353023407039, 14.444816496088478], [79.99353025123932, 14.44481618517096], [79.99353028973661, 14.444815876152603], [79.99353035048586, 14.444815569941406], [79.99353043347489, 14.444815269249448], [79.99353053592066, 14.444814974064837], [79.99353066059399, 14.444814687111538], [79.99353080378422, 14.44481440837371], [79.99353096733448, 14.44481414057133], [79.99353114938533, 14.44481388460055], [79.99353134900916, 14.444813640457358], [79.99353156526605, 14.444813410849898], [79.99353179722428, 14.444813196678219], [79.9935320430285, 14.444812997934411], [79.99353230359418, 14.444812817334489], [79.99353257521472, 14.444812653958621], [79.9935328588137, 14.444812508714756], [79.99353315159996, 14.444812383399077], [79.99353345264585, 14.444812278007625], [79.993533760096, 14.444812192532481], [79.99353407301464, 14.44481212877771], [79.99353749974841, 14.444811544935243], [79.9935378052416, 14.444811482052796], [79.9935381052541, 14.444811400162052], [79.99353839886236, 14.444811298354994], [79.99353868513458, 14.444811177531713], [79.99353896221137, 14.4448110385883], [79.99353922916507, 14.44481088152078], [79.9935394850639, 14.444810707229234], [79.99353972804852, 14.444810516609763], [79.99353995718712, 14.444810310562426], [79.99354017154802, 14.44481008998729], [79.9935403711271, 14.444809855788375], [79.99354055313323, 14.444809609761856], [79.99354071756642, 14.444809351907734], [79.99354086442261, 14.444809083130025], [79.99354099276192, 14.44480880613685], [79.99354110072493, 14.444808521824307], [79.99354119016698, 14.444808230200335], [79.9935412582929, 14.444807933965116], [79.9935413060303, 14.444807633122593], [79.99354133243935, 14.444807330380922], [79.99354133844366, 14.444807026648053], [79.99354132403916, 14.444806722828043], [79.99354128829003, 14.444806420724944], [79.99349736022124, 14.44452113045398], [79.9934457761084, 14.444186106799199], [79.99341201830349, 14.443966863236684], [79.99340618740106, 14.44392899327716], [79.99337328646479, 14.443733761140173], [79.99334340261784, 14.44355642838005], [79.99334099490213, 14.443539802686336], [79.9933239088109, 14.443421809929346], [79.99329134631269, 14.443196938361833], [79.99345017571073, 14.443172681374437], [79.99363795386643, 14.443144003255982], [79.99365406582342, 14.443262045180958], [79.99366339619581, 14.44333040718741], [79.99368491385705, 14.44348805391853], [79.99369300485506, 14.44354733674946], [79.99371268668334, 14.443682691876324], [79.99374442761673, 14.44390098207995], [79.99374693511203, 14.443916468198507], [79.99379004282187, 14.44418268686601], [79.99381285670204, 14.444326277629745], [79.99382736529682, 14.444417592794112], [79.9938599215732, 14.444630989260656], [79.99386765677298, 14.444644789958058], [79.993874597752, 14.444657172436937], [79.9938948013112, 14.444693217911826], [79.99389494477653, 14.444693496969604], [79.9938950687201, 14.444693784984475], [79.99389517129464, 14.444694080140481], [79.9938952534279, 14.444694382441549], [79.99389531327667, 14.444694689167713], [79.99389535177679, 14.44469499851486], [79.99389536800055, 14.44469531047906], [79.99389536196016, 14.44469562234819], [79.99389533458735, 14.444695933222224], [79.99389528495853, 14.444696242193157], [79.99389521308586, 14.444696546548917], [79.99389511990516, 14.444696844485401], [79.99389500634004, 14.444697136910598], [79.99389487147909, 14.444697420204465], [79.99389471810936, 14.444697693474842], [79.99389454437554, 14.444697956713792], [79.99389435307282, 14.444698207221158], [79.99389414513294, 14.444698444096836], [79.99389392055996, 14.444698666436807], [79.99389368028565, 14.444698873341023], [79.99389342617343, 14.444699063009333], [79.99389315915101, 14.444699235445727], [79.99389288015011, 14.444699389750095], [79.99389259195785, 14.444699525030329], [79.99381356243234, 14.444733265548104], [79.99379822052124, 14.44473981493168], [79.99378285722814, 14.444746374167408], [79.99373217846136, 14.444780817901773], [79.99371716762347, 14.444791105103903], [79.99367939530863, 14.444816993825777], [79.99363684631109, 14.444839579563086], [79.99361236758607, 14.444858294500996], [79.99359386817876, 14.444874249612841], [79.99356225445356, 14.444899798475793], [79.99355384315768, 14.444904937298444], [79.99355356506773, 14.444905095222452], [79.99355327593513, 14.444905233210353], [79.99355297761524, 14.44490535127007], [79.99355267196744, 14.4449054485055], [79.99355235991536, 14.444905525824629], [79.99355204332247, 14.444905581427337], [79.99355172404415, 14.444905615321526]]}}, {"type": "Feature", "id": "w16-road-31", "properties": {"wardId": "ward-16", "segmentId": "w16-road-31", "lengthMeters": 480.8}, "geometry": {"type": "LineString", "coordinates": [[79.99294068225124, 14.443184010537378], [79.99284391178918, 14.443198443246768], [79.99282720059087, 14.443080694353364], [79.99281199912834, 14.442973581649117], [79.99279074983329, 14.442823853628356], [79.99277587929122, 14.442719072958925], [79.99277186556006, 14.442719613601906], [79.99271572435599, 14.442727180102391], [79.9927668827847, 14.443087659905506], [79.9927838762973, 14.443207397094387], [79.9926138911377, 14.443232748657007], [79.99252216321054, 14.443246428922805], [79.99242586335849, 14.443260791145292], [79.99242086883469, 14.443225727279122], [79.99240767931433, 14.443133128532184], [79.99239997081285, 14.44307901120548], [79.99238364465451, 14.442964395545177], [79.99237816904335, 14.442925952116703], [79.99237434459677, 14.442901547398575], [79.99235692578846, 14.442790404014811], [79.9923403898117, 14.442684899304165], [79.99231967141533, 14.442552702922248], [79.9923079809413, 14.442466731789368], [79.992285820377, 14.442303753805644], [79.9922781490363, 14.442248191972855], [79.99227811792332, 14.442247890793508], [79.99227810722297, 14.44224758879737], [79.99227811785886, 14.442247286892476], [79.99227814889925, 14.44224698597885], [79.99227820126772, 14.442246686964472], [79.99227827309271, 14.44224639345756], [79.99227836530592, 14.442246104558011], [79.99227847697153, 14.44224582206993], [79.99227860808145, 14.442245547801358], [79.99227875677624, 14.442245282648402], [79.99227892397953, 14.44224502751906], [79.99227910875548, 14.442244784217385], [79.99227930924472, 14.442244553639501], [79.9922795254432, 14.442244336689424], [79.99227975549148, 14.44224413426323], [79.99227999938957, 14.442243946360948], [79.99228025526996, 14.442243775686716], [79.99228052313264, 14.442243622240513], [79.99228080019462, 14.442243486010465], [79.99228108644776, 14.44224336880461], [79.99228137911315, 14.442243269707042], [79.9922816791103, 14.442243190529755], [79.99247968345388, 14.442197579987427], [79.99269792562902, 14.442147308628337], [79.99269823574885, 14.442147247574633], [79.99269855040937, 14.442147208237367], [79.99269886683572, 14.442147188796586], [79.99269918409209, 14.442147191056396], [79.99269949939959, 14.442147214100864], [79.99269981368178, 14.442147258837986], [79.99270012323618, 14.442147323443864], [79.9927004280587, 14.4421474088225], [79.99270072536636, 14.442147514962024], [79.9927010151673, 14.442147640054358], [79.99270129560618, 14.442147784091617], [79.99270156483179, 14.442147946161803], [79.99270182284405, 14.442148126264929], [79.99270206686413, 14.442148323485094], [79.9927022969001, 14.442148536014221], [79.9927025120284, 14.442148762944338], [79.99270270946603, 14.442149004263547], [79.99270289015287, 14.442149257263724], [79.99270305315717, 14.442149522844957], [79.9927031966358, 14.442149798287224], [79.99270332059288, 14.442150082686494], [79.99270342410884, 14.442150374230751], [79.99270350718776, 14.442150672015984], [79.99270356983368, 14.442150975138144], [79.99271134393214, 14.442197124505462], [79.99272242434662, 14.442303047966353], [79.99273340816765, 14.442376836799873], [79.99274199499025, 14.442434517093414], [79.99276000735706, 14.442503058156843], [79.99276915772003, 14.442529099347452], [79.99278430251037, 14.442558907987545], [79.992800976467, 14.442583486039103], [79.99280828938183, 14.442591527110062], [79.99284776456336, 14.442634928938611], [79.99290242817537, 14.442692675019009], [79.99292873190782, 14.442720461070751], [79.99300343803634, 14.44279637814656], [79.99303397320598, 14.442827407891828], [79.99310071709006, 14.442894459326062], [79.9931316736518, 14.442929363781303], [79.99315354350345, 14.442961600459844], [79.99316981485455, 14.442995679167158], [79.99318445321904, 14.443040748583845], [79.99321123199822, 14.443143611097765], [79.99319747519583, 14.443145712094463], [79.99294068225124, 14.443184010537378]]}}, {"type": "Feature", "id": "w16-road-32", "properties": {"wardId": "ward-16", "segmentId": "w16-road-32", "lengthMeters": 481.6}, "geometry": {"type": "LineString", "coordinates": [[79.99304587973091, 14.442741476113573], [79.99313135978015, 14.442660908614814], [79.99316409079752, 14.442630058731652], [79.99321771157638, 14.442572137899624], [79.99329359911401, 14.442490161543118], [79.99337128201978, 14.442406248228453], [79.99344384518658, 14.442327862943362], [79.99347216009168, 14.44229727711848], [79.99365981389336, 14.442086642495152], [79.99369310089888, 14.442033607867817], [79.99372384372897, 14.441979437743493], [79.99374347751004, 14.44196635326284], [79.99379995497554, 14.441928714933514], [79.99385075770867, 14.441914215768744], [79.99385106604578, 14.441914138433079], [79.99385137985541, 14.44191408191378], [79.9938516963505, 14.441914047102975], [79.99385201460747, 14.441914033092708], [79.9938523327669, 14.441914040779068], [79.99385264990525, 14.441914069254047], [79.99385296416307, 14.441914119413786], [79.99385327461681, 14.441914190350285], [79.99385357848345, 14.441914282051668], [79.99385387576707, 14.441914393613915], [79.99385416461642, 14.44191452412507], [79.9938544431721, 14.441914674481238], [79.99385471051458, 14.441914842870391], [79.99385496571621, 14.44191502928862], [79.99385520692975, 14.441915231919925], [79.99385543415931, 14.441915449860257], [79.99385564462597, 14.441915682193752], [79.9938558383297, 14.44191592892039], [79.99385601435503, 14.441916187324129], [79.99385617084666, 14.441916457397053], [79.99385630874035, 14.441916737335069], [79.9938564271166, 14.441917025326164], [79.99387056688687, 14.441955398138253], [79.99388407905718, 14.442018649354987], [79.99388550221349, 14.442026677911157], [79.99393447894502, 14.44230288690374], [79.99393453980643, 14.442303174649327], [79.99393462016907, 14.44230345795794], [79.99395134059425, 14.442355908697118], [79.99395769276254, 14.442391750394389], [79.99397833976232, 14.442508260329074], [79.99399847292, 14.44262186337748], [79.99406749916005, 14.443011359524345], [79.99376210825109, 14.44305948092514], [79.99368778777102, 14.443070831212445], [79.993613309452, 14.442659835262866], [79.99357729493347, 14.442666033298869], [79.99359561573564, 14.442767137463555], [79.99363039718273, 14.442959071530844], [79.99365165007252, 14.443076350697314], [79.99344437072445, 14.443108006641934], [79.99337129695695, 14.443119165974098], [79.99327573551246, 14.443133760427271], [79.99324700153576, 14.443023386008813], [79.99324442301965, 14.443015449248167], [79.99323052580291, 14.442972662093181], [79.9932104423296, 14.442930597965232], [79.99318359413142, 14.442891023604588], [79.99314867880815, 14.44285165616079], [79.9931311552129, 14.442834051002913], [79.99308076391189, 14.442783428097309], [79.99304575641857, 14.442747853611548], [79.99304554593988, 14.44274762398944], [79.99304535128844, 14.442747381778341], [79.99304517432363, 14.442747126082141], [79.99304501595684, 14.44274686052092], [79.99304487619216, 14.442746584190676], [79.99304475594501, 14.44274629980739], [79.99304465614311, 14.442746007375069], [79.99304457770188, 14.442745709609746], [79.99304451876603, 14.442745406503501], [79.99304448210226, 14.44274510168431], [79.99304446678697, 14.442744794244197], [79.99304447281203, 14.4427444859912], [79.99304450016527, 14.442744179637414], [79.99304454884664, 14.44274387518282], [79.99304461884395, 14.442743575339517], [79.99304470922958, 14.442743280103524], [79.9930448199913, 14.442742992186925], [79.99304495112911, 14.44274271158973], [79.99304510170312, 14.442742441020027], [79.99304526985398, 14.442742181373944], [79.99304545650932, 14.442741932655432], [79.99304565980162, 14.442741697568632], [79.99304587973091, 14.442741476113573]]}}, {"type": "Feature", "id": "w16-road-33", "properties": {"wardId": "ward-16", "segmentId": "w16-road-33", "lengthMeters": 423.8}, "geometry": {"type": "LineString", "coordinates": [[79.99393298965323, 14.441938233711651], [79.99391507388799, 14.441889613726078], [79.99391337363983, 14.441885856496784], [79.99389580167092, 14.441847022439967], [79.99384865958075, 14.441742839949793], [79.99378945606233, 14.441581029246056], [79.99378936088596, 14.441580739545875], [79.99378928614247, 14.441580444508666], [79.99378923275957, 14.441580144138355], [79.99378919886566, 14.441579842043158], [79.99378918631604, 14.44157953823098], [79.9937891951026, 14.441579234509875], [79.99378922522129, 14.441578931783887], [79.99378927574037, 14.441578630953064], [79.99378934664765, 14.441578334729483], [79.99378943793909, 14.441578044017158], [79.99378954868291, 14.4415777597162], [79.99378967979871, 14.441577483638584], [79.99378982849942, 14.441577216676462], [79.99378999570862, 14.44157695973783], [79.99379018049055, 14.44157671462676], [79.99379038191346, 14.441576482243336], [79.99379059904565, 14.441576263487626], [79.99379083002772, 14.44157605925573], [79.99379107578328, 14.441575870455635], [79.99379133259356, 14.441575698879566], [79.99379160138622, 14.441575544531458], [79.99379188030592, 14.441575407403406], [79.9937921684169, 14.4415752892995], [79.99393970481516, 14.441520299559608], [79.9940117255972, 14.441493345498317], [79.99415955563555, 14.441438016946625], [79.99422023787801, 14.44141549216423], [79.99422054075399, 14.44141539129959], [79.99422085003015, 14.441415311255277], [79.99422116477884, 14.441415252027308], [79.99422148314477, 14.441415213607778], [79.99422180234087, 14.441415196888826], [79.99422212329483, 14.441415201874426], [79.99422244229596, 14.441415228548749], [79.99422275841667, 14.441415276907827], [79.9942230707333, 14.441415346043668], [79.99422337831824, 14.441415435952326], [79.99422367746489, 14.44141554571392], [79.99422396816917, 14.441415676232525], [79.99422424951156, 14.44141582569607], [79.99422451963677, 14.441415994096687], [79.99422477669755, 14.441416179618393], [79.99422502069393, 14.44141638226118], [79.99422524977467, 14.441416601113108], [79.99422546209254, 14.44141683435822], [79.99422565764756, 14.441417081996503], [79.99422583552425, 14.44141734131192], [79.9942259938673, 14.441417612296553], [79.99422613360841, 14.44141789405034], [79.99422625197678, 14.44141818384935], [79.99426687881149, 14.44152800773281], [79.99427923009361, 14.441562452056544], [79.99431717452322, 14.441668264999691], [79.99431726875235, 14.441668559215868], [79.99431734161688, 14.441668859669221], [79.99431739405254, 14.441669164555613], [79.99431742513984, 14.44166947206306], [79.99431743395922, 14.441669780379552], [79.99431742143834, 14.441670089509058], [79.9943173866658, 14.441670395831464], [79.99431733149285, 14.44167070025877], [79.99431725500399, 14.441671000074905], [79.99431715720739, 14.441671293471842], [79.99431703903068, 14.44167158045351], [79.9943169014137, 14.441671858311805], [79.99431674435648, 14.441672127046724], [79.99431656972648, 14.441672383954103], [79.99431637659607, 14.441672629029995], [79.9943161668287, 14.441672860474249], [79.99431594135606, 14.441673077386795], [79.99431570110991, 14.441673278867565], [79.99431549634635, 14.441673428969231], [79.994315447026, 14.44167346311248], [79.9943151818792, 14.441673631941446], [79.99430847848878, 14.441677965352216], [79.99430209872912, 14.441682740412766], [79.99429607423816, 14.441687935561072], [79.99429043296348, 14.441693524699115], [79.99428520378034, 14.441699481732854], [79.99428041001427, 14.441705776928437], [79.99427763301459, 14.441710008660712], [79.99427607591444, 14.441712381459904], [79.99427222111203, 14.441719261961465], [79.99426886523008, 14.441726386875313], [79.99426602512493, 14.441733721015723], [79.99426371208287, 14.441741230077188], [79.99426193926178, 14.441748876146056], [79.99426071424142, 14.441756623996994], [79.9942600427543, 14.441764436588645], [79.99425992961348, 14.44177227506771], [79.99426037313015, 14.44178010236119], [79.99426137254326, 14.441787881400073], [79.9942684402035, 14.441831522617157], [79.99430719947446, 14.44207086808126], [79.99433004707672, 14.442211955674134], [79.99440954858083, 14.442728592319867], [79.99442736956874, 14.44284439767403], [79.99444393403996, 14.442952042289626], [79.99411681171874, 14.443003589081137], [79.99400056796628, 14.44234765785867], [79.99399906252243, 14.442297043080327], [79.99398779867944, 14.442233451599586], [79.99396832990112, 14.442123534457778], [79.99394773476104, 14.442007257081498], [79.99393298965323, 14.441938233711651]]}}, {"type": "Feature", "id": "w16-road-34", "properties": {"wardId": "ward-16", "segmentId": "w16-road-34", "lengthMeters": 354.4}, "geometry": {"type": "LineString", "coordinates": [[79.99452676535277, 14.441665686674334], [79.99467984347449, 14.441633450472576], [79.9946801600625, 14.441633394868042], [79.99468047933605, 14.441633360971986], [79.9946808003675, 14.441633348780487], [79.99468112130153, 14.441633358285623], [79.99468144121451, 14.441633388579401], [79.99468175824302, 14.441633441461969], [79.99468207053982, 14.441633515117356], [79.99468237624966, 14.441633609537655], [79.99468267537249, 14.441633724722879], [79.9946829651294, 14.441633859757106], [79.99468324552446, 14.441634013736335], [79.99468351284699, 14.44163418664472], [79.99468376803283, 14.441634376678179], [79.9946840092266, 14.44163458382879], [79.9946842355088, 14.441634806284545], [79.99468444409644, 14.441635044033587], [79.99468463685294, 14.441635295275757], [79.9946848100758, 14.441635558187201], [79.99468496469267, 14.441635832771858], [79.99468509978401, 14.44163611721771], [79.99468521350262, 14.44163640970882], [79.99468530677616, 14.441636710249117], [79.99468537776556, 14.4416370152146], [79.99468542832611, 14.441637324613167], [79.99470464388844, 14.441791720491974], [79.99471966196933, 14.441912388487216], [79.99475359193313, 14.442114822000285], [79.99479060458735, 14.442335651478933], [79.99481401906984, 14.4424753501362], [79.99484485925886, 14.4426593523793], [79.99488331128188, 14.442888772780973], [79.99457854624438, 14.442930829989843], [79.99452054722681, 14.442939969264124], [79.99448547220621, 14.442712024166742], [79.99445785337525, 14.442532531445902], [79.99443561392606, 14.4423880011467], [79.99440672150025, 14.442200237316307], [79.99440168615725, 14.442169236973474], [79.99434921311196, 14.441846208076987], [79.99433513620093, 14.441759546068669], [79.99433473697246, 14.441756521243658], [79.99433454748066, 14.441753478328536], [79.99433456860037, 14.441750429079622], [79.99433480026663, 14.44174738796131], [79.99433524149083, 14.441744368530044], [79.99433588942095, 14.441741386142404], [79.99433674215294, 14.441738451638784], [79.99433779497942, 14.441735580367817], [79.9943390432093, 14.441732784062102], [79.99434048214334, 14.441730076262196], [79.99434210430748, 14.441727468688788], [79.99434390315122, 14.441724973970555], [79.99434586935325, 14.441722602012188], [79.99434799543954, 14.441720364534355], [79.99435027023345, 14.441718271433869], [79.99435268534542, 14.441716331715355], [79.99435522774354, 14.441714555267701], [79.99435788811873, 14.441712949283538], [79.99440817401106, 14.441694329869538], [79.99450447317611, 14.441671070994143], [79.99452676535277, 14.441665686674334]]}}, {"type": "Feature", "id": "w16-road-35", "properties": {"wardId": "ward-16", "segmentId": "w16-road-35", "lengthMeters": 427.7}, "geometry": {"type": "LineString", "coordinates": [[79.99375625700736, 14.441519993873941], [79.99375593781112, 14.44152001059225], [79.99375561685301, 14.441520006510036], [79.99375529785179, 14.441519979835075], [79.99375498079938, 14.441519932375451], [79.99375466847872, 14.44151986414301], [79.99375436182153, 14.44151977423771], [79.99375406174737, 14.441519664471544], [79.9937537701156, 14.441519533948432], [79.99375348877344, 14.441519384484314], [79.99375321864444, 14.441519216987201], [79.99375296065631, 14.441519031461048], [79.99375271666027, 14.441518828817788], [79.99375248850353, 14.441518610873429], [79.9937522752625, 14.441518376719934], [79.99375207970388, 14.44151812998531], [79.99375190090004, 14.441517870665608], [79.99375174256159, 14.441517598776665], [79.99375160281699, 14.441517317926655], [79.99375148352152, 14.441517028123494], [79.99375138466709, 14.441516731175245], [79.99370516082828, 14.441358745722741], [79.99368543898952, 14.44129134012641], [79.9936788351504, 14.441274559105189], [79.9936373924108, 14.441169249160223], [79.99357387276295, 14.441007836751087], [79.9935055201345, 14.440803477901829], [79.99349705204386, 14.440778159266882], [79.99340799726227, 14.440526415162044], [79.99339164411101, 14.440489097840002], [79.99334369945109, 14.440379688278664], [79.99330316786512, 14.44028719608934], [79.99325991093968, 14.440188485997595], [79.99325979444876, 14.440188191686001], [79.99325969932639, 14.440187890233322], [79.99325962556446, 14.440187583447592], [79.99325957409063, 14.440187271332777], [79.99325954581629, 14.440186957508967], [79.99325953888611, 14.440186641968207], [79.99325955514323, 14.440186327430512], [79.99325959365997, 14.440186013891912], [79.9932596553518, 14.440185704068472], [79.99325973835938, 14.440185398856269], [79.99325984267047, 14.44018510096739], [79.99325996828507, 14.440184810401846], [79.99326011519507, 14.440184528967661], [79.99326028061346, 14.440184257557009], [79.99326046545565, 14.440183998885914], [79.99326066878996, 14.440183753854425], [79.99326088876106, 14.440183522454632], [79.99326112536083, 14.440183306494623], [79.99326137672583, 14.440183107774457], [79.99326164100076, 14.440182926286273], [79.99344935716144, 14.44006348012099], [79.99350637861123, 14.44002792797304], [79.99354733227686, 14.440002392723347], [79.99359064883748, 14.439975384921775], [79.99365611531583, 14.439934565666954], [79.99365638690168, 14.43993440861866], [79.99365666953808, 14.439934269698409], [79.99365696136162, 14.439934150706339], [79.99365726052108, 14.439934050730502], [79.99365756608468, 14.439933970670953], [79.99365787619311, 14.439933911423806], [79.9936581908504, 14.439933872085035], [79.99365850633782, 14.439933854446853], [79.99365882265944, 14.43993385760523], [79.9936591379559, 14.439933882456268], [79.99365945130765, 14.439933927187983], [79.9936597599236, 14.439933993596512], [79.99366006381189, 14.439934079873828], [79.99366036111724, 14.43993418601199], [79.99366064998429, 14.4399343120031], [79.99366092949354, 14.439934456035123], [79.99366119778564, 14.439934619004195], [79.99366145486464, 14.439934800006254], [79.99366169795974, 14.439934996317358], [79.99366192706283, 14.439935209745581], [79.99366214033489, 14.439935436666875], [79.99366233777181, 14.43993567798526], [79.99366251753052, 14.439935930980749], [79.99366267960691, 14.439936196557369], [79.99366282216197, 14.439936471091103], [79.99366294519159, 14.43993675548595], [79.9936994889045, 14.44002964103445], [79.99372163454248, 14.440085929103908], [79.99374056267018, 14.440134039924574], [79.99375929268304, 14.440181649058268], [79.99384061944626, 14.440388364012753], [79.99387751275513, 14.440482136089887], [79.99391893245213, 14.440587415161877], [79.99392233739457, 14.440596620200461], [79.99395960115757, 14.440697355887899], [79.99399858989318, 14.440802752044313], [79.99407374725685, 14.441005922068705], [79.99411211466983, 14.441109639462], [79.9941477288128, 14.441205914767894], [79.9941513015032, 14.441215572541402], [79.99420083800163, 14.441349482914656], [79.99420093410208, 14.441349773522688], [79.99420100976964, 14.441350069467806], [79.9942010650084, 14.441350369845967], [79.99420109982645, 14.441350672849135], [79.99420111330025, 14.441350977569316], [79.99420110450613, 14.441351283098514], [79.99420107623932, 14.441351586736554], [79.99420102572086, 14.44135188756751], [79.99420095481014, 14.441352184695289], [79.9942008644389, 14.441352477219821], [79.99420075276396, 14.4413527624211], [79.99420062257241, 14.441353039406977], [79.99420047294062, 14.441353307269472], [79.99420030480033, 14.441353565108509], [79.99420012001498, 14.441353811123971], [79.99419991766096, 14.44135404440784], [79.99419970052531, 14.441354264068003], [79.99419946861617, 14.441354468296376], [79.99419922193351, 14.441354657092992], [79.99419896419207, 14.441354829569615], [79.99419869446822, 14.441354984818297], [79.99419841462135, 14.441355121942909], [79.9941981255832, 14.44135524004339], [79.99413610341244, 14.441378261751678], [79.99408604990897, 14.44139699510813], [79.99391621082732, 14.441460560440744], [79.99387595269309, 14.4414755656958], [79.99375750228323, 14.44151971351198], [79.99375719940289, 14.441519815280015], [79.9937568901224, 14.441519896227728], [79.99375657537347, 14.44151995545506], [79.99375625700736, 14.441519993873941]]}}, {"type": "Feature", "id": "w16-road-36", "properties": {"wardId": "ward-16", "segmentId": "w16-road-36", "lengthMeters": 421.0}, "geometry": {"type": "LineString", "coordinates": [[79.9931858921664, 14.44022537308438], [79.9931862038745, 14.440225370799444], [79.99318651549723, 14.440225387499067], [79.99318682516707, 14.440225425887393], [79.99318713103688, 14.44022548414843], [79.99318743218303, 14.440225561374225], [79.99318772766976, 14.440225659368842], [79.99318801565394, 14.44022577541227], [79.9931882951998, 14.440225911308632], [79.99318856446422, 14.4402260643379], [79.99318882251954, 14.440226234496121], [79.99318906843811, 14.440226421779343], [79.9931893013004, 14.440226624375534], [79.99318951925113, 14.440226842276775], [79.99318972137483, 14.440227072767028], [79.99318990766741, 14.44022731675034], [79.9931900762817, 14.440227572410711], [79.99319022722179, 14.440227838844113], [79.99319035864048, 14.440228114234568], [79.99321750484465, 14.440290061315169], [79.99327200206064, 14.440414423733834], [79.99333336051458, 14.44055444183255], [79.99339454312594, 14.440727395277982], [79.99342158712867, 14.440803844568016], [79.99343150796194, 14.440833493448066], [79.99349886410786, 14.44103477883259], [79.99350718400122, 14.44105592105814], [79.9935806561357, 14.441242623195278], [79.99360953872768, 14.44131601741867], [79.99368003609838, 14.44155696390229], [79.99368011267265, 14.441557264371609], [79.9936801678904, 14.44155756926998], [79.99368020175979, 14.441557876789346], [79.99368021335316, 14.441558186925736], [79.9936802036144, 14.441558496067016], [79.99368017254353, 14.441558804213185], [79.99368011922101, 14.44155910955223], [79.99368004550624, 14.441559411188052], [79.99367994955605, 14.44155970640065], [79.99367983415755, 14.44155999429786], [79.99367969838299, 14.441560274875735], [79.99367954224871, 14.441560544518168], [79.99367936853359, 14.441560804141087], [79.99367917724982, 14.441561051032386], [79.9936789683974, 14.44156128519206], [79.99367874384384, 14.441561503915974], [79.99367850451276, 14.441561708112118], [79.99367825134397, 14.441561895072358], [79.99367798619282, 14.441562064804607], [79.99367770906336, 14.441562216404865], [79.99367742181092, 14.441562349881028], [79.99352031684286, 14.441628780850733], [79.99342265844602, 14.441667747596611], [79.99330832941418, 14.441713365571482], [79.99322127664641, 14.441748100493514], [79.99313751931956, 14.441781519610293], [79.99313721371257, 14.441781608709242], [79.99313690263722, 14.441781676087789], [79.993136587013, 14.441781723557956], [79.9931362696351, 14.44178174841954], [79.99313595049135, 14.441781753384644], [79.99313563237692, 14.441781735753048], [79.99313531528365, 14.441781697332834], [79.99313500292222, 14.441781638139828], [79.99313469436494, 14.441781558170069], [79.99313439239481, 14.44178145743546], [79.9931340988631, 14.441781336847933], [79.99313381376976, 14.441781196407508], [79.99313353989375, 14.441781037030077], [79.99313327722692, 14.441780860523703], [79.99313302855224, 14.441780666900284], [79.99313279386975, 14.441780456159789], [79.99313257409489, 14.441780231018303], [79.99313237108296, 14.441779991483717], [79.99313218482992, 14.441779738460058], [79.99313201718296, 14.441779473763328], [79.99313186906161, 14.441779199205506], [79.99313174046586, 14.441778914786612], [79.99311457146378, 14.441737146972589], [79.99309757654635, 14.441688026413027], [79.99308163750838, 14.441641960604917], [79.99306928923161, 14.441594102047961], [79.99306413309412, 14.4415741196507], [79.99304146802277, 14.44147059847069], [79.99303129811253, 14.441424146868552], [79.99300911380405, 14.44131501272679], [79.99299721073288, 14.441256454004083], [79.99297742040139, 14.441168234279848], [79.99295763008728, 14.441080013650305], [79.99293153058228, 14.440943555244605], [79.99292828491981, 14.440926584238506], [79.99287243071498, 14.440666095055226], [79.99286456154118, 14.440621489388427], [79.9928545565891, 14.440564778497134], [79.99284583783515, 14.44053436539231], [79.9928344780135, 14.440508897873112], [79.99282990574208, 14.440498123839294], [79.99282533439465, 14.440487350713392], [79.99281937041751, 14.440476620455836], [79.99280639155833, 14.440453271424134], [79.99280624902035, 14.440452993273842], [79.99280612693146, 14.440452706170488], [79.99280602528351, 14.440452411922115], [79.99280594407651, 14.440452110528742], [79.99280588514951, 14.440451805614378], [79.99280584757483, 14.440451497175069], [79.99280583227609, 14.440451186118796], [79.99280583830934, 14.440450876057723], [79.99280586567866, 14.440450566087806], [79.99280591622716, 14.440450258929053], [79.99280598716373, 14.440449956377607], [79.9928060803437, 14.440449658441423], [79.99280619297188, 14.440449367820687], [79.99280632689546, 14.440449086331354], [79.9928064802632, 14.440448813061499], [79.99280665213116, 14.440448551623234], [79.9928068415717, 14.440448302012621], [79.99280704950435, 14.44044806604166], [79.99280727221846, 14.440447843694514], [79.9928075106295, 14.440447637687202], [79.9928077638139, 14.440447447111733], [79.99280802897647, 14.440447274668326], [79.99289908777814, 14.440392356134245], [79.99297958788209, 14.440343805742048], [79.99303902739581, 14.440307956671372], [79.99308005925491, 14.440283209265592], [79.99308293634952, 14.440281474038558], [79.99318381249779, 14.44022595363879], [79.99318408864939, 14.440225812883371], [79.99318437399215, 14.44022569115211], [79.99318466760249, 14.44022558753704], [79.99318496761698, 14.440225503838255], [79.99318527218028, 14.440225440047874], [79.99318558128837, 14.440225397069884], [79.9931858921664, 14.44022537308438]]}}, {"type": "Feature", "id": "w16-road-37", "properties": {"wardId": "ward-16", "segmentId": "w16-road-37", "lengthMeters": 395.4}, "geometry": {"type": "LineString", "coordinates": [[79.99304760457055, 14.44176119866123], [79.99306988783788, 14.441836174850867], [79.99306996625451, 14.44183647804033], [79.99307002331459, 14.441836785658788], [79.99307005809455, 14.441837096798242], [79.99307007060658, 14.441837408746629], [79.99307006085068, 14.441837721503916], [79.99307002976671, 14.441838032362032], [79.99306997643109, 14.44183834041295], [79.99306990084784, 14.441838644752664], [79.99306980395689, 14.44183894267305], [79.9930696866899, 14.441839233274045], [79.99306954905099, 14.441839515651639], [79.99306939104825, 14.441839787997752], [79.9930692145411, 14.441840049416317], [79.99306902046938, 14.441840297199187], [79.99306880790137, 14.44184053224645], [79.99306858055584, 14.44184075276588], [79.99306833751734, 14.44184095604147], [79.99300760651022, 14.441888503317386], [79.9929737144227, 14.441912689947154], [79.99292273155082, 14.441949075036405], [79.9928668829687, 14.441985669855137], [79.99279853878987, 14.442030453428544], [79.99279697082339, 14.442031526156274], [79.99276890009763, 14.442050716572135], [79.99276863867217, 14.442050882703034], [79.99276836712379, 14.44205103070981], [79.99276808637607, 14.442051161500451], [79.99276779643715, 14.442051273266923], [79.99276750009409, 14.442051365117075], [79.99276719734283, 14.442051437954936], [79.99276689097039, 14.442051490888366], [79.99276658190448, 14.44205152392135], [79.9927662701491, 14.442051536149828], [79.99276595941089, 14.442051528493714], [79.99276564876624, 14.442051500045018], [79.99276534192171, 14.442051451723595], [79.99276503794968, 14.44205138352549], [79.99276474056482, 14.442051294562544], [79.99273660896077, 14.442041954919487], [79.99273632555594, 14.44204185155157], [79.99273605058549, 14.442041729234775], [79.99273578403724, 14.442041590681194], [79.99273552684286, 14.442041434990756], [79.99273528178132, 14.4420412630794], [79.9927350479168, 14.44204107675119], [79.99273482710869, 14.442040875110047], [79.99273462027652, 14.442040659967983], [79.99273442834391, 14.442040432232968], [79.99273425130268, 14.442040193713082], [79.99273409193991, 14.442039943516153], [79.99273394838806, 14.442039684346378], [79.99273382343013, 14.442039416215628], [79.9927165287786, 14.441998990343972], [79.99270220959347, 14.441966311275829], [79.99267459141178, 14.441903280888122], [79.9926555026745, 14.441861200179245], [79.99264806596322, 14.441844805216888], [79.99262932921395, 14.441791093687067], [79.99262001841795, 14.441757009438575], [79.99261532379053, 14.441739820691579], [79.9926081342777, 14.4417076629839], [79.99260201443421, 14.441672194721157], [79.99258419832395, 14.44156892838027], [79.99257911141895, 14.44152491318706], [79.99257112256905, 14.441455786640685], [79.99255676461898, 14.441331547714448], [79.99255486898969, 14.441315142077608], [79.99254176678129, 14.441221488681869], [79.99253444814262, 14.441169173873332], [79.99252630803475, 14.441110987409335], [79.99252550635714, 14.441105252349226], [79.99250083428107, 14.440969323453439], [79.99248479751004, 14.44089595147423], [79.99246936246813, 14.44082533487748], [79.99245911085548, 14.440790678863653], [79.99244783308232, 14.440752553265984], [79.9924462103383, 14.440748484464104], [79.99243224960078, 14.440713480812324], [79.99241875027448, 14.440679635403278], [79.99241864491228, 14.440679342042957], [79.99241856091872, 14.440679041541612], [79.99241849828158, 14.440678736611329], [79.9924184569968, 14.440678428156133], [79.99241843706032, 14.440678117080052], [79.99241843938759, 14.440677806099142], [79.99241846397453, 14.440677496117416], [79.99241851081706, 14.4406771880389], [79.99241857897941, 14.440676883667683], [79.99241866752172, 14.440676585711877], [79.99241877830336, 14.440676293275372], [79.99241890852915, 14.44067600905837], [79.99241905911862, 14.440675734872892], [79.99241922821645, 14.440675470710985], [79.99241941581043, 14.440675219284755], [79.99241962004527, 14.440674980586234], [79.99241984184454, 14.440674755523458], [79.99242007841306, 14.440674546796558], [79.99242032882319, 14.440674354401624], [79.99242059307493, 14.440674178338611], [79.99259670738637, 14.440565513759365], [79.9926256374169, 14.440547664103335], [79.99270222724118, 14.440500406158462], [79.99273485595164, 14.440480274214059], [79.9927351303217, 14.440480117178824], [79.99273541481057, 14.440479979171704], [79.99273570848649, 14.440479861092802], [79.9927360104259, 14.440479762034128], [79.99273631783771, 14.440479683791821], [79.99273663072188, 14.440479626365898], [79.99273694629954, 14.440479588840432], [79.99273726455851, 14.440479573927517], [79.9927375827239, 14.440479579807176], [79.99273789894046, 14.440479606471522], [79.99273821320406, 14.44047965482456], [79.99273852366353, 14.440479723954317], [79.99273882846758, 14.440479812948883], [79.99273912575681, 14.440479922704329], [79.9927394146077, 14.440480052312676], [79.99273969409661, 14.440480200865935], [79.99273996237231, 14.440480367452142], [79.99274021851124, 14.440480551163299], [79.99274046065803, 14.440480751991508], [79.99274068788914, 14.440480969028766], [79.99274090021676, 14.440481199562987], [79.99274109578151, 14.440481444490288], [79.99274127273621, 14.440481701994672], [79.99274143201664, 14.440481970272051], [79.99276128019139, 14.440518331623354], [79.99276879537675, 14.44053604139601], [79.99277845062237, 14.440557687476245], [79.99278295612173, 14.44057340543844], [79.99278486501242, 14.440580061928827], [79.99279695233143, 14.440648580388117], [79.99280233654517, 14.440679099485072], [79.99281734950839, 14.44074911669065], [79.9928390398717, 14.440850273266202], [79.99285829241977, 14.440940066449176], [79.99286327647553, 14.44096612509379], [79.99288356710561, 14.441072209953989], [79.99288769920527, 14.44109381073704], [79.99290565278471, 14.441181392501557], [79.99291792112157, 14.441241235625464], [79.99292399399884, 14.4412708626593], [79.992931253656, 14.441303314474121], [79.99295325996172, 14.441401691553583], [79.99296141719019, 14.441438156634126], [79.99297881457312, 14.441517614997112], [79.9929946302773, 14.441589855048921], [79.99301124568765, 14.44165424961246], [79.99301313581286, 14.441661575013217], [79.99304349732743, 14.441749328204423], [79.99304760457055, 14.44176119866123]]}}, {"type": "Feature", "id": "w16-road-38", "properties": {"wardId": "ward-16", "segmentId": "w16-road-38", "lengthMeters": 382.7}, "geometry": {"type": "LineString", "coordinates": [[79.99265179822352, 14.442028648399948], [79.99267551640713, 14.442080967293101], [79.99267563387455, 14.442081250760623], [79.9926757299773, 14.44208154046512], [79.99267580657065, 14.442081836414555], [79.9926758627351, 14.4420821367969], [79.99267589755114, 14.442082439800147], [79.99267591195047, 14.44208274452422], [79.9926759050136, 14.442083049157121], [79.99267587674456, 14.44208335279482], [79.9926758280751, 14.442083654537244], [79.99267575808975, 14.442083951668366], [79.99267566772023, 14.44208424328812], [79.99267555697067, 14.442084528492462], [79.99267542770038, 14.44208480638533], [79.99267527898988, 14.44208507515468], [79.99267511177496, 14.442085332996431], [79.99267492698735, 14.442085579010529], [79.99267472648238, 14.442085813204878], [79.99267450934457, 14.442086032863488], [79.99267427835692, 14.442086237998193], [79.99267403259584, 14.442086427701055], [79.99267377484838, 14.44208660107989], [79.99267350605032, 14.442086756330658], [79.99267322712531, 14.442086894361315], [79.99267293900908, 14.442087013367793], [79.99267264262933, 14.442087113354047], [79.99267234077311, 14.442087193427959], [79.99242987593587, 14.442143044946237], [79.99236111830048, 14.442158882773487], [79.99226749809739, 14.44218044807778], [79.99226718612209, 14.442180509122977], [79.99226687052978, 14.442180549359719], [79.99226655317979, 14.44218056789192], [79.99226623499575, 14.44218056562756], [79.99226591690937, 14.442180541666593], [79.99226560262727, 14.442180496928898], [79.99226529122579, 14.442180430506472], [79.99226498547985, 14.44218034421928], [79.99226468632114, 14.442180237167273], [79.99226439559683, 14.442180111166406], [79.99226411516636, 14.442179965320614], [79.99226384502157, 14.442179801437913], [79.99226358701777, 14.442179619526275], [79.99226334207857, 14.442179420493671], [79.99226311205115, 14.442179206156078], [79.99226289785909, 14.442178977421502], [79.99226269950242, 14.442178734289943], [79.99226251976003, 14.442178477677308], [79.99226235768799, 14.442178211195749], [79.99226221514569, 14.442177933949164], [79.99226209305672, 14.442177646845572], [79.99226199047713, 14.442177353497064], [79.99226190926227, 14.442177053911598], [79.99226184940807, 14.442176748993194], [79.99224360006338, 14.442063210856606], [79.99222772044655, 14.44196441603985], [79.992225792746, 14.441951018016491], [79.9921949712472, 14.441736778107474], [79.99219317004977, 14.441722893345469], [79.99217914254217, 14.441614730613272], [79.9921676191214, 14.441525876289857], [79.99216496057679, 14.441503788191302], [79.9921517160808, 14.441393763764065], [79.99214294811738, 14.44132092820699], [79.99213623457521, 14.441283208138557], [79.99211582791128, 14.441168562355978], [79.99210861401511, 14.441128033997769], [79.99210738348327, 14.441121124559361], [79.99209649002323, 14.441067498964783], [79.99207561158251, 14.440964720343805], [79.99206140011218, 14.440894757158786], [79.99206134951876, 14.440894455896116], [79.99206132027773, 14.44089415110856], [79.9920613114492, 14.440893845504238], [79.99206132488445, 14.440893539995116], [79.99206135872, 14.440893236381317], [79.9920614138835, 14.440892934666781], [79.99206149035871, 14.44089263846763], [79.99206158629028, 14.440892347775947], [79.99206170260179, 14.44089206349969], [79.99206183835747, 14.440891787442954], [79.99206199262153, 14.440891521409837], [79.99206216538987, 14.440891266304352], [79.99206235573078, 14.44089102302658], [79.99206256178486, 14.44089079247259], [79.992062783544, 14.440890576450428], [79.99206302008051, 14.440890374956146], [79.99206327045454, 14.440890190697838], [79.99206353281892, 14.440890021859548], [79.99220156583901, 14.440807868562858], [79.99226806993339, 14.440768287277388], [79.99234685251713, 14.4407196773427], [79.99234712409664, 14.440719522104095], [79.99234740579898, 14.44071938498963], [79.99234769762009, 14.440719266903319], [79.9923479958453, 14.440719168733334], [79.99234830047862, 14.440719089575648], [79.99234861058024, 14.440719032138373], [79.99234892337938, 14.440718993697535], [79.99234923793618, 14.44071897696124], [79.99234955332297, 14.440718981925523], [79.9923498676926, 14.44071900677443], [79.99235017918568, 14.440719052404017], [79.99235048687453, 14.440719118810344], [79.99235078890794, 14.440719205081436], [79.9923510852859, 14.440719311217318], [79.99235137322545, 14.440719437206077], [79.99235165087939, 14.44071958123172], [79.99235191824773, 14.440719743294267], [79.99235217440284, 14.44071992338975], [79.99235241656986, 14.440720119698222], [79.99235264475286, 14.440720331315642], [79.99235285802419, 14.440720558238066], [79.99235305453668, 14.4407207986495], [79.99235323429846, 14.440721050741901], [79.99235339545424, 14.440721314507318], [79.99235353800805, 14.440721589041749], [79.99235366197215, 14.4407218716331], [79.99236694439388, 14.440755471122456], [79.99237595253042, 14.440778256257534], [79.99238843097204, 14.440820444335797], [79.9923950019109, 14.440842655833926], [79.99240682509814, 14.440906145792288], [79.99242130946627, 14.440983930102934], [79.99242636631658, 14.441015445869438], [79.99244399761707, 14.441125330834073], [79.9924599990639, 14.441230667822357], [79.99247455891955, 14.44132652156347], [79.9924762787799, 14.441340755841688], [79.99248972907067, 14.44145208567453], [79.99250306135472, 14.441562429594962], [79.99250540457736, 14.441581825911511], [79.99251695219677, 14.441669868498982], [79.99251742217933, 14.441673450518584], [79.99253480047068, 14.441750728270712], [79.9925541814166, 14.441813830143987], [79.99257684495971, 14.441871882499646], [79.99260524426543, 14.44193448952704], [79.9926113779109, 14.441946895707545], [79.99265179822352, 14.442028648399948]]}}, {"type": "Feature", "id": "w16-road-39", "properties": {"wardId": "ward-16", "segmentId": "w16-road-39", "lengthMeters": 407.8}, "geometry": {"type": "LineString", "coordinates": [[79.9928301572921, 14.442075313355812], [79.99287293160772, 14.442047285450732], [79.99295482086444, 14.441993625968685], [79.99299658827498, 14.441963818196374], [79.99299684787331, 14.441963645729093], [79.99299711945399, 14.441963490489815], [79.99299740022587, 14.44196335427474], [79.9929976911207, 14.441963236183756], [79.9929979884197, 14.44196313800909], [79.99299829305458, 14.441963058850652], [79.9929986013025, 14.44196300140471], [79.9929989131757, 14.441962962959165], [79.99299922773426, 14.441962946222109], [79.99299954219929, 14.441962950277654], [79.99299985564718, 14.441962974217804], [79.9930001662145, 14.441963019842701], [79.99300047390936, 14.441963085344256], [79.9930007759488, 14.441963170710617], [79.99300107140513, 14.441963275937796], [79.99300135842304, 14.441963401017892], [79.99300163608302, 14.441963544138856], [79.99300190345738, 14.44196370529675], [79.9930021586908, 14.441963884483645], [79.99300240179143, 14.44196407989149], [79.99300262998035, 14.441964290604359], [79.99300284326164, 14.441964515718228], [79.99300303978399, 14.441964754321159], [79.99300322047917, 14.441965005513088], [79.99306230942933, 14.442053800838211], [79.99310349278005, 14.442115687660339], [79.99314190902602, 14.442173417618216], [79.99315622008025, 14.44215903936872], [79.99310194564687, 14.442077479799357], [79.99306345202334, 14.442019633788068], [79.99301912379062, 14.441953020747816], [79.99301895893481, 14.441952754254832], [79.99301881453633, 14.441952477000727], [79.99301868873175, 14.44195219078562], [79.99301858429592, 14.441951897429465], [79.99301850030119, 14.441951596928268], [79.99301843766297, 14.441951291998116], [79.99301839730491, 14.441950983546961], [79.9930183782912, 14.441950673378882], [79.99301838154543, 14.44195036240191], [79.99301840613586, 14.44195005151609], [79.99301845297391, 14.441949744341473], [79.99301852205956, 14.44194944087807], [79.99301861153342, 14.441949142021988], [79.99301872231096, 14.44194885048925], [79.99301885253686, 14.441948566271956], [79.99301900312659, 14.441948292086122], [79.9930191731484, 14.441948028831819], [79.9930193607429, 14.44194777740516], [79.99301956590605, 14.441947538710155], [79.99301978769797, 14.441947315454913], [79.9930200242674, 14.441947106727497], [79.99302027467856, 14.44194691433199], [79.99304033240757, 14.441932600416393], [79.9931201625083, 14.441882570849122], [79.99314026446119, 14.441869972083236], [79.99315368938157, 14.441863265374852], [79.99325671695203, 14.441811795256344], [79.99333289558697, 14.441773738534573], [79.99351902841903, 14.441680750612482], [79.99353938472679, 14.441670581156481], [79.99356091253463, 14.441661478047427], [79.99372028815006, 14.441594086706084], [79.99372058180269, 14.441593974050198], [79.9937208837189, 14.441593880414482], [79.99372119110761, 14.441593807595144], [79.99372150304116, 14.441593755588203], [79.9937218176683, 14.441593723481695], [79.99372213405323, 14.441593713079762], [79.99372245034469, 14.441593723470413], [79.99372276561097, 14.441593755553734], [79.9937230770772, 14.441593807509784], [79.99372338473934, 14.441593880242594], [79.99372368581439, 14.441593973740295], [79.99372398030641, 14.441594087098842], [79.99372426636417, 14.441594219406287], [79.99372454213233, 14.441594370654725], [79.99372480669135, 14.441594539032142], [79.99372505910952, 14.441594725438605], [79.99372529753965, 14.441594928058123], [79.99372552198578, 14.441595145986692], [79.99372572966904, 14.441595378308385], [79.9937259215211, 14.441595624123167], [79.99372609476713, 14.441595881611073], [79.99372625033887, 14.441596149872055], [79.99372638638097, 14.441596428898189], [79.99372650290971, 14.441596715073368], [79.99375595938717, 14.441677222938024], [79.99378850697244, 14.441766178720131], [79.99379917414058, 14.441789753793621], [79.99382502685884, 14.441846888497427], [79.993834453995, 14.44186772083291], [79.99383456869711, 14.44186800067194], [79.9938346648135, 14.441868287663992], [79.99383474142462, 14.441868579997037], [79.9938347966792, 14.441868876759145], [79.99383483243666, 14.441869177054203], [79.9938348477815, 14.441869478166181], [79.99383484179012, 14.441869779187076], [79.99383481539022, 14.441870080120855], [79.99383476859393, 14.441870378255441], [79.99383470140536, 14.441870672686823], [79.99383461382855, 14.441870962510947], [79.9938345067993, 14.44187124592374], [79.99383438125341, 14.441871521121104], [79.99383423626317, 14.441871788099077], [79.99383407369208, 14.441872045057528], [79.99383389447591, 14.441872290192364], [79.99383369861465, 14.441872523503575], [79.99383348704004, 14.441872744091123], [79.99383326068785, 14.44187295015089], [79.99383302048982, 14.441873140782807], [79.99383276830534, 14.44187331509079], [79.99376184866938, 14.441919020033179], [79.99374138084066, 14.441930675278751], [79.99371937934194, 14.441943203609423], [79.99369332996564, 14.441970268851955], [79.99367067424704, 14.442006779560385], [79.99366862594229, 14.442010078710508], [79.99360793282247, 14.442052721871816], [79.9936023381194, 14.442058882545883], [79.99358541415992, 14.442077519465505], [79.99354075532844, 14.442126698593441], [79.99346947103061, 14.442205196053742], [79.99342396283153, 14.442255309021933], [79.99339296688984, 14.442288791699069], [79.9932425958899, 14.442451226243218], [79.99316352765555, 14.442536636113681], [79.99311757523577, 14.44258627520502], [79.99308821859393, 14.442613943703986], [79.99300117154394, 14.442695988027783], [79.99300093590945, 14.442696194951024], [79.99300068642914, 14.44269638644639], [79.99300042403877, 14.442696560709752], [79.99300014967012, 14.442696716841096], [79.99299986518257, 14.442696853944296], [79.99299957150376, 14.442696972023318], [79.99299927048904, 14.442697071086092], [79.99299896307828, 14.44269714842451], [79.99299865111865, 14.442697205854543], [79.99299833554193, 14.442697242476124], [79.99299801820341, 14.442697258297189], [79.99299770096249, 14.442697252421622], [79.99299738474684, 14.442697224853418], [79.99299707140366, 14.442697177408517], [79.99299676186874, 14.442697108282857], [79.99299645706161, 14.442697019288444], [79.992996160697, 14.442696909537103], [79.99299587183911, 14.442696780832923], [79.99299559234326, 14.44269663318385], [79.99299532499248, 14.442696466601742], [79.99299506885093, 14.442696282890713], [79.99299482669755, 14.442696082966663], [79.99299459946, 14.442695866833551], [79.99297608684182, 14.442677055062541], [79.99289598461816, 14.442592437014081], [79.99285267204864, 14.442544814996051], [79.992840763523, 14.442527261836613], [79.99282929044516, 14.442504679537093], [79.99282234386264, 14.442484909168074], [79.99280583090582, 14.442422075411452], [79.99278695720227, 14.44229528407267], [79.99278035855673, 14.442232206097206], [79.99277581539243, 14.442188772722501], [79.99276489962567, 14.44212397940999], [79.99276475957622, 14.44212314799586], [79.99276472008921, 14.442122852205008], [79.99276470101891, 14.442122554693306], [79.99276470143356, 14.442122256360829], [79.99276472225272, 14.442121959019591], [79.99276476347637, 14.44212166266958], [79.99276482416059, 14.442121370922951], [79.99276490430945, 14.442121082875667], [79.99276500391072, 14.442120801239788], [79.99276512296443, 14.44212052601535], [79.99276525960305, 14.442120259906485], [79.9927654147583, 14.44212000201313], [79.99276558655858, 14.44211975594346], [79.99276577408028, 14.442119520789504], [79.99276597824705, 14.442119297459213], [79.99276619626366, 14.442119088652815], [79.99276642813011, 14.442118894370267], [79.99276667291873, 14.442118714607645], [79.9928301572921, 14.442075313355812]]}}, {"type": "Feature", "id": "w16-road-40", "properties": {"wardId": "ward-16", "segmentId": "w16-road-40", "lengthMeters": 422.5}, "geometry": {"type": "LineString", "coordinates": [[79.99234412861705, 14.443228887913865], [79.99235227814466, 14.44328230106912], [79.99236119497391, 14.443335691287176], [79.99237685522017, 14.443429456868374], [79.99239795538837, 14.443555791252011], [79.99240277377504, 14.443584645397756], [79.99240768146171, 14.443614888535183], [79.99242179611501, 14.44370187532014], [79.99242183464148, 14.443702178339244], [79.9924218518275, 14.443702482171142], [79.99242184766901, 14.443702787719898], [79.99242182310994, 14.44370309137335], [79.99242177722263, 14.443703393127532], [79.99242171094292, 14.443703691178364], [79.99242162334716, 14.44370398461787], [79.99242151630293, 14.44370427074188], [79.9924213898102, 14.443704549550398], [79.99242124387713, 14.443704819235384], [79.99242108036313, 14.44370507890075], [79.99242089834459, 14.443705327638478], [79.99242069968498, 14.44370556364847], [79.99242048531607, 14.443705786030648], [79.99242025616957, 14.44370599388498], [79.99242001318129, 14.443706185407363], [79.99241975727483, 14.443706361505772], [79.99241949031367, 14.443706520380127], [79.99241921230595, 14.443706660222343], [79.99241892509885, 14.443706782848412], [79.99241863055994, 14.443706885554203], [79.9924183296169, 14.443706968343657], [79.99231954334375, 14.44373081323525], [79.99220050591452, 14.443759545536167], [79.99201894764205, 14.443803383647568], [79.99198947363149, 14.443809051603914], [79.99198883493122, 14.443809151933182], [79.99198819086038, 14.443809208845407], [79.99198754420601, 14.44380922144847], [79.99198689774707, 14.443809190658337], [79.99198625519828, 14.443809115586795], [79.99198562026629, 14.443808997153795], [79.99198499480232, 14.443808836271256], [79.99198438251707, 14.443808632955054], [79.99198378618948, 14.44380838812115], [79.99198320859033, 14.443808104493506], [79.99198265250669, 14.443807781179968], [79.99198212163297, 14.443807421812549], [79.99198161689684, 14.443807026395215], [79.99198114292032, 14.443806598563878], [79.99198069969938, 14.443806139222565], [79.9919802900089, 14.443805650191258], [79.9919799175432, 14.443805135101925], [79.99197958229013, 14.44380459666661], [79.99197928610093, 14.443804035797314], [79.99197903081465, 14.443803456118056], [79.99197881734268, 14.443802861248892], [79.99197864753222, 14.443802253005817], [79.99197852137102, 14.443801634100923], [79.9919621115032, 14.443703382149984], [79.99194821650626, 14.44362018874762], [79.99194365288379, 14.443592867134422], [79.99193922328507, 14.4435644187529], [79.99193128553128, 14.443513440179109], [79.99191460577673, 14.44340632293038], [79.99191388162386, 14.443401915336239], [79.99190386207088, 14.443340862244169], [79.99189576297981, 14.44329151658466], [79.99189415129516, 14.443281695401788], [79.99187884026446, 14.443185620560289], [79.99187294267392, 14.443148611844956], [79.99186157953889, 14.443076711722169], [79.99185027233287, 14.443005165318837], [79.99184583827507, 14.442967206385328], [79.99183726137227, 14.442893778593648], [79.99183005560528, 14.442832087526932], [79.99182562384782, 14.442802681752617], [79.99181031359572, 14.44270108953616], [79.99180947301322, 14.442696374973153], [79.99179242852564, 14.442600846889851], [79.99178187718873, 14.44254170899313], [79.9917665352555, 14.442453130336128], [79.99176250358093, 14.44242985025868], [79.99174986603181, 14.442356884237068], [79.99174982383644, 14.44235657216178], [79.99174980298545, 14.442356258369696], [79.9917498053301, 14.442355943772785], [79.99174982993459, 14.44235563017513], [79.9917498777225, 14.442355318484745], [79.9917499468263, 14.44235501140575], [79.99175003724598, 14.442354708938137], [79.991750149897, 14.442354413797979], [79.99175028291991, 14.442354126881334], [79.99175043630666, 14.44235384999627], [79.99175060819778, 14.44235358403887], [79.99175079951281, 14.442353330821152], [79.99175100839642, 14.442353090335192], [79.99175123390876, 14.442352865289084], [79.99175147512213, 14.442352655678878], [79.99175173110073, 14.442352463308625], [79.99175199906159, 14.442352288166452], [79.99175227992421, 14.442352132064384], [79.99175257090563, 14.442351994990478], [79.99175287014235, 14.442351878744875], [79.99175317763846, 14.442351782423545], [79.99175349153047, 14.442351707826596], [79.99187053017117, 14.442327885151222], [79.99197111613353, 14.442307412954936], [79.99219491632591, 14.442261860540016], [79.99219522919238, 14.442261807635113], [79.9921955447482, 14.442261775534705], [79.99219586206165, 14.442261765138843], [79.9921961792815, 14.442261775535568], [79.9921964954801, 14.44226180672092], [79.99219680879801, 14.442261859590978], [79.99219711646042, 14.442261932325804], [79.99219741938684, 14.442262026737428], [79.99219771480648, 14.442262140101843], [79.99219800085996, 14.442262273315158], [79.99219827755542, 14.442262424569323], [79.99219854303345, 14.442262594760441], [79.99219879637455, 14.442262782076478], [79.99219903479978, 14.44226298560153], [79.99219925924089, 14.442263204435505], [79.99219946784663, 14.442263437666464], [79.99219965876165, 14.442263685286479], [79.99219983292993, 14.442263943683407], [79.99219998756438, 14.442264213749375], [79.9922001236008, 14.4422644936803], [79.992200239192, 14.442264781660196], [79.99220033434209, 14.44226507678505], [79.99220040905918, 14.442265377246791], [79.99220046149203, 14.442265682133472], [79.9922071320221, 14.442313992879674], [79.99223679761495, 14.442532163139699], [79.9922410754495, 14.442563624949651], [79.99225368501479, 14.442644080830835], [79.99228271960611, 14.442829334892973], [79.99229968479465, 14.44293758159477], [79.99231131161356, 14.443013790597574], [79.99234412861705, 14.443228887913865]]}}, {"type": "Feature", "id": "w16-road-41", "properties": {"wardId": "ward-16", "segmentId": "w16-road-41", "lengthMeters": 404.2}, "geometry": {"type": "LineString", "coordinates": [[79.991890698703, 14.443738290083218], [79.99190500023973, 14.443820814426402], [79.99190504156071, 14.443821114745358], [79.99190506246076, 14.4438214176891], [79.99190506202446, 14.44382172054159], [79.99190504117942, 14.443822023306774], [79.99190499900614, 14.443822324172666], [79.99190493644043, 14.443822621335151], [79.99190485441811, 14.443822912990157], [79.99190475200743, 14.44382320003775], [79.99190462922468, 14.443823478861836], [79.99190448885693, 14.443823748570253], [79.99190432904888, 14.443824009155088], [79.99190415259163, 14.443824258820205], [79.9919039585616, 14.4438244966576], [79.99190374974994, 14.443824720871145], [79.99190352523306, 14.443824930552807], [79.99190328686629, 14.443825125710559], [79.99190303558545, 14.443825304540297], [79.9919027723182, 14.443825467046008], [79.99190249892803, 14.443825611427554], [79.99190221634261, 14.443825737688895], [79.99190192456598, 14.443825844926035], [79.99190162730886, 14.443825933154843], [79.99190132457124, 14.443826002375317], [79.9918831224395, 14.44382950181722], [79.99169342986956, 14.443865978514335], [79.99152235257287, 14.443898875142844], [79.99151907344816, 14.44389923176942], [79.9915184479752, 14.44389927881544], [79.99151782083426, 14.443899284268365], [79.99151719387662, 14.44389924904013], [79.9915165717447, 14.443899172246603], [79.9915159553621, 14.443899054795738], [79.99151534936307, 14.443898897611424], [79.99151475560703, 14.443898699797566], [79.99151417686475, 14.443898464078167], [79.99151361499163, 14.443898190461132], [79.99151307462188, 14.443897879870365], [79.99151255574331, 14.443897535017948], [79.99151206299018, 14.44389715682772], [79.99151159728201, 14.443896747111703], [79.99151116139777, 14.443896306785867], [79.99151075624877, 14.443895839470258], [79.9915103855376, 14.44389534698881], [79.99151004926014, 14.443894830245549], [79.99150974925547, 14.44389429286451], [79.9915094873667, 14.443893737565707], [79.99150926451742, 14.443893165257137], [79.99150908254259, 14.443892580466866], [79.99150894143817, 14.443891984098927], [79.99150884118374, 14.44389138067344], [79.99150878363064, 14.443890771102367], [79.99150310471002, 14.443795564662487], [79.99149629074202, 14.44368131874509], [79.99148721435216, 14.44352914397656], [79.99146923011402, 14.443300838714391], [79.99146307859344, 14.44323928685727], [79.9914562942108, 14.443171393143901], [79.9914505745414, 14.443132178415093], [79.9914442645446, 14.443088917376775], [79.99143704625072, 14.443040118805778], [79.9914322235362, 14.443007519179453], [79.991417395418, 14.442935671115947], [79.99141552702488, 14.442926620885002], [79.99139439780734, 14.442840424915646], [79.99138597438443, 14.44281161590076], [79.99137240920759, 14.442765221139778], [79.99136126502637, 14.442721354497365], [79.99134803258302, 14.442669264785463], [79.99134084529663, 14.44264097274729], [79.99133377756452, 14.442612295194277], [79.99130365639967, 14.442490068987224], [79.99130359373522, 14.442489770384935], [79.99130355149565, 14.44248946825389], [79.99130353060049, 14.44248916440609], [79.99130353104565, 14.442488859745566], [79.99130355189533, 14.442488556076423], [79.9913035940731, 14.442488254306618], [79.99130365664317, 14.44248795624026], [79.99130373960554, 14.442487661877333], [79.99130384387158, 14.442487374837924], [79.99130396665828, 14.442487095110119], [79.99130410888924, 14.442486823601909], [79.991304268701, 14.442486562113391], [79.99130444701713, 14.442486311552589], [79.99130464197417, 14.442486073719584], [79.99130485356802, 14.442485849518423], [79.99130507994339, 14.442485638941168], [79.99130532016447, 14.442485443791881], [79.99130557329542, 14.442485265874659], [79.99130583748908, 14.442485103373494], [79.9913061136568, 14.442484959908494], [79.99130639809202, 14.442484834559707], [79.99130669079474, 14.442484727327166], [79.99130698989741, 14.44248464091499], [79.99142108683616, 14.442455493725905], [79.99142393809757, 14.442454765515093], [79.99149403746654, 14.442434154941498], [79.99150531259048, 14.442430840143492], [79.99166542891575, 14.442380897847876], [79.99166573543131, 14.44238081327502], [79.99166604834689, 14.442380749522545], [79.99166636395177, 14.442380706574546], [79.99166668316957, 14.44238068533904], [79.99166700228965, 14.442380685800146], [79.99166732038839, 14.442380707049868], [79.99166763653407, 14.442380749988258], [79.99166794887546, 14.442380813703355], [79.99166825648487, 14.442380898191216], [79.99166855657931, 14.442381003439897], [79.99166884916694, 14.442381127641386], [79.99166913238837, 14.442381271691726], [79.99166940439231, 14.442381434678984], [79.9916696642552, 14.44238161569519], [79.9916699110575, 14.442381812928263], [79.99167014293984, 14.442382027274347], [79.99167035898677, 14.442382256017366], [79.99167055827466, 14.442382498249332], [79.99167074080354, 14.44238275397026], [79.99167090473031, 14.442383020460124], [79.99167104912323, 14.442383298618974], [79.9916711730709, 14.442383584826745], [79.99167127750103, 14.442383879087426], [79.99167136056639, 14.442384179585002], [79.99167142227515, 14.44238448451144], [79.99171605329171, 14.442654630775124], [79.99171889522862, 14.442671831499414], [79.99174465563962, 14.442873343462391], [79.99175655867356, 14.442966450224118], [79.9917585790251, 14.442978221368191], [79.9917747157271, 14.44307221592821], [79.99179538311371, 14.443192603509774], [79.99181343354991, 14.443297743157425], [79.99183384876763, 14.443416660587602], [79.99183400966994, 14.443417598768294], [79.99185244107511, 14.443519724155822], [79.99186202788383, 14.443572840613717], [79.99187234372864, 14.443632370757431], [79.991890698703, 14.443738290083218]]}}, {"type": "Feature", "id": "w16-road-42", "properties": {"wardId": "ward-16", "segmentId": "w16-road-42", "lengthMeters": 383.1}, "geometry": {"type": "LineString", "coordinates": [[79.99188994292277, 14.443883643378513], [79.9918911833914, 14.443883609810522], [79.99189242349766, 14.44388365670081], [79.9918936567438, 14.443883784925582], [79.99189487942319, 14.443883993564956], [79.99189608412263, 14.443884280779171], [79.99189726713553, 14.443884645648282], [79.99189842197227, 14.44388508724052], [79.99189954400671, 14.44388560282397], [79.99190062860868, 14.443886190570725], [79.99190167022434, 14.443886847744901], [79.99190266423166, 14.443887570710583], [79.99190360693217, 14.443888356739805], [79.99190449369974, 14.443889203100657], [79.99190531991638, 14.44389010525315], [79.99190608281944, 14.443891058665292], [79.99190677778688, 14.44389205970113], [79.99190740298368, 14.443893103832595], [79.99190795564724, 14.443894186527654], [79.99190843301487, 14.443895303254292], [79.99190883140442, 14.44389644766844], [79.99190915175981, 14.443897616157976], [79.99194252737787, 14.444038251688342], [79.9919723724735, 14.444164006938486], [79.99198211479369, 14.444205055989444], [79.99201622569143, 14.444346822901654], [79.99204176106494, 14.444452952831545], [79.9920473870472, 14.444476331031174], [79.99206929658466, 14.444559282970372], [79.99209698364702, 14.444664103099155], [79.99212606537739, 14.44477420699174], [79.9921534879515, 14.444878028824911], [79.9921797019666, 14.444977273742758], [79.99218752996725, 14.445006909196303], [79.99221407035017, 14.445089924321918], [79.99224358389156, 14.445182235774633], [79.99224392263672, 14.445183441408195], [79.99224417594218, 14.445184667469404], [79.99224434105345, 14.445185907618155], [79.99224441800305, 14.445187154622262], [79.99224440587963, 14.44518840486164], [79.99224430564338, 14.445189651108077], [79.99224411731878, 14.445190887937398], [79.99224384093426, 14.445192109021429], [79.99224347930138, 14.445193308043898], [79.99224303336817, 14.445194480488636], [79.99224250594611, 14.445195620039392], [79.99224189798733, 14.445196721275943], [79.99224121415462, 14.445197778793995], [79.9922404572554, 14.445198787181281], [79.99223963008903, 14.445199742833612], [79.99223873731826, 14.445200640346663], [79.9922377826701, 14.445201476120186], [79.99223677080732, 14.445202244749884], [79.99223570730413, 14.445202944451498], [79.99223459682332, 14.445203569820718], [79.99223344493504, 14.445204119977301], [79.99223225629797, 14.445204590420975], [79.99223103741399, 14.445204979371441], [79.99222979385324, 14.44520528594847], [79.99222853118988, 14.445205508367833], [79.9922272559258, 14.445205644849231], [79.99203480035588, 14.44521969509816], [79.99198597004403, 14.44522326062193], [79.9918265916164, 14.44523148187804], [79.99182595052807, 14.445231493600184], [79.99182531056289, 14.445231461933078], [79.99182467357619, 14.445231386884677], [79.99182404420229, 14.445231269378814], [79.99182342429654, 14.445231109423474], [79.99182281663383, 14.445230908838566], [79.99182222492483, 14.445230667639983], [79.99182165194851, 14.445230386743644], [79.99182110047977, 14.445230067969545], [79.99182057236575, 14.445229713133628], [79.99182007130909, 14.445229324059842], [79.99181959823333, 14.445228901656185], [79.99181915684105, 14.445228447746558], [79.99181874897128, 14.445227965955011], [79.9918183755436, 14.445227458093578], [79.99181803933286, 14.445226925982217], [79.9918177412545, 14.445226372336935], [79.99181748315168, 14.445225799877797], [79.99181726686345, 14.445225212228781], [79.99181709238573, 14.445224610293973], [79.99179237514342, 14.44512654248437], [79.99176228796235, 14.445007164205435], [79.99173630937963, 14.44490409254275], [79.99170973750812, 14.444798664212232], [79.99170159051032, 14.444766338758747], [79.99167718918991, 14.444682386206111], [79.99165092247263, 14.444592012391311], [79.99162671759305, 14.444508735994935], [79.99162101849096, 14.444485330353816], [79.99159502326891, 14.44437856378492], [79.99159324167081, 14.444371247880621], [79.9915803720048, 14.444311294560135], [79.99157602745953, 14.444283125888534], [79.99156157059551, 14.444189389835554], [79.99155042337105, 14.44413382487468], [79.9915279230066, 14.444021661653727], [79.99151898310102, 14.44397322818511], [79.99151880213833, 14.443972006953098], [79.99151870656195, 14.443970777046008], [79.99151869727513, 14.443969543891967], [79.9915187742534, 14.44396831291515], [79.99151893654465, 14.443967089535704], [79.99151918504806, 14.443965880085806], [79.99151951696022, 14.443964689073656], [79.99151993224858, 14.443963523731455], [79.99152042718208, 14.443962388563465], [79.9915210008086, 14.443961288989842], [79.99152164939304, 14.443960230418892], [79.99152237105969, 14.443959217362789], [79.9915231620775, 14.44395825432577], [79.99152401871544, 14.443957345812093], [79.99152493724245, 14.443956496326006], [79.99152591207215, 14.443955710363815], [79.99152694040932, 14.4439549906257], [79.9915280157399, 14.443954341604005], [79.99152913527276, 14.44395376509484], [79.99153029157429, 14.443953263778544], [79.99153148091756, 14.443952841255348], [79.99153269680887, 14.443952497497445], [79.99153393366184, 14.443952237001184], [79.9915351859186, 14.443952057934652], [79.99153084128704, 14.443952530239898], [79.9917097950141, 14.44391811958262], [79.99179290612504, 14.443902138166143], [79.99188748316645, 14.443883951080448], [79.99188870765774, 14.443883757428557], [79.99188994292277, 14.443883643378513]]}}, {"type": "Feature", "id": "w16-road-43", "properties": {"wardId": "ward-16", "segmentId": "w16-road-43", "lengthMeters": 390.0}, "geometry": {"type": "LineString", "coordinates": [[79.99174964235831, 14.4452306464175], [79.99174935880895, 14.44523119215023], [79.99174903824218, 14.445231717835647], [79.99174868067026, 14.445232220761689], [79.99174829073966, 14.445232699140128], [79.99174786753498, 14.445233150254941], [79.99174741384327, 14.445233573213995], [79.99174693246388, 14.445233964413106], [79.99174642432446, 14.445234323856212], [79.99174589314794, 14.445234648847148], [79.99174533987012, 14.445234937581814], [79.99174476820173, 14.445235190076101], [79.99174418093797, 14.445235403629823], [79.99174357993425, 14.44523557825093], [79.99174296704992, 14.445235713043317], [79.99174234785517, 14.445235807126778], [79.99174172235402, 14.445235859597311], [79.99165538049601, 14.445240314157001], [79.99160129643981, 14.445243104053757], [79.99155416241767, 14.445245534939659], [79.99148761748125, 14.445248967601337], [79.99148338601397, 14.445249231554556], [79.9912582357166, 14.445263284990451], [79.99125699615182, 14.445263322174679], [79.99125575695375, 14.44526327799663], [79.99125452368028, 14.445263154288178], [79.99125330190564, 14.445262949265116], [79.99125209717957, 14.445262666567363], [79.99125091414452, 14.445262305310742], [79.99124975835836, 14.445261867327124], [79.99124863537091, 14.445261356256449], [79.99124754982047, 14.445260772118578], [79.99124650632508, 14.445260119453462], [79.99124551044262, 14.445259400093002], [79.99124456586752, 14.445258617669188], [79.9912436772218, 14.445257775817932], [79.991242848204, 14.445256877267248], [79.99124208250034, 14.445255927457133], [79.99124138380925, 14.445254929115565], [79.99124075488938, 14.4452538876786], [79.99124019849926, 14.445252808582298], [79.9912397174097, 14.445251694550663], [79.99123931437113, 14.445250552827801], [79.99120881917331, 14.445153840713283], [79.99117642981592, 14.445051123973043], [79.99117352234141, 14.445039618433913], [79.99114902669179, 14.444942674343087], [79.99114720838404, 14.444935478516884], [79.99112748260981, 14.444846428149592], [79.99110196259628, 14.444731218913724], [79.99110075055295, 14.444727003598823], [79.99107160014141, 14.444625664913003], [79.9910471499878, 14.444540665219053], [79.99104326813838, 14.444527171133824], [79.99099928748774, 14.444351600393974], [79.99098961505781, 14.444312990719515], [79.99096604743778, 14.444198099013017], [79.99094092576811, 14.444075636526758], [79.99094071794282, 14.444074407043098], [79.99094059830321, 14.444073165280406], [79.9909405668126, 14.444071919374888], [79.99094062251882, 14.44407067474676], [79.9909407672569, 14.444069435924046], [79.99094099821117, 14.444068210127057], [79.99094131628488, 14.444067002783912], [79.99094171774287, 14.444065819302878], [79.99094220255662, 14.44406466601211], [79.99094276792276, 14.444063547419848], [79.9909434110297, 14.444062469842331], [79.99094412907006, 14.444061438691808], [79.9909449173891, 14.444060457564493], [79.99094577411118, 14.444059530972611], [79.9909466936417, 14.444058665220487], [79.99094767225778, 14.44405786300428], [79.99094870530475, 14.444057127920289], [79.99094978812393, 14.444056464468717], [79.99095091513702, 14.444055875337867], [79.99095208169348, 14.444055363219919], [79.99095328129147, 14.444054929895131], [79.99095450834866, 14.444054578955782], [79.99095575729498, 14.444054311282061], [79.99095702256031, 14.444054127754143], [79.99096764154142, 14.44405295004741], [79.99107925153625, 14.444030329563745], [79.99119385697264, 14.444007100769854], [79.99128781640287, 14.443988056966823], [79.99132779519417, 14.443983709662803], [79.99143518958685, 14.443972029770283], [79.9914364544523, 14.443971934834227], [79.99143772264958, 14.44397192398838], [79.9914389886086, 14.443971998112975], [79.99144024584385, 14.443972155372157], [79.99144148971288, 14.443972396650116], [79.99144271373017, 14.443972720110999], [79.99144391233376, 14.443973124826984], [79.99144507904222, 14.443973608058176], [79.99144621015708, 14.44397416707665], [79.99144729826104, 14.443974800946595], [79.99144834059148, 14.443975505136017], [79.99144933066286, 14.44397627780903], [79.99145026385719, 14.443977114425701], [79.99145113648417, 14.443978010449998], [79.99145194484537, 14.443978963153997], [79.99145268432683, 14.443979967093668], [79.99145335123418, 14.443981018637041], [79.99145394281297, 14.443982111444035], [79.99145445722817, 14.443983240986586], [79.99145488986183, 14.443984402724714], [79.99145524167419, 14.443985589430183], [79.99145550803915, 14.44398679837108], [79.9914584756261, 14.44400287590903], [79.99146409746511, 14.444033334563915], [79.99147665462105, 14.444095928164812], [79.99148573587226, 14.444141197185578], [79.99149692298981, 14.444196963920753], [79.99149756535247, 14.44420016878875], [79.99150917032769, 14.444275407679369], [79.99151643166597, 14.444322485133439], [79.99152985829112, 14.444385034538104], [79.99153898119482, 14.444422504558885], [79.99156385698902, 14.44452467109331], [79.9915818032574, 14.444586415347516], [79.9916130888879, 14.444694054353384], [79.99163879926043, 14.444782513740757], [79.99164247036776, 14.444797080919374], [79.99167020515442, 14.444907123040807], [79.99172338262957, 14.445118111840326], [79.99175024071393, 14.44522467596729], [79.9917503697517, 14.445225274091568], [79.99175045701152, 14.44522587926946], [79.99175050250157, 14.445226489692901], [79.99175050438683, 14.44522710083384], [79.9917504645308, 14.445227710892137], [79.9917503829457, 14.445228317155747], [79.99175025871608, 14.44522891690862], [79.99175009371358, 14.445229506542589], [79.99174988794633, 14.445230084249584], [79.99174964235831, 14.4452306464175]]}}, {"type": "Feature", "id": "w16-road-44", "properties": {"wardId": "ward-16", "segmentId": "w16-road-44", "lengthMeters": 790.0}, "geometry": {"type": "LineString", "coordinates": [[79.99045932071643, 14.444049682064618], [79.99045804573583, 14.44404975706312], [79.99045676835551, 14.444049747071345], [79.99045549600498, 14.444049650313014], [79.9904542323827, 14.44404946951614], [79.99045298491407, 14.44404920380845], [79.9904517591529, 14.44404885592586], [79.99045056066522, 14.444048425892236], [79.9904493950048, 14.444047916443473], [79.99044826865308, 14.444047330319489], [79.99044718623618, 14.444046670252183], [79.99044615238023, 14.444045938973558], [79.99044517355851, 14.444045141031504], [79.99044425254588, 14.44404427824602], [79.99044339488391, 14.4440433560651], [79.99044260519054, 14.44404237902872], [79.99044188530478, 14.444041350760932], [79.99044123984054, 14.444040276705763], [79.99044067248403, 14.444039162303266], [79.9904401841425, 14.444038012077515], [79.9904397784981, 14.4440368323726], [79.9904394573858, 14.4440356277166], [79.9904392217047, 14.44403440444163], [79.9904390732816, 14.44403316888386], [79.99042685996336, 14.443888857606769], [79.99042301988977, 14.443843488058826], [79.99042298585144, 14.443843013290717], [79.99041945988226, 14.443781686026187], [79.99041210175844, 14.4436536954301], [79.9904103288897, 14.443622858178996], [79.99040533030983, 14.44353611106705], [79.99040167648131, 14.443472692203306], [79.99040157583443, 14.443470942449958], [79.99039312614453, 14.443393067292082], [79.9903877367886, 14.443343391480111], [79.99038029632445, 14.443264304707412], [79.99037503091458, 14.443208334577898], [79.99037474507105, 14.443205481099337], [79.99036720031472, 14.44313018452943], [79.99034280082931, 14.443135638968869], [79.99031920460136, 14.44314091332604], [79.99032260720162, 14.443283262161271], [79.99032471585477, 14.443371484044512], [79.9903270797148, 14.443470379241965], [79.99032897845302, 14.443549814739999], [79.99033107862054, 14.443637655079272], [79.99033215874682, 14.443682832900476], [79.99033900800993, 14.44376937910567], [79.99034764576076, 14.443881036422932], [79.9903511589168, 14.443912089058342], [79.99035276116602, 14.443926249610797], [79.99035282312596, 14.443926909827228], [79.99035286096243, 14.443927570844338], [79.99035776768036, 14.444058328154824], [79.99035777042224, 14.444059571224942], [79.9903576859754, 14.444060811209422], [79.99035751436844, 14.444062041780091], [79.99035725561762, 14.444063259320854], [79.99035691161502, 14.44406445570344], [79.99035648516403, 14.444065626419631], [79.9903559762891, 14.444066766045289], [79.99035538872539, 14.44406786917216], [79.99035472435676, 14.44406892948], [79.99035398691022, 14.444069943368635], [79.99035318012092, 14.44407090542977], [79.99035230771584, 14.444071812063243], [79.99035137250654, 14.444072656952757], [79.99035038099892, 14.444073437414106], [79.99034933599232, 14.444074149843066], [79.99034824306906, 14.4440747906474], [79.99034710780741, 14.44407535713888], [79.99034593578558, 14.444075846629266], [79.99034473165828, 14.444076255522319], [79.99034350192325, 14.444076582941866], [79.99020110024261, 14.444109442319546], [79.99019983190404, 14.444109690017187], [79.99019854818661, 14.44410985086085], [79.99019725651578, 14.4441099239783], [79.99019596245756, 14.444109909393436], [79.99019467343332, 14.444109807137997], [79.99019339408142, 14.444109617231875], [79.99019213089142, 14.44410934060694], [79.99019089127657, 14.444108979103014], [79.99018968079473, 14.444108534552008], [79.99018850500372, 14.444108008785804], [79.99018736946142, 14.444107403636327], [79.99018627971348, 14.444106723647515], [79.99018524131367, 14.444105971555333], [79.99018425888806, 14.444105150091717], [79.99018333798234, 14.444104263800615], [79.99018248321033, 14.444103318126055], [79.99018169734285, 14.444102315792081], [79.99018098591732, 14.444101263150666], [79.99018035077279, 14.444100163825883], [79.99017979651498, 14.44409902506981], [79.99017932405523, 14.4440978505025], [79.9901789370716, 14.44409664737207], [79.99017863739901, 14.44409542020659], [79.9901618760726, 14.44401437873667], [79.99015101362247, 14.44391983173804], [79.99014654509882, 14.443880938768284], [79.99013517236183, 14.443738087500153], [79.99013153883166, 14.443628446843801], [79.9901295219829, 14.443567597955152], [79.9901287783413, 14.443540581981148], [79.99012641603362, 14.443454727606321], [79.99012470874516, 14.443392708404291], [79.99012816202124, 14.443363825483788], [79.99013009961593, 14.443355264367357], [79.99013042238809, 14.443354044388979], [79.99013083039543, 14.443352849184935], [79.99013132360939, 14.443351685083437], [79.99013189829893, 14.443350556588667], [79.99013255257606, 14.443349470924892], [79.9901332827179, 14.44334843078829], [79.99013408497707, 14.443347444299185], [79.99013495656241, 14.443346513253688], [79.9901358918753, 14.443345644860171], [79.99013688719691, 14.44334484091079], [79.99013793786445, 14.443344106809791], [79.99013903829558, 14.443343446149447], [79.99014018291211, 14.443342861617992], [79.99014136706343, 14.44334235590759], [79.990142583316, 14.443341931698557], [79.99014382795099, 14.443341590783026], [79.99014509353484, 14.44334133584128], [79.99014556793533, 14.443341257414103], [79.99014679730347, 14.443341010453548], [79.99014800755361, 14.443340682951321], [79.99014919218394, 14.443340276687596], [79.99015034562028, 14.443339793446627], [79.99015146321615, 14.443339235016559], [79.99015253939329, 14.44333860408563], [79.9901535695012, 14.443337903346043], [79.99015454795342, 14.443337137294078], [79.99015547195881, 14.443336307725856], [79.99015633500335, 14.443335419133685], [79.99015713521126, 14.443334476029728], [79.99015786792386, 14.443333482914273], [79.99015853034591, 14.44333244248744], [79.99015911873407, 14.443331361965518], [79.99015963122082, 14.443330244052667], [79.99016006406286, 14.44332909596518], [79.99016476235903, 14.443315207401813], [79.99016797384446, 14.443301053911997], [79.99016826553839, 14.443299936861228], [79.99016862949647, 14.443298840913057], [79.99016906477064, 14.4432977705836], [79.99016956856566, 14.443296728573051], [79.9901701399335, 14.443295719397538], [79.99017077606666, 14.44329474846929], [79.9901714741699, 14.44329381848846], [79.99017223143579, 14.44329293486725], [79.99017304507723, 14.443292098497816], [79.99017389320544, 14.443291226114411], [79.99017467942062, 14.443290300127234], [79.99017540091535, 14.443289325948538], [79.99017605396261, 14.443288307178484], [79.9901766366867, 14.443287248329268], [79.99017714535655, 14.44328615390511], [79.99017729636662, 14.443285787510865], [79.9901775790241, 14.443285028422173], [79.99017793395015, 14.44328387819273], [79.99017821104606, 14.443282706836854], [79.99017840657258, 14.443281520666815], [79.99017852143702, 14.443280324206718], [79.99017953842598, 14.443263818940501], [79.9901797664349, 14.443212044501468], [79.99017561209509, 14.443173012750055], [79.99017455659121, 14.443163098114335], [79.99015574244096, 14.443077307048345], [79.99014964226848, 14.44304948703075], [79.99013453012476, 14.442984550907429], [79.99010796423751, 14.442870394838828], [79.99008191163222, 14.44275844502261], [79.99006697972055, 14.442694280816239], [79.9900521053234, 14.442646567716508], [79.99001601485945, 14.44253079960303], [79.98997464715826, 14.442398105085934], [79.98994230416268, 14.442294356897532], [79.99009538810897, 14.442215792492144], [79.99024134106784, 14.442140888638232], [79.99026837220222, 14.442244862651078], [79.99028809298885, 14.442320715840056], [79.99032246645477, 14.442452932852127], [79.99035418278888, 14.442574930029952], [79.99038391859966, 14.44268930668278], [79.99041030334091, 14.442790793604997], [79.99041358977982, 14.442803415459183], [79.99043918106793, 14.442901679684732], [79.9904892238344, 14.443093832201631], [79.9905728424398, 14.443084160879861], [79.99056394965694, 14.44305001507669], [79.99054854870083, 14.44299087897692], [79.99054828226419, 14.442989687211771], [79.99054809845498, 14.442988481335828], [79.99054799818046, 14.442987265873148], [79.99054798327151, 14.442986046255864], [79.99054805184832, 14.442984827900172], [79.99054820480596, 14.442983618042254], [79.99054844120045, 14.44298242029422], [79.99054876007557, 14.442981240980284], [79.99054915955153, 14.442980085516643], [79.99054963775264, 14.442978958415486], [79.99055019279908, 14.44297786509302], [79.990550822807, 14.442976811869443], [79.99055152405352, 14.442975801440978], [79.9905522927994, 14.442974840119893], [79.99055312717711, 14.442973930610297], [79.99055402252385, 14.442973078316511], [79.99055497511267, 14.442972286838723], [79.99055597936128, 14.442971559769193], [79.99055703247033, 14.442970900712107], [79.99055812793807, 14.442970311447706], [79.99055926203344, 14.44296979648023], [79.99056042918635, 14.442969356689849], [79.99056162474626, 14.442968994768778], [79.99056284128778, 14.44296871158927], [79.99070819410645, 14.442939960796643], [79.99073761121804, 14.442927962645138], [79.99074900648061, 14.44292208272708], [79.99075014532372, 14.44292154336983], [79.9907513190757, 14.442921080101595], [79.99075252308192, 14.44292069651867], [79.99075375084465, 14.442920393497253], [79.99075499678976, 14.442920172821557], [79.9907562553472, 14.442920035371793], [79.99075752094687, 14.442919982028128], [79.99075878709105, 14.442920013666788], [79.99076004822194, 14.442920128455908], [79.99076129876946, 14.442920327275676], [79.99076253131635, 14.442920609190281], [79.99076374216419, 14.44292097147176], [79.99076492481935, 14.442921414092307], [79.99076607372801, 14.442921934316018], [79.99076718333649, 14.442922529407001], [79.99076824809099, 14.4429231966293], [79.99076926429305, 14.44292393325501], [79.99077022638897, 14.442924736548202], [79.99077113069251, 14.442925601068831], [79.9907719716499, 14.442926524080999], [79.99077274650263, 14.44292750014862], [79.99077345062459, 14.442928526539777], [79.99077408126539, 14.442929596010357], [79.99077463565426, 14.442930705836337], [79.99077511103268, 14.4429318505817], [79.99077550557789, 14.442933023006265], [79.99077581652324, 14.44293421948201], [79.99077604389721, 14.442935433680798], [79.99077618494131, 14.442936660166513], [79.99078403051116, 14.44303497765791], [79.99079370246423, 14.443156185191565], [79.99080273343732, 14.44326935846516], [79.99083063425746, 14.443618992552498], [79.99084010604585, 14.44373768960222], [79.99084871997418, 14.443845633007557], [79.99085901540096, 14.44397465322808], [79.99085907094533, 14.443975913701268], [79.99085903557406, 14.443977174689204], [79.99085891024332, 14.443978429867702], [79.99085869590526, 14.443979673816603], [79.9908583925884, 14.44398090020771], [79.9908580021766, 14.443982102720781], [79.99085752747322, 14.44398327684763], [79.99085696944269, 14.44398441445599], [79.99085633088424, 14.443985511941676], [79.99085561646072, 14.443986563900392], [79.9908548271283, 14.443987564007962], [79.99085396940107, 14.44398850777201], [79.99085304515066, 14.443989391584436], [79.99085206089521, 14.443990210048856], [79.99085102035761, 14.44399096046909], [79.99084992820069, 14.443991637440858], [79.9908487899986, 14.44399223917992], [79.99084761226133, 14.443992762097997], [79.99084639963945, 14.443993203502872], [79.99084515863484, 14.443993561614297], [79.99084389482567, 14.44399383374403], [79.99084261470571, 14.443994019919865], [79.99080273112853, 14.443998440776015], [79.99068133049188, 14.444015057039612], [79.99064429361987, 14.444020586663006], [79.99059136218479, 14.444028489121681], [79.99046755893787, 14.444047957181532], [79.99046183843139, 14.444049276989498], [79.99046058680362, 14.44404952204802], [79.99045932071643, 14.444049682064618]]}}, {"type": "Feature", "id": "w16-road-45", "properties": {"wardId": "ward-16", "segmentId": "w16-road-45", "lengthMeters": 274.1}, "geometry": {"type": "LineString", "coordinates": [[79.98978145162252, 14.443360430362274], [79.98978019553785, 14.443360430402814], [79.98977894168388, 14.443360347281002], [79.98977769747788, 14.443360181932686], [79.98977646662641, 14.443359935277782], [79.9897752565508, 14.443359607348123], [79.98977407188124, 14.44335919997161], [79.98977291817148, 14.443358715884203], [79.9897718000517, 14.443358156913808], [79.98977072400331, 14.443357525800357], [79.98976969372474, 14.443356825271813], [79.98976871476975, 14.443356058064106], [79.98976779176034, 14.443355227813214], [79.98976692838681, 14.443354339055192], [79.98976612834755, 14.443353394517997], [79.98976539532468, 14.443352400545708], [79.98976473394428, 14.443351359870292], [79.98976414603722, 14.443350277923845], [79.98976363436606, 14.443349159238434], [79.98976320168528, 14.443348010154134], [79.98976284982977, 14.443346835199051], [79.98973939913682, 14.443257372809647], [79.98970836627603, 14.443138980204711], [79.98970306767801, 14.443118764802923], [79.98967953921493, 14.443025372203309], [79.98965280462457, 14.442919253215043], [79.98963984244973, 14.44286779832369], [79.98962230459522, 14.442804707777256], [79.9895933332101, 14.442700483108496], [79.9895700051403, 14.442616558490824], [79.98956450820997, 14.442598566180552], [79.98953113264534, 14.44248932055941], [79.98969809056263, 14.442441738676878], [79.9898666275024, 14.44239370689701], [79.98989956668584, 14.442499368794323], [79.98993390226316, 14.442609508065873], [79.98996788764607, 14.442718522108075], [79.98996827445127, 14.442719764111834], [79.9899922238931, 14.4428226780612], [79.99002251269263, 14.442952829946265], [79.99004998403424, 14.443070876379922], [79.99005424080252, 14.44309028542606], [79.99007362118431, 14.443178664485359], [79.99007502555514, 14.443191855057794], [79.9900776999055, 14.443216975391636], [79.99007750761395, 14.443260622640672], [79.990076530665, 14.443276476262964], [79.99007302762855, 14.443291919474587], [79.99006930152139, 14.443302933730429], [79.99006886775128, 14.443304081813748], [79.99006835526416, 14.443305199726383], [79.99006776687156, 14.44330628115208], [79.99006710538096, 14.443307320678585], [79.99006637266397, 14.443308314697786], [79.99006557245582, 14.443309257801397], [79.99006470848339, 14.443310146389246], [79.99006378540953, 14.443310975057052], [79.99006280602539, 14.443311742008683], [79.99006177592145, 14.443312441843833], [79.9900606997442, 14.443313072774343], [79.99005958307593, 14.443313631207943], [79.9900584287119, 14.443314114444497], [79.99005724408158, 14.443314520707762], [79.99005603475915, 14.4433148482135], [79.99005480446341, 14.443315095169616], [79.98993760187216, 14.443334604817183], [79.9897839500671, 14.443360182514752], [79.98978270529545, 14.443360348043534], [79.98978145162252, 14.443360430362274]]}}, {"type": "Feature", "id": "w16-road-46", "properties": {"wardId": "ward-16", "segmentId": "w16-road-46", "lengthMeters": 499.0}, "geometry": {"type": "LineString", "coordinates": [[79.98967975806175, 14.443358966574424], [79.98967994453922, 14.443360196871353], [79.98968004377119, 14.443361436738753], [79.98968005485446, 14.443362680748502], [79.98967997874526, 14.443363922576411], [79.98967981546807, 14.443365156798349], [79.98967956505551, 14.443366376182091], [79.9896792284557, 14.443367576211495], [79.98967880940783, 14.443368750574308], [79.98967830793231, 14.443369894750388], [79.9896777268407, 14.443371002423488], [79.98967706894048, 14.443372068181391], [79.98967633703504, 14.443373087515903], [79.98967553578314, 14.44337405592681], [79.98967466706458, 14.443374967997864], [79.98967373646575, 14.443375819232827], [79.98967274863723, 14.443376606939507], [79.98967170731419, 14.443377325709656], [79.9896706171431, 14.44337797375512], [79.98966948463804, 14.443378546583574], [79.98966831351783, 14.443379042402917], [79.98966711121605, 14.443379458532853], [79.98966588145151, 14.44337979318125], [79.98966463165372, 14.443380044571873], [79.98954428086236, 14.443400078429569], [79.98946644623989, 14.443413035055299], [79.98942817990228, 14.443419467783187], [79.98931682335206, 14.443438185830566], [79.9892108152336, 14.443456005542279], [79.98909595584048, 14.44347531236099], [79.98891628369977, 14.443505514153236], [79.9888852127618, 14.443391330523479], [79.98886006147015, 14.443298900034513], [79.9888304707202, 14.443190154234188], [79.98880183176163, 14.443084907541195], [79.98879190979223, 14.44304844382832], [79.98877192839221, 14.442979866966638], [79.98874067694965, 14.442872606606118], [79.98871052905076, 14.44276913620151], [79.98869332843775, 14.442710103485792], [79.9888665352308, 14.442664640074783], [79.98900183465086, 14.44262912655836], [79.98902708558035, 14.442622880350994], [79.98907218539561, 14.44277516352154], [79.98910475411706, 14.442885134391737], [79.98913718581179, 14.44299464089704], [79.98916583277021, 14.443091370611436], [79.98920517246742, 14.44322420390342], [79.98920691407912, 14.443230084030633], [79.98929662612699, 14.443220748482585], [79.989252197691, 14.44307073375476], [79.98922361282658, 14.442974214956738], [79.98919307073247, 14.442871087350003], [79.98915980660198, 14.442758769325499], [79.98911325021407, 14.44260156825971], [79.98922344819927, 14.44257431205972], [79.98927350331516, 14.442561931586795], [79.9893418077307, 14.442542777615477], [79.9894509976154, 14.442512158465693], [79.98948968997406, 14.442638807103735], [79.98949759440549, 14.442667241481194], [79.9895274941134, 14.442774806959052], [79.98955899590685, 14.442888137147579], [79.98955906699145, 14.442888419513533], [79.98959116576549, 14.443015830005129], [79.98962215818084, 14.443138850241226], [79.98963440038142, 14.443185600122648], [79.98967948431427, 14.443357751272151], [79.98967975806175, 14.443358966574424]]}}, {"type": "Feature", "id": "w16-road-47", "properties": {"wardId": "ward-16", "segmentId": "w16-road-47", "lengthMeters": 327.6}, "geometry": {"type": "LineString", "coordinates": [[79.98965654838436, 14.443463976468676], [79.98965783545388, 14.443463894293805], [79.98965912490652, 14.443463900725286], [79.9896604111885, 14.443463993027203], [79.98966168687033, 14.443464172975776], [79.98966294732185, 14.443464438743069], [79.98966418605346, 14.443464789397229], [79.989665395652, 14.443465223098396], [79.98966657241903, 14.443465737118576], [79.98966770986497, 14.443466330525938], [79.98966880151657, 14.443466998772498], [79.98966984367541, 14.443467739130279], [79.98967082986412, 14.443468547955346], [79.98967175638428, 14.443469422519732], [79.98967261769441, 14.44347035737542], [79.98967341103184, 14.443471347990345], [79.98967413177871, 14.443472389824528], [79.98967477624473, 14.443473478341932], [79.98967534167544, 14.443474607202422], [79.98967582530419, 14.443475772778019], [79.98967622531235, 14.443476966924505], [79.9896765380056, 14.443478186009907], [79.98967676341248, 14.443479423706028], [79.98967690063796, 14.443480672776692], [79.98968949562511, 14.44365171280981], [79.98970029076864, 14.443798326943224], [79.98970262439674, 14.443816302979199], [79.98970273947674, 14.443817525737682], [79.98970277011446, 14.443818753558467], [79.98970271447905, 14.443819981009431], [79.9897025735308, 14.443821200862352], [79.98970234821373, 14.44382240950512], [79.9897020394881, 14.44382359970949], [79.98970164737433, 14.443824766955366], [79.9897011756076, 14.443825905834489], [79.98970062606773, 14.443827010930667], [79.98969999970684, 14.443828076823728], [79.9896993011837, 14.443829099013408], [79.98969853330168, 14.443830072991547], [79.98969769886831, 14.443830993345909], [79.98969680253823, 14.44383185648026], [79.98969584803845, 14.443832658794447], [79.9896948400277, 14.443833395788175], [79.98969378316065, 14.443834063865275], [79.98969268208378, 14.443834661237563], [79.9896915414518, 14.443835184308806], [79.98969036777059, 14.443835630394792], [79.98968916475901, 14.443835997703347], [79.98968793984656, 14.443836284458268], [79.98959163161518, 14.443855504686352], [79.98948685802607, 14.443876414395618], [79.98937144726271, 14.443899446338396], [79.98926501715559, 14.443920686050987], [79.98915150425152, 14.443943339996036], [79.98906012919018, 14.443961574960223], [79.98904976538252, 14.443963560984795], [79.98894329634486, 14.443983960526124], [79.98883553482845, 14.444004608508818], [79.98872726448367, 14.44402535370236], [79.98862492810669, 14.444044961710766], [79.98861753234864, 14.444010934377781], [79.98857974030973, 14.443846273618764], [79.98853496219525, 14.443651169092387], [79.98866279983804, 14.443630261135935], [79.98875658017509, 14.443614922341368], [79.98877009846032, 14.443612650625099], [79.98899500092287, 14.443574846511698], [79.98910376921016, 14.44355656321404], [79.98920908665488, 14.44353886082967], [79.98932172630103, 14.443519925944612], [79.98943739804646, 14.443500482372592], [79.9894805718605, 14.443493225405051], [79.98954592626771, 14.44348234609993], [79.98965527113151, 14.44346414456963], [79.98965654838436, 14.443463976468676]]}}, {"type": "Feature", "id": "w16-road-48", "properties": {"wardId": "ward-16", "segmentId": "w16-road-48", "lengthMeters": 283.2}, "geometry": {"type": "LineString", "coordinates": [[79.98822885386942, 14.443637639821464], [79.98812546728934, 14.443665708561964], [79.98809806133168, 14.443549011078176], [79.9880709775925, 14.443433686406816], [79.98804684008039, 14.443330905307727], [79.98803994469863, 14.443301542253987], [79.98802375672824, 14.443238524310932], [79.98801010861726, 14.443142707782114], [79.98800003493606, 14.443110281747696], [79.98796701769741, 14.443004014499923], [79.98793366767724, 14.442896670913742], [79.98791353222077, 14.44283186228454], [79.98789646450285, 14.442776927212147], [79.98789172572248, 14.442762605824608], [79.98788474750097, 14.442741518011442], [79.98785336143088, 14.442629665351916], [79.98785663739152, 14.442630210091778], [79.98785816787945, 14.442630456234944], [79.98786129566344, 14.442630945191917], [79.98786326192807, 14.44263124292859], [79.98786630872358, 14.44263158869909], [79.98786788314278, 14.442631761803424], [79.98787152902042, 14.442632151732285], [79.98787489216124, 14.442632496148947], [79.98787699056277, 14.442632704048705], [79.98788031671563, 14.442633022089257], [79.98788719548146, 14.442633634733498], [79.98789059415964, 14.442633916019613], [79.98789391593581, 14.442634176182482], [79.98789725076062, 14.44263442284073], [79.98790295330352, 14.442634813463851], [79.9879052514796, 14.442634949897798], [79.9879116628141, 14.442635330907592], [79.9879153021862, 14.442635518302438], [79.98792453264704, 14.442635920457137], [79.9879338953061, 14.442636219214275], [79.98794087078248, 14.442636370306765], [79.98794594672842, 14.442636441823732], [79.98795038273417, 14.442636478047383], [79.98795561387365, 14.44263648965968], [79.98795831253051, 14.442636482261902], [79.98796088416297, 14.44263645985403], [79.98796513125662, 14.442636422038873], [79.98797052148012, 14.442636333985234], [79.98797639432533, 14.442636195569193], [79.98798352085578, 14.442635971227544], [79.98798810997509, 14.442635792041845], [79.9879957630993, 14.442635435258486], [79.98799828979536, 14.44263529784394], [79.9880008164955, 14.442635159525336], [79.98800655022409, 14.442634808061397], [79.9880094120598, 14.442634616035036], [79.98801752547237, 14.442634018943938], [79.9880225776426, 14.44263360398259], [79.98803044282158, 14.44263292174939], [79.98803622350134, 14.44263244482445], [79.98804252745646, 14.442631953873203], [79.98804698181537, 14.44263162403682], [79.98805284475871, 14.442631213459727], [79.98806016631899, 14.442630735917232], [79.98806316819903, 14.442630551723779], [79.98806973603531, 14.442630173101845], [79.98807605505361, 14.44262983861363], [79.98808865649856, 14.442629260787813], [79.98809656727177, 14.442628958445757], [79.9881049667843, 14.442628688939033], [79.98810619796039, 14.442628657158787], [79.98812264023631, 14.442687747223268], [79.98814212231463, 14.442757762123339], [79.98816066873376, 14.44282441358546], [79.98816385823984, 14.442835876065361], [79.98817881714956, 14.442889636759608], [79.98819143643698, 14.44293498614743], [79.98819925775791, 14.442963095650535], [79.988220289003, 14.443038675245838], [79.98823635888449, 14.443096427531424], [79.98824887871405, 14.44313813048852], [79.98824979623771, 14.443141609564464], [79.98825047511859, 14.443145139146425], [79.98825091263497, 14.443148705662088], [79.98825110793679, 14.443152291930975], [79.98825105831055, 14.443155882572773], [79.98825076474927, 14.44315946312703], [79.98825023011355, 14.44316301642925], [79.98824945447285, 14.443166527110995], [79.98824844160323, 14.443169980723823], [79.98824719714419, 14.443173361019156], [79.98824572579534, 14.443176654456563], [79.98824403319621, 14.443179844787482], [79.9882359216739, 14.443193975401881], [79.98823420753389, 14.443197210842328], [79.98823272112953, 14.443200551225187], [79.98823146717277, 14.443203980297907], [79.98823045221847, 14.443207484528017], [79.9882296809827, 14.44321104675897], [79.98822915631786, 14.443214651634293], [79.98822888108056, 14.443218282893483], [79.98822885720375, 14.443221923368062], [79.9882290829016, 14.443225557681657], [79.9882295591794, 14.443229168661757], [79.98823028239602, 14.44323274092404], [79.98823124984605, 14.443236257280075], [79.98824587471536, 14.443283064454132], [79.98827664611092, 14.443381551789797], [79.98831217178629, 14.443495255571257], [79.98834722014091, 14.44360743308492], [79.98822885386942, 14.443637639821464]]}}, {"type": "Feature", "id": "w16-road-49", "properties": {"wardId": "ward-16", "segmentId": "w16-road-49", "lengthMeters": 188.7}, "geometry": {"type": "LineString", "coordinates": [[79.98851365724623, 14.444029653389673], [79.98801943549934, 14.444138691918488], [79.98794470242179, 14.443799244123031], [79.98825122969025, 14.443716025908252], [79.98843775772445, 14.443670207809438], [79.98851365724623, 14.444029653389673]]}}, {"type": "Feature", "id": "w16-road-50", "properties": {"wardId": "ward-16", "segmentId": "w16-road-50", "lengthMeters": 300.3}, "geometry": {"type": "LineString", "coordinates": [[79.98881632524117, 14.444072777653236], [79.98897647872715, 14.444042090843844], [79.98899825641236, 14.44413877212186], [79.9889984128354, 14.444139467097202], [79.9890252934684, 14.444258802053069], [79.98904880279014, 14.444363169688886], [79.98904982702058, 14.44436890661328], [79.98906446229883, 14.444450841251578], [79.98907072705586, 14.444478346483487], [79.98911797344765, 14.444685767341367], [79.98912429370557, 14.444713515997508], [79.98914369333428, 14.444799010392009], [79.98919186230415, 14.445011286284876], [79.98902846111521, 14.445069515371674], [79.98886213104696, 14.445128788598453], [79.98882140963096, 14.444953115823516], [79.98882103707824, 14.444951389312894], [79.98877492226985, 14.444737289686087], [79.98875940150704, 14.44466533547752], [79.9887340590991, 14.444547846826778], [79.98871113009093, 14.444441548817164], [79.98870946427658, 14.44443388262529], [79.98868787944355, 14.444334579530407], [79.9886633546838, 14.444221748390241], [79.98863838462317, 14.444106871298118], [79.98881632524117, 14.444072777653236]]}}, {"type": "Feature", "id": "w16-road-51", "properties": {"wardId": "ward-16", "segmentId": "w16-road-51", "lengthMeters": 631.7}, "geometry": {"type": "LineString", "coordinates": [[79.9888585002497, 14.445235110960182], [79.98923756591081, 14.445100028709161], [79.9892377306859, 14.44510113415529], [79.98924651114046, 14.445175936998677], [79.98925658558112, 14.445307056364776], [79.98925811815427, 14.44541057937209], [79.98925432703187, 14.44550848171721], [79.98925476040114, 14.445566582743304], [79.9892619250722, 14.445641742079584], [79.98926572916933, 14.445667090557636], [79.9892711921255, 14.445703499872549], [79.98928460194813, 14.445764506093205], [79.98928647907842, 14.44577304378076], [79.98930341180137, 14.44584319683857], [79.98931353373763, 14.445885132654261], [79.98932114404623, 14.445914823296741], [79.98935188976166, 14.446034778697937], [79.98935223879027, 14.446035963585844], [79.98935266864115, 14.4460371235072], [79.98935317934689, 14.446038251229801], [79.98935376721727, 14.446039342217588], [79.98935442948961, 14.44604039193855], [79.989355164329, 14.446041395864572], [79.98935596804922, 14.4460423485556], [79.98935683603641, 14.446043244567592], [79.98935776458796, 14.446044082076584], [79.98935875001773, 14.44604485564251], [79.98935978677594, 14.446045561625416], [79.98936087023644, 14.446046197293327], [79.98936199670489, 14.446046759014232], [79.98936315876394, 14.446047245852277], [79.98936435272327, 14.44604765327141], [79.98936557208917, 14.44604798124381], [79.9893668113078, 14.4460482270335], [79.98936806574487, 14.446048389716598], [79.98936932797895, 14.446048469261243], [79.98937059244805, 14.446048464739563], [79.9893718545138, 14.446048376131666], [79.98939788020611, 14.446045677076622], [79.98942241253852, 14.446043132534102], [79.98949054473242, 14.446036059468796], [79.98954585009672, 14.44602663421357], [79.98960275127902, 14.446016551316358], [79.98961149345122, 14.446015002205112], [79.98968043934084, 14.44599413508165], [79.989684230444, 14.445992987832797], [79.98982446600772, 14.44594416322028], [79.98982568299888, 14.445943784219136], [79.98982692373426, 14.445943488491658], [79.98982818264365, 14.445943276917992], [79.98982945322926, 14.445943150374344], [79.98983072992505, 14.445943108836834], [79.98983200623317, 14.445943153181668], [79.98983327659165, 14.445943282480945], [79.98983453450268, 14.445943497610893], [79.98983577441243, 14.44594379583552], [79.98983699075484, 14.445944177131016], [79.98983817704841, 14.445944638757451], [79.98983932773525, 14.44594517888291], [79.98984043818923, 14.445945794775465], [79.98984150192882, 14.445946483695167], [79.989842514332, 14.445947242006067], [79.98984347170024, 14.44594806698018], [79.98984436756436, 14.445948953165509], [79.98984519914944, 14.445949898742084], [79.98984596184974, 14.445950896457822], [79.98984665289449, 14.445951943588721], [79.98984726766977, 14.445953034690765], [79.98984780434473, 14.445954164331841], [79.98984825922906, 14.44595532797592], [79.98984863235539, 14.4459565183908], [79.98984891910573, 14.445957731036485], [79.98984912043224, 14.445958960492796], [79.9898775656938, 14.446182105107813], [79.98987758178401, 14.446182239879056], [79.98988824416467, 14.446277523713219], [79.98988829236737, 14.446278148612974], [79.98988829510157, 14.446278776029956], [79.98988825331539, 14.446279401448017], [79.98988816701694, 14.446280023059119], [79.98988803715027, 14.44628063725112], [79.98988786372759, 14.44628124131196], [79.9898876476929, 14.446281831629523], [79.98988738998206, 14.446282406399714], [79.98988709246264, 14.44628296291842], [79.98988675515507, 14.446283496665533], [79.98988638177005, 14.44628400765695], [79.98988597232798, 14.446284491372536], [79.98988552962007, 14.446284946016174], [79.98988505550574, 14.446285370691806], [79.98988455278435, 14.446285761795252], [79.98988402331942, 14.446286117526423], [79.98988346989807, 14.446286436993198], [79.98988289438383, 14.44628671839552], [79.98988230049147, 14.446286960845246], [79.98988169101628, 14.446287161642218], [79.98988106874128, 14.446287320798392], [79.98988043644955, 14.446287438325712], [79.98987979785991, 14.446287512431978], [79.98965103264982, 14.446299412514149], [79.98964932064636, 14.446299501906507], [79.98964588967037, 14.44630512841902], [79.98961648253201, 14.446354256356024], [79.98961580133299, 14.446355548927622], [79.98967230860528, 14.446352596318006], [79.98978436554296, 14.446346740291142], [79.98988629427846, 14.446341413959273], [79.98988691690185, 14.44634138317858], [79.98988754026522, 14.44634139398699], [79.98988816159365, 14.44634144456451], [79.98988877809603, 14.446341536707301], [79.98988938606972, 14.446341668591401], [79.98988998458712, 14.44634184021281], [79.98989056901793, 14.446342049743581], [79.98989113843044, 14.446342298083811], [79.98989168912615, 14.446342582505512], [79.98989221925379, 14.446342902096674], [79.98989272603033, 14.44634325684538], [79.98989320668906, 14.446343643123614], [79.98989366030635, 14.446344060023375], [79.98989408410736, 14.44634450572468], [79.9898944753213, 14.446344977503516], [79.9898948339522, 14.44634547445587], [79.98989515722931, 14.446345993857731], [79.9898954442331, 14.44634653389709], [79.9898956940563, 14.446347090049834], [79.98989590391585, 14.446347662304014], [79.98989607382812, 14.446348247043568], [79.98989620380938, 14.446348840652389], [79.98989629200838, 14.446349442218498], [79.98991519842974, 14.446518398334554], [79.98992098750342, 14.446570138880203], [79.98993495533863, 14.446678156753], [79.98993501288761, 14.446678766324078], [79.98993502774702, 14.446679379328353], [79.98993499993722, 14.446679991245686], [79.98993492947045, 14.446680599364], [79.98993481727848, 14.446681202783266], [79.98993466338578, 14.446681796079314], [79.98993446872413, 14.446682378352113], [79.98993423423343, 14.446682946893546], [79.98993395993001, 14.446683498087538], [79.98993364860509, 14.446684030137957], [79.98993330119856, 14.446684540336712], [79.98993291864628, 14.446685026879702], [79.9899325037476, 14.44668548616278], [79.98993205743429, 14.446685917285912], [79.98993158156986, 14.446686318448984], [79.9899310798773, 14.446686686955813], [79.98993055328835, 14.446687021906378], [79.98993000459826, 14.446687320600509], [79.98992943659013, 14.446687583050158], [79.98992885205513, 14.4466878074592], [79.98992825285679, 14.44668799202753], [79.98992764177406, 14.446688137671108], [79.98992702252993, 14.446688241693757], [79.9899263979033, 14.446688305011431], [79.98981743596482, 14.446695722987558], [79.98971374126143, 14.446702781085314], [79.9895318862267, 14.446715160583581], [79.9894835123144, 14.446718452694213], [79.98948222725286, 14.446718496905817], [79.98948094258324, 14.446718454331045], [79.98946152711893, 14.446717148806192], [79.98938881210208, 14.446712259800846], [79.98937772020419, 14.446711513406465], [79.98937609982879, 14.44671144407821], [79.98937447816645, 14.446711454300106], [79.98932318430708, 14.446713004422467], [79.98930092022972, 14.446713676463244], [79.98916914059353, 14.446721099330638], [79.98916851062118, 14.446721113805097], [79.98916788176436, 14.446721086698393], [79.98916725587843, 14.446721018018525], [79.98916663666999, 14.4467209086854], [79.98916602599854, 14.446720757802959], [79.98916542756659, 14.446720567195179], [79.98916484415314, 14.446720337778014], [79.9891642776094, 14.446720070463451], [79.98916373071441, 14.44671976616746], [79.98916320624706, 14.446719425805997], [79.98916270697818, 14.446719052103056], [79.98916223475901, 14.44671864597066], [79.98916179236036, 14.446718210132786], [79.98916138070585, 14.446717745497438], [79.98916100256623, 14.446717254788663], [79.98916065978872, 14.446716739822431], [79.98916035328465, 14.44671620421884], [79.9891600849053, 14.446715648889862], [79.98915985556202, 14.446715077455595], [79.98915966617024, 14.446714492632067], [79.98915951857714, 14.446713896235298], [79.98914607078758, 14.446650203939367], [79.98913228692986, 14.446584923607539], [79.9890986847245, 14.44642578198554], [79.98928124662494, 14.446392818995815], [79.9892619254406, 14.446302041727167], [79.98909441002947, 14.44633354323105], [79.98906709210105, 14.446225328838398], [79.98904867661486, 14.446152380438052], [79.98902810206435, 14.44607087957747], [79.98902272016502, 14.446047543958548], [79.9889978688236, 14.44593978764204], [79.98897699455458, 14.4458492749057], [79.98896372226665, 14.445791725415294], [79.9889527166224, 14.4457380151706], [79.98893204235412, 14.445637121271002], [79.98891913433347, 14.445580057003815], [79.9888585002497, 14.445235110960182]]}}, {"type": "Feature", "id": "w16-road-52", "properties": {"wardId": "ward-16", "segmentId": "w16-road-52", "lengthMeters": 335.4}, "geometry": {"type": "LineString", "coordinates": [[79.98895469310523, 14.446156397093349], [79.98901408175377, 14.446391651262656], [79.98884931547948, 14.44642346090587], [79.98869311278735, 14.446453616623945], [79.98868983368077, 14.446431789829424], [79.98867743229394, 14.446389693236911], [79.98866669845746, 14.44634564383767], [79.9886532012483, 14.446290253125882], [79.98860999050943, 14.446140313141056], [79.98856457763736, 14.445995879257874], [79.98851558469975, 14.445852504003343], [79.98847422816299, 14.445754789415249], [79.988386050342, 14.445579636119172], [79.98833841014564, 14.445469307563581], [79.98831915739832, 14.445423208280651], [79.98869291523043, 14.445294117848631], [79.9887705265973, 14.445266460842603], [79.98882922966492, 14.445599371240563], [79.98882989357456, 14.445603137615914], [79.98884176108204, 14.44565560036868], [79.98885108658256, 14.445701110979883], [79.98887347815094, 14.44581038548906], [79.98887370196849, 14.445811358294474], [79.98888889406676, 14.445877230499473], [79.98890899492498, 14.445964386831474], [79.98892819683037, 14.44604764830865], [79.98893830459555, 14.446091474426952], [79.988940830034, 14.446101480349931], [79.98895469310523, 14.446156397093349]]}}, {"type": "Feature", "id": "w16-road-53", "properties": {"wardId": "ward-16", "segmentId": "w16-road-53", "lengthMeters": 179.1}, "geometry": {"type": "LineString", "coordinates": [[79.99036940949006, 14.446726035232894], [79.99047987106226, 14.446717075705356], [79.99048050110407, 14.446717045858975], [79.99048113188599, 14.446717057601703], [79.99048176062493, 14.446717110921613], [79.9904823836102, 14.446717205802816], [79.99048299899049, 14.446717341333356], [79.99048360305511, 14.446717517497305], [79.99048419302508, 14.446717733378746], [79.99048476797681, 14.44671798806965], [79.99048532234828, 14.446718280642175], [79.99048585615174, 14.446718608384217], [79.99048636567645, 14.446718971279914], [79.9904868481516, 14.446719366605251], [79.99048730265363, 14.446719793452202], [79.99048772548402, 14.446720249092843], [79.99048811665092, 14.446720731719113], [79.99048847245587, 14.446721238603024], [79.99048879197522, 14.446721768836577], [79.99048907429766, 14.44672231879971], [79.99048931758004, 14.446722885772406], [79.99048951997513, 14.44672346793866], [79.99048968242695, 14.446724061686348], [79.99048980216062, 14.44672466519549], [79.99048988012012, 14.446725274853963], [79.99050332931193, 14.446871001706471], [79.9905169447749, 14.447018534642252], [79.99051701450131, 14.447019735509086], [79.99051700165589, 14.44702093783026], [79.99051690811848, 14.447022136189597], [79.99051673205001, 14.44702332696302], [79.99051647533851, 14.447024502926306], [79.990516138932, 14.447025659563291], [79.99051572377857, 14.447026792357816], [79.99051523268983, 14.447027894993653], [79.9905146684651, 14.447028963866602], [79.99051403112482, 14.447029994456544], [79.99051332626357, 14.44703098045916], [79.99051255482131, 14.447031919166344], [79.9905117214609, 14.447032805173812], [79.99051082897763, 14.447033635781418], [79.9905098820262, 14.447034407392922], [79.99050888434182, 14.44703511460009], [79.99050784149466, 14.447035756522727], [79.99050675628409, 14.447036329556662], [79.9905056352161, 14.447036831017636], [79.99050448201365, 14.447037258209486], [79.99050330224692, 14.447037610252005], [79.99040157518623, 14.447064375249795], [79.99029545579744, 14.44709229573212], [79.99017934153996, 14.44712284568144], [79.99007454100185, 14.447150419136152], [79.99007392623166, 14.447150559339981], [79.99007330422768, 14.447150657926855], [79.99007267591355, 14.447150715804785], [79.99007204500812, 14.447150731181631], [79.99007141521805, 14.447150704977318], [79.99007078747104, 14.447150637195815], [79.99007016732908, 14.447150528765006], [79.99006955479625, 14.44715037878089], [79.99006895543457, 14.447150188171307], [79.99006837016358, 14.447149958748305], [79.99006780176221, 14.447149691427827], [79.99006725394122, 14.447149386225789], [79.99006672854371, 14.44714904586221], [79.9900662283446, 14.447148672157079], [79.99006575519921, 14.447148265118331], [79.99006531094662, 14.447147828370024], [79.9900648983658, 14.447147362828103], [79.99006452022752, 14.447146871216594], [79.99006417651957, 14.447146356247538], [79.9900638690932, 14.447145818832942], [79.99006360071517, 14.447145262600815], [79.99006337137324, 14.447144690263222], [79.99006318198691, 14.447144103632217], [79.99005797131127, 14.447125761789515], [79.99004660020242, 14.447052033618354], [79.99003645035037, 14.446919840850704], [79.99002978689784, 14.446833052269392], [79.99002082726469, 14.446763764238797], [79.99002076969504, 14.446763159187848], [79.99002075481094, 14.446762551607723], [79.99002078166838, 14.446761945110527], [79.9900208493315, 14.446761341500366], [79.99002095964347, 14.446760743497265], [79.99002110980898, 14.44676015380133], [79.99002130167112, 14.44675957513264], [79.99002153150289, 14.446759011091352], [79.99002180115556, 14.446758462589456], [79.99002210690207, 14.446757933227133], [79.9900224487302, 14.44675742571648], [79.99002282478052, 14.446756940953556], [79.99002323318132, 14.446756482546483], [79.99002367300085, 14.446756051395347], [79.99002414051617, 14.446755650196328], [79.99002463572316, 14.446755279853404], [79.99002515396711, 14.446754943962832], [79.99002569525211, 14.446754641620563], [79.99002625585112, 14.446754376426801], [79.99002683391286, 14.446754147469582], [79.99002742571436, 14.44675395744506], [79.99002802940025, 14.446753806345274], [79.99002864218343, 14.446753695062341], [79.99002926127677, 14.446753624488334], [79.99014319743905, 14.446744383486521], [79.99024546815743, 14.44673608869675], [79.99036940949006, 14.446726035232894]]}}, {"type": "Feature", "id": "w16-road-54", "properties": {"wardId": "ward-16", "segmentId": "w16-road-54", "lengthMeters": 589.8}, "geometry": {"type": "LineString", "coordinates": [[79.99052473100934, 14.447079189456307], [79.9905260057993, 14.44707916056385], [79.99052728020183, 14.44707921755374], [79.99052854772316, 14.447079360398165], [79.99052980280942, 14.447079586361193], [79.99053103803104, 14.447079897219094], [79.99053224876589, 14.447080289335887], [79.99053342945199, 14.447080761783711], [79.99053457360776, 14.447081311822673], [79.99053567567529, 14.447081937620885], [79.99053673196018, 14.447082635546339], [79.99053773598087, 14.447083402859144], [79.99053868311933, 14.447084235019304], [79.99053957060475, 14.447085129302838], [79.99054039196788, 14.44708608025778], [79.99054114444192, 14.44708708425607], [79.99054182434062, 14.447088135857715], [79.99054242889729, 14.447089231434688], [79.9905429544297, 14.447090364642884], [79.99054339817928, 14.447091530046247], [79.99054375924284, 14.447092722216663], [79.99058487865813, 14.447247985007401], [79.990608168936, 14.447335929659125], [79.99061477848815, 14.447360885129603], [79.99062740774002, 14.447415284825354], [79.9906642526229, 14.447573996296633], [79.99070179828135, 14.44773572303374], [79.99071685005234, 14.447800556709426], [79.99074216491773, 14.447901816620547], [79.99076017602596, 14.447973861858086], [79.99077972437648, 14.448044255665273], [79.9908067318641, 14.448141509777038], [79.99081232323965, 14.448161645049106], [79.99083831054804, 14.448263364373437], [79.99084640263418, 14.448293253218628], [79.99085651316625, 14.44833060092057], [79.99085737745236, 14.448333349294495], [79.99086013768834, 14.448342124901846], [79.99087086491822, 14.448376232445018], [79.9908855340371, 14.448422873335065], [79.99089977039505, 14.448462826978565], [79.99093389827911, 14.44855860543916], [79.99094078663423, 14.448577500493066], [79.99098485582, 14.448698384285665], [79.99098584733265, 14.448701104274702], [79.99102214272253, 14.44880689342683], [79.99106370600882, 14.448928036785277], [79.9910776068409, 14.44896855310583], [79.99110729047675, 14.449048637326904], [79.99114843568735, 14.44915964637763], [79.99114882833086, 14.449160831450191], [79.99114913644854, 14.44916203966594], [79.99114935820947, 14.449163265592746], [79.9911494927104, 14.449164503802514], [79.99114953905217, 14.449165747963107], [79.99114949818693, 14.44916699265431], [79.99114936921553, 14.449168231544009], [79.99114915309418, 14.449169458308], [79.99114885077097, 14.449170668430114], [79.99114846413386, 14.449171854686112], [79.99114799413096, 14.449173012559834], [79.99114744356974, 14.449174136639057], [79.99114681526187, 14.449175220607506], [79.99114611108307, 14.449176259953026], [79.99114533569629, 14.449177249271296], [79.99114449190493, 14.449178184054125], [79.99114358529148, 14.449179060709257], [79.99114261773171, 14.449179874724509], [79.9911415948121, 14.449180621603574], [79.99114052211515, 14.449181297754192], [79.99113940429152, 14.44918190048417], [79.99113824691956, 14.449182427105224], [79.99104074062821, 14.449222836117386], [79.99093154264068, 14.449268125659849], [79.99083765540863, 14.449307064741644], [79.99074525061528, 14.44934538905717], [79.99074102132698, 14.449347003640494], [79.99073981715082, 14.44934741705374], [79.99073858550688, 14.44934774988955], [79.99073733383297, 14.449347998563622], [79.99073606677163, 14.44934816219182], [79.99073479174031, 14.449348241709961], [79.99073351431741, 14.449348234429802], [79.99073224006092, 14.44934814218323], [79.99073097546874, 14.449347964094054], [79.99072972702659, 14.449347701998127], [79.9907284993688, 14.449347356819336], [79.99072729898111, 14.449346930393588], [79.99072613142555, 14.449346423648715], [79.99072500317968, 14.44934584022866], [79.990723917942, 14.44934518286136], [79.99072288219416, 14.449344454286738], [79.99072190056233, 14.44934365723673], [79.99072097673286, 14.449342797151381], [79.99072011625961, 14.449341876766585], [79.990719322833, 14.449340900618408], [79.99071860107107, 14.44933987324682], [79.99071795280067, 14.449338800987931], [79.99071738172032, 14.44933768656973], [79.99071689058049, 14.44933653723632], [79.9906689810245, 14.449212502635133], [79.9906494929642, 14.449162049537195], [79.99062865751004, 14.449105097834988], [79.99058235787432, 14.448978538798764], [79.99055921678355, 14.448915282368405], [79.99053921389797, 14.448856602986211], [79.99050373666529, 14.448752526822506], [79.99049326049497, 14.448721796034985], [79.9904599780022, 14.44862558901181], [79.99043623502422, 14.44855695817463], [79.99042212369935, 14.448510488708143], [79.99038577542595, 14.448390792374383], [79.99038258971657, 14.448380299971548], [79.99037864088534, 14.448367461925601], [79.99036652376363, 14.448328067898846], [79.99033989133169, 14.448241485764738], [79.99032385600667, 14.448181853332084], [79.99030931518391, 14.448127779929528], [79.99027800918049, 14.448014230979012], [79.99027746608839, 14.448012260551996], [79.99025366922345, 14.447927430842443], [79.99023828665706, 14.447850820579054], [79.990227588532, 14.447797543828264], [79.99020024075209, 14.447692297378351], [79.99018255877334, 14.447624247577304], [79.99016041914174, 14.447526608357018], [79.99012457737965, 14.44736853395708], [79.99012297302383, 14.447362652615388], [79.99007999571776, 14.447205132544081], [79.99007985463612, 14.447204531655432], [79.99007975533281, 14.44720392371351], [79.99007969872737, 14.44720331053033], [79.99007968480757, 14.447202694817975], [79.99007971448881, 14.447202079292488], [79.99007978682715, 14.44720146756598], [79.99007990181029, 14.447200862350554], [79.99008005849835, 14.447200266354285], [79.99008025688315, 14.447199681385232], [79.99008049602068, 14.447199111055506], [79.99008077404336, 14.447198558069239], [79.99008109001124, 14.447198025134535], [79.99008144206081, 14.447197514051469], [79.99008182925216, 14.447197027528171], [79.99008224972174, 14.447196567364719], [79.99008270159787, 14.447196137169255], [79.99008318209754, 14.447195736929851], [79.99008369027668, 14.447195370258648], [79.99008422149286, 14.447195038039773], [79.99008477574196, 14.44719474117726], [79.99008534930107, 14.447194482367275], [79.99008593938706, 14.447194261597884], [79.9900865432047, 14.44719408156925], [79.9902948922727, 14.447139263734199], [79.99037817243115, 14.447117352203103], [79.99052095815314, 14.447079784426073], [79.99052220068842, 14.447079502263625], [79.99052346047446, 14.447079303346952], [79.99052473100934, 14.447079189456307]]}}, {"type": "Feature", "id": "w16-road-55", "properties": {"wardId": "ward-16", "segmentId": "w16-road-55", "lengthMeters": 328.8}, "geometry": {"type": "LineString", "coordinates": [[79.99060439647768, 14.449250599826739], [79.99064795393062, 14.449363365894193], [79.99064835596282, 14.449364525694481], [79.99064867717983, 14.449365708653648], [79.9906489157426, 14.449366911147644], [79.99064906982834, 14.449368125936333], [79.99064913852975, 14.4493693484956], [79.99064912280309, 14.449370572501268], [79.99064902267283, 14.449371792529167], [79.99064883723574, 14.44937300315119], [79.99064856929932, 14.449374198955107], [79.99064821796041, 14.449375374512783], [79.99064778603062, 14.44937652350801], [79.99064727538162, 14.449377642332584], [79.99064668789735, 14.449378724666303], [79.99064602638536, 14.449379765096946], [79.99064529457274, 14.449380760024315], [79.99064449526294, 14.4493817049402], [79.99064363219118, 14.449382594436349], [79.99064271001227, 14.449383424916531], [79.99064173152556, 14.449384192776582], [79.99064070231351, 14.449384894424234], [79.99063962610326, 14.449385526259293], [79.99063850940084, 14.449386085597512], [79.99063735592516, 14.449386570646737], [79.99051953338184, 14.449431540977807], [79.99050866231433, 14.449435690058458], [79.99042959170991, 14.449468186965653], [79.99027031188828, 14.449533646822061], [79.99024723800832, 14.44954328084935], [79.99024605965886, 14.449543726916142], [79.9902448519782, 14.449544094205548], [79.99024362146835, 14.44954438093738], [79.99024237463543, 14.44954458442737], [79.99024111611376, 14.449544705599449], [79.99023985148179, 14.44954474176537], [79.99023858815288, 14.449544694765017], [79.99023732984185, 14.449544563710239], [79.9902360848939, 14.449544349540872], [79.99023485701568, 14.449544053176844], [79.99023365269697, 14.44954367554998], [79.99023247841937, 14.44954321940021], [79.9902313378896, 14.449542685647478], [79.99023023758514, 14.44954207793569], [79.99022918213224, 14.4495413989968], [79.99022817708479, 14.449540651566755], [79.99022722614134, 14.449539838373529], [79.99022633484765, 14.449538963961082], [79.99022550596635, 14.449538032861478], [79.99022474411962, 14.449537048710702], [79.99022405392142, 14.449536016952793], [79.99022343628722, 14.449534940303753], [79.99022289582282, 14.449533826015708], [79.99022243436322, 14.4495326786167], [79.99018147432221, 14.449419582791956], [79.99014002502415, 14.44930513512976], [79.99011852154966, 14.449245759502428], [79.99009478691073, 14.44918022592031], [79.9900551473649, 14.449070774507263], [79.99000436305236, 14.448930551447848], [79.98996912634709, 14.448833255660604], [79.98992786966328, 14.44871934037114], [79.98989804275921, 14.448636982651735], [79.98986927051466, 14.448557537753887], [79.989868891733, 14.448556366299659], [79.98986859468991, 14.44855517259479], [79.98986838214397, 14.448553962075387], [79.98986825500243, 14.448552739265542], [79.9898682123009, 14.44855151229749], [79.9898682558825, 14.448550283891256], [79.98986838478282, 14.4485490621791], [79.98986859898145, 14.448547851681138], [79.98986889659851, 14.448546657813546], [79.98986927667774, 14.448545486900537], [79.98986973734338, 14.448544343454259], [79.98987027671556, 14.448543232890936], [79.98987089198263, 14.448542161526781], [79.989871581277, 14.448541132065928], [79.98987233992756, 14.448540151720659], [79.98987316513899, 14.448539223191148], [79.98987405317607, 14.448538351885626], [79.98987500031582, 14.448537540500245], [79.98987600189528, 14.44853679443927], [79.9898770523361, 14.448536116390914], [79.98987814884298, 14.448535509055334], [79.98987928397807, 14.448534976016774], [79.98988045402245, 14.448534519067408], [79.9898816534019, 14.448534139991406], [79.99009225861894, 14.44847530277722], [79.99030629222075, 14.44841550730992], [79.99030690332441, 14.448415358049566], [79.99030752351729, 14.448415250414111], [79.99030814909273, 14.448415183483613], [79.99030877912301, 14.448415157254091], [79.99030940896158, 14.448415173513743], [79.99031003582941, 14.448415231346582], [79.99031065787118, 14.44841533074469], [79.99031127138016, 14.448415470788118], [79.99031187357335, 14.44841565146495], [79.9903124616758, 14.448415870955209], [79.99031303290445, 14.448416129246958], [79.99031358541212, 14.448416424524225], [79.9903141154921, 14.448416755867061], [79.9903146222249, 14.448417121463457], [79.99031510190788, 14.448417519489446], [79.9903155526898, 14.448417949033066], [79.99031597180388, 14.448418406466278], [79.9903163592542, 14.44841889088508], [79.9903167113382, 14.4484194004655], [79.99031702714444, 14.448419931587463], [79.99031730575346, 14.448420482438975], [79.99031754532213, 14.448421050299974], [79.99031774400726, 14.448421632450463], [79.99035756956565, 14.448552780729726], [79.99036546392357, 14.448578778646969], [79.99040014383303, 14.448679022792597], [79.99042288129745, 14.448744748253223], [79.99043700973078, 14.44878619493499], [79.99047603576936, 14.448900679180525], [79.99048903987699, 14.448938827617022], [79.99052430133143, 14.449035215788113], [79.99056068908214, 14.44913468161961], [79.99057980441714, 14.449186933074653], [79.99060439647768, 14.449250599826739]]}}, {"type": "Feature", "id": "w16-road-56", "properties": {"wardId": "ward-16", "segmentId": "w16-road-56", "lengthMeters": 564.3}, "geometry": {"type": "LineString", "coordinates": [[79.99306320011152, 14.4481179562457], [79.99306799312821, 14.44813578185156], [79.99304067385846, 14.448177677779308], [79.99295524350649, 14.448288129329352], [79.9929224926368, 14.44832854742105], [79.9928863824293, 14.448373110649257], [79.99284614137258, 14.44842277309559], [79.99282267643365, 14.44845173143949], [79.99282071018939, 14.44845327075577], [79.99275413901945, 14.448505389017415], [79.99271979588154, 14.44840573151006], [79.99271639551415, 14.448393233047799], [79.99269367896466, 14.448309732569852], [79.99266026215223, 14.448186901168953], [79.99263179642092, 14.448079136914375], [79.99260113971728, 14.447963076834371], [79.99257707245513, 14.44787196395736], [79.99255002337796, 14.44776956130078], [79.99251564214431, 14.44765264995202], [79.99249359881296, 14.447577691924653], [79.99248575678382, 14.447553414680778], [79.99245141696971, 14.447447097074175], [79.99243041344761, 14.447382068973123], [79.99240890763164, 14.447315485577384], [79.9923990042547, 14.447284824207664], [79.99237741245022, 14.447217974653418], [79.9923734507247, 14.447205711550007], [79.99237051101048, 14.447196608829927], [79.99233595173077, 14.447081777805428], [79.99230280190137, 14.446971631225283], [79.99228870034202, 14.44692477676672], [79.99228861451999, 14.446924469929227], [79.99227339923017, 14.446869897414794], [79.99224505569342, 14.446768235030023], [79.9922405539226, 14.44675208855997], [79.99221462425885, 14.446659083663937], [79.99216366787242, 14.446476317815916], [79.99215907107168, 14.44645943956765], [79.99215878978875, 14.446458245932314], [79.99215859207436, 14.446457035477573], [79.99215847882768, 14.446455814535561], [79.99215845094791, 14.44645458943846], [79.99215850841063, 14.446453365610383], [79.99215865026775, 14.446452147567516], [79.99215887741444, 14.446450942546022], [79.99215918704726, 14.446449755054116], [79.99215957821411, 14.446448590511975], [79.99216004996289, 14.446447454339799], [79.99216060041381, 14.446446351953814], [79.99216122490402, 14.4464452887583], [79.99216192248552, 14.446444269269438], [79.9921626894272, 14.446443297991488], [79.99216352199801, 14.4464423794287], [79.99216441646686, 14.446441518085319], [79.99216536817906, 14.44644071755762], [79.99216637433531, 14.446439981449783], [79.99216742842145, 14.446439314254178], [79.99216852671869, 14.446438717762982], [79.99216966457634, 14.446438194668442], [79.99217083548442, 14.446437748558884], [79.99217203480042, 14.446437380318468], [79.99217325787374, 14.446437092639457], [79.9921744972789, 14.446436886394142], [79.99217574837745, 14.44643676156267], [79.9923779083849, 14.446423402765177], [79.99256418333196, 14.446411092375499], [79.99262821277829, 14.446640313136468], [79.99263068241578, 14.446649151672], [79.99266173731121, 14.44674700331858], [79.99269621882017, 14.446855645799948], [79.99270075950838, 14.446869955414623], [79.99272564479897, 14.446944000739363], [79.99275659670478, 14.447036101319489], [79.99276373897293, 14.447057351541762], [79.99276931623879, 14.447075504151975], [79.99267272245531, 14.447119760002563], [79.99263132813806, 14.447140438406954], [79.99263551837203, 14.44714831154799], [79.99277451498693, 14.447092423837848], [79.99280420162194, 14.447189041930919], [79.9928344999609, 14.447287648817658], [79.99283580550401, 14.447292330107244], [79.99286827860341, 14.447408824636575], [79.99289579799368, 14.447507549821712], [79.99292587371201, 14.447615442979467], [79.99295161561919, 14.447707788868893], [79.99295497722866, 14.447720036743126], [79.99298339346784, 14.44782357164469], [79.9930151722692, 14.447939355325227], [79.99303957990637, 14.448030117950166], [79.99304494776126, 14.448050079554], [79.99306320011152, 14.4481179562457]]}}, {"type": "Feature", "id": "w16-road-57", "properties": {"wardId": "ward-16", "segmentId": "w16-road-57", "lengthMeters": 361.0}, "geometry": {"type": "LineString", "coordinates": [[79.99156240758607, 14.446429569513327], [79.9915611604711, 14.44642963378772], [79.99155991187148, 14.446429615787881], [79.9915586673492, 14.446429516441643], [79.99155743247445, 14.446429334868837], [79.99155621280106, 14.446429073805309], [79.99155501389919, 14.446428732370878], [79.99155384224632, 14.446428314209436], [79.99155270062546, 14.446427819332897], [79.99155159644177, 14.446427251389103], [79.99155053432956, 14.446426611301948], [79.9915495179792, 14.446425903607436], [79.99154855294455, 14.446425131041442], [79.99154764384767, 14.446424297239956], [79.99154679438303, 14.446423405834915], [79.99154600824909, 14.4464224595543], [79.99154528912807, 14.446421464742173], [79.99154464071441, 14.446420425030492], [79.99154406484304, 14.446419344947355], [79.99154356520032, 14.446418229932748], [79.99154314362116, 14.446417084514778], [79.99154280193652, 14.446415914125522], [79.99153992681607, 14.446404632931008], [79.99151446750938, 14.446328371952399], [79.99150445060455, 14.446294529645069], [79.99147745832077, 14.446203339976272], [79.9914576800089, 14.446107168263033], [79.99143926704264, 14.446017636256164], [79.99142254295397, 14.445957232495395], [79.99140790745237, 14.445904370155295], [79.99139383774147, 14.44585297297689], [79.99137043234306, 14.445767473325212], [79.99134399336165, 14.445666956293154], [79.99134239784742, 14.445660548842794], [79.99131545815474, 14.44555236700027], [79.99131242566817, 14.445540191031897], [79.99128788882919, 14.445441660181514], [79.99126445730478, 14.44534756567692], [79.99126419570037, 14.445346329634999], [79.9912640241497, 14.445345078609828], [79.99126394169251, 14.445343819829615], [79.99126394923607, 14.445342557818474], [79.99126404767549, 14.445341299812574], [79.99126423605455, 14.44534005213611], [79.99126451342521, 14.445338819305245], [79.99126487789951, 14.445337608544222], [79.99126532759766, 14.445336425269286], [79.99126586156346, 14.445335275804611], [79.99126647606178, 14.445334165558446], [79.99126716921279, 14.445333099947065], [79.99126793635776, 14.445332083470678], [79.99126877468514, 14.445331122445557], [79.99126967954432, 14.445330219563957], [79.99127064719607, 14.445329381138139], [79.99127167205809, 14.445328610760393], [79.99127274947973, 14.445327911122934], [79.99127387480229, 14.445327286726021], [79.99127504151977, 14.445326740253972], [79.99127624498162, 14.445326274398958], [79.99127747868187, 14.445325891845298], [79.9912787370504, 14.445325593473166], [79.99128001358126, 14.445325381966866], [79.99128130178073, 14.445325257298586], [79.991478235849, 14.44531296531326], [79.99149140908136, 14.445312142957496], [79.99153551813552, 14.445309868196619], [79.99169360960957, 14.44530171305465], [79.99177057219148, 14.44529774270097], [79.99177180891246, 14.445297719062527], [79.99177304434329, 14.445297775878375], [79.99177427291795, 14.44529791312467], [79.99177549000619, 14.445298128973528], [79.9917766891143, 14.44529842339718], [79.99177786468032, 14.445298795467775], [79.99177901300165, 14.445299243361411], [79.9917801285245, 14.44529976434217], [79.99178120569093, 14.445300356578205], [79.99178223987482, 14.445301017337606], [79.99178322645, 14.445301743888436], [79.99178416079032, 14.445302533498777], [79.99178504013717, 14.445303380732582], [79.99178585893267, 14.44530428375799], [79.99178661441414, 14.445305238042966], [79.9917873019595, 14.445306239951544], [79.99178792066957, 14.445307283151614], [79.9917884668459, 14.445308364915215], [79.99178893680627, 14.44530947889828], [79.99178933056697, 14.445310621484726], [79.99178964444177, 14.445311787234528], [79.99181302114543, 14.445411922279131], [79.99183825542869, 14.445520018132138], [79.9918641495845, 14.445630939227147], [79.9918851836467, 14.445721042931092], [79.99188795910803, 14.445730766934675], [79.99191975407192, 14.44584216709671], [79.99194966040555, 14.445946947912278], [79.99197353725742, 14.446030606193288], [79.99200705932468, 14.446148055451054], [79.99200948412357, 14.446156956178788], [79.99203931821825, 14.446266463915615], [79.992067255916, 14.446369015066015], [79.99206753630327, 14.446370201465253], [79.992067733122, 14.44637140468387], [79.99206784733248, 14.446372617493633], [79.99206787617202, 14.446373835362499], [79.99206782152449, 14.446375051970213], [79.99206768341023, 14.446376262796667], [79.99206746185776, 14.446377461513688], [79.99206715689148, 14.446378642697136], [79.99206677224248, 14.446379801842722], [79.99206630793928, 14.446380932622281], [79.99206576678526, 14.446382030527596], [79.9920651506602, 14.446383090142444], [79.99206446236751, 14.44638410695861], [79.99206370563824, 14.446385076471833], [79.9920628842035, 14.446385994177854], [79.99206200086262, 14.446386856472495], [79.9920610602784, 14.44638765795142], [79.9920600652461, 14.446388395914461], [79.99205902319939, 14.446389067681283], [79.99205793601394, 14.446389668739698], [79.99205681019171, 14.446390197309443], [79.99205564945154, 14.446390651598316], [79.99205446123115, 14.44639102802199], [79.99205324924533, 14.446391325692268], [79.99205201906831, 14.446391542824955], [79.99205077719384, 14.446391679447787], [79.99181759793925, 14.446409536668112], [79.99167208756138, 14.44642068020142], [79.99162588805977, 14.446424218017134], [79.99156240758607, 14.446429569513327]]}}, {"type": "Feature", "id": "w16-road-58", "properties": {"wardId": "ward-16", "segmentId": "w16-road-58", "lengthMeters": 333.4}, "geometry": {"type": "LineString", "coordinates": [[79.99186995677513, 14.445298582822018], [79.99187080618316, 14.445297632690515], [79.99187172118327, 14.445296743410461], [79.9918726971208, 14.4452959185781], [79.99187372934513, 14.445295160885687], [79.99187481412116, 14.445294475741502], [79.99187594401526, 14.445293865825846], [79.99187711530453, 14.445293333834943], [79.9918783224107, 14.445292882457045], [79.99187955790015, 14.445292514372484], [79.99188081712634, 14.445292231369487], [79.99188209359559, 14.44529203342024], [79.99188338080192, 14.445291923209087], [79.99198945557536, 14.445286451846357], [79.99206204051195, 14.445281214189366], [79.99225280273284, 14.445267450494285], [79.99225312469709, 14.445267438310417], [79.99225344563598, 14.445267447819177], [79.99225376647716, 14.445267479024556], [79.99225408350998, 14.445267531910668], [79.99225439673437, 14.445267606477518], [79.9922547033755, 14.445267700905179], [79.99225500249752, 14.445267816997688], [79.99225529225733, 14.445267952035087], [79.99225557265082, 14.445268106921354], [79.99225584090313, 14.445268279836586], [79.9922560960825, 14.445268471680794], [79.99225633727754, 14.445268678833937], [79.99225656262477, 14.44526890309612], [79.9922567721405, 14.445269140851252], [79.99225696396523, 14.445269392995437], [79.99225713717951, 14.445269657716613], [79.9922572917955, 14.44526993230275], [79.9922574259538, 14.445270217649922], [79.9922575396666, 14.445270511046036], [79.99225763201032, 14.445270811583118], [79.99228736635206, 14.445381259978728], [79.99230945087771, 14.445463293236887], [79.99231807222777, 14.445494133552215], [79.99234571113156, 14.44559300575415], [79.99237275115173, 14.445689731907335], [79.99240476517814, 14.445804248286745], [79.99241737904941, 14.445849373273498], [79.99243442252072, 14.445913694658953], [79.99248889157909, 14.446119270016007], [79.99251771337245, 14.446228046528068], [79.99253049234724, 14.446276277602946], [79.99255062457182, 14.44635225806639], [79.99255069280476, 14.446352556692222], [79.99255073968887, 14.446352857938914], [79.99255076615181, 14.446353161810435], [79.99255077127, 14.44635346739877], [79.99255075505562, 14.44635377199189], [79.99255071751274, 14.446354074685736], [79.99255065957314, 14.44635437458024], [79.99255058124086, 14.446354670771399], [79.99255048253218, 14.446354959643106], [79.99255036344306, 14.446355242099388], [79.99255022583695, 14.446355516340098], [79.99255006879436, 14.446355780553267], [79.9925498941747, 14.446356033842775], [79.9925497029097, 14.446356275308544], [79.99254949500751, 14.446356503142562], [79.99254927139583, 14.446356717348776], [79.99254903393813, 14.446356916127064], [79.99254878263851, 14.44635709857341], [79.99254851935228, 14.44635726469574], [79.99254824594298, 14.446357412693928], [79.99254796241063, 14.44635754256798], [79.9925476706146, 14.446357653421803], [79.99254737148668, 14.446357744355337], [79.99254706780583, 14.446357816284527], [79.9925467586525, 14.446357867397312], [79.99254644680566, 14.44635789860965], [79.99233225846582, 14.44637205230606], [79.99216343595285, 14.446383208561052], [79.99216215739875, 14.44638325010313], [79.99216087923145, 14.446383205762794], [79.992159607017, 14.446383075563844], [79.9921583472451, 14.4463828604381], [79.9921571054818, 14.446382560409342], [79.99215588820869, 14.446382178217437], [79.99215470098365, 14.446381715694242], [79.99215354844105, 14.446381173763614], [79.99215243798197, 14.44638055697741], [79.99215137331304, 14.446379866255548], [79.99215035998404, 14.446379105237922], [79.99214940261304, 14.446378278464499], [79.99214850582214, 14.446377389571202], [79.99214767423346, 14.446376442194012], [79.99214691153733, 14.446375440868888], [79.99214622234368, 14.446374391943877], [79.99214560756798, 14.446373298135], [79.99214507274776, 14.446372165794237], [79.99214461878226, 14.446371001253736], [79.99214424843818, 14.44636980814152], [79.99211364417354, 14.446257443058112], [79.99208586717499, 14.44615546124203], [79.99207863752555, 14.446128914747321], [79.99205252931638, 14.446037473971426], [79.99202341915952, 14.445935516280747], [79.99199343134428, 14.445830487416208], [79.99196474864493, 14.445730028642936], [79.99195731174802, 14.445703982098431], [79.99194041057882, 14.445631580961523], [79.99191253957511, 14.445512192288646], [79.99189733581396, 14.445447065105503], [79.99188690387608, 14.445402379755196], [79.99186627030267, 14.445313989116915], [79.9918660272525, 14.445312752250791], [79.9918658733202, 14.445311502205255], [79.99186580940902, 14.445310244408427], [79.99186583549046, 14.445308985188486], [79.99186595153603, 14.445307730873617], [79.99186615658951, 14.445306487787999], [79.99186645062649, 14.445305261355808], [79.99186683083542, 14.445304057893317], [79.99186729626422, 14.445302882820691], [79.99186784410134, 14.445301742454225], [79.99186847246699, 14.445300642210112], [79.99186917762606, 14.445299587496633], [79.99186995677513, 14.445298582822018]]}}, {"type": "Feature", "id": "w16-road-59", "properties": {"wardId": "ward-16", "segmentId": "w16-road-59", "lengthMeters": 332.6}, "geometry": {"type": "LineString", "coordinates": [[79.99234375047766, 14.445267967755909], [79.99234400085254, 14.44526778440172], [79.99234426413757, 14.44526761827953], [79.99234453754966, 14.445267469377464], [79.99234482108477, 14.445267338599521], [79.9923451128835, 14.445267226841834], [79.99234541201406, 14.445267135004434], [79.99234571662521, 14.44526706217535], [79.99234602485345, 14.44526701015473], [79.99234633669874, 14.445266978942547], [79.99238201093924, 14.445264547719185], [79.99258961627716, 14.445253475679179], [79.99265707480826, 14.445249878458341], [79.99279553304646, 14.445239965266826], [79.99279584202324, 14.445239953026677], [79.9927961518382, 14.445239960679078], [79.99279645970424, 14.445239989116136], [79.99279676562543, 14.44524003743381], [79.9927970677464, 14.44524010562421], [79.99279736421587, 14.445240192775353], [79.99279765317853, 14.4452402988793], [79.99279793555795, 14.44524042484407], [79.99279820765565, 14.4452405679417], [79.99279847039928, 14.44524072817618], [79.99279872100587, 14.44524090553561], [79.99279895855584, 14.445241098207957], [79.99279918304511, 14.445241307097259], [79.99279939263056, 14.445241529483525], [79.99279958638859, 14.445241764458721], [79.99279976339149, 14.445242012018928], [79.99279992271977, 14.44524227035211], [79.99280006437746, 14.445242538554242], [79.99280018836865, 14.445242815721304], [79.99280029191843, 14.445243100033352], [79.99280037595857, 14.445243390590303], [79.99282589945645, 14.445344220001493], [79.99285308370075, 14.445451611723362], [79.99286613896618, 14.445503186212363], [79.9928850231491, 14.445562135480145], [79.99290252592179, 14.44561677379075], [79.99291825416697, 14.445666844524382], [79.99293461622696, 14.445718933981498], [79.992951820623, 14.445773707524632], [79.99296027878528, 14.445800633522465], [79.99297526334563, 14.445863831394966], [79.99297735149086, 14.44587642911621], [79.99298587563408, 14.445927864903721], [79.99299166906313, 14.44598827882516], [79.99299206869716, 14.445992447266812], [79.99299381507883, 14.446057288169277], [79.99299355285126, 14.446065878168792], [79.9929919225491, 14.446098734067109], [79.99299090642691, 14.446119209913716], [79.99298640755306, 14.446169412986071], [79.99298400843274, 14.446205306798978], [79.99297629207926, 14.44632070564129], [79.99284969741794, 14.446332490344517], [79.99279516029183, 14.446337566696217], [79.99272457469458, 14.44634413752777], [79.99263465706171, 14.446352507011081], [79.99259938778431, 14.446219395043864], [79.99257344211507, 14.44612147302058], [79.9925415671892, 14.446001171379635], [79.99251622907278, 14.445905545505367], [79.99249596280862, 14.445829056394215], [79.99246078157658, 14.445703207867096], [79.99242881228395, 14.445588848084164], [79.99239924144817, 14.445483067070647], [79.9923879925007, 14.445442827942166], [79.99238486375751, 14.44543120755883], [79.99236997466465, 14.445375900552474], [79.99234217372342, 14.445272634915593], [79.99234210455924, 14.445272337189772], [79.99234205675195, 14.445272035035037], [79.99234202843397, 14.445271731155573], [79.99234202238831, 14.445271425563243], [79.99234203767921, 14.445271120062136], [79.99234207337079, 14.445270816456345], [79.99234213038262, 14.445270516557898], [79.99234220871469, 14.445270220366767], [79.99234230649944, 14.445269930587127], [79.99234242373689, 14.44526964721895], [79.99234256134652, 14.445269372074282], [79.99234271746084, 14.44526910785723], [79.9923428911562, 14.445268853659822], [79.99234308242447, 14.445268611290125], [79.99234329032984, 14.445268382552182], [79.99234351301695, 14.445268167438108], [79.99234375047766, 14.445267967755909]]}}, {"type": "Feature", "id": "w16-road-60", "properties": {"wardId": "ward-16", "segmentId": "w16-road-60", "lengthMeters": 604.1}, "geometry": {"type": "LineString", "coordinates": [[79.99103983606003, 14.445278609265397], [79.99080002193904, 14.445297546399607], [79.99068240894351, 14.44530683349429], [79.99052621523694, 14.445319167335795], [79.99040413565382, 14.445328806718972], [79.99040286538177, 14.445328864560098], [79.9904015936377, 14.445328837414904], [79.99040032691536, 14.445328725311267], [79.99039907170845, 14.445328528276947], [79.99039783264314, 14.445328249043937], [79.99039661621721, 14.445327886735992], [79.9903954279804, 14.445327444993088], [79.99039427349469, 14.44532692474308], [79.99039315831794, 14.445326327817861], [79.99039208799586, 14.445325658761414], [79.99039106715864, 14.445324919401662], [79.99039010042831, 14.445324113374555], [79.99038919335058, 14.44532324522409], [79.99038834869214, 14.44532231857827], [79.99038757107505, 14.445321337073072], [79.99038686510913, 14.445320307056532], [79.99038623263749, 14.445319231248698], [79.99038567734227, 14.44531811599363], [79.9903852019821, 14.445316966727399], [79.99038480839181, 14.44531578797807], [79.99038449839831, 14.44531458608178], [79.99038427383243, 14.445313366470621], [79.99036267230953, 14.44516740669226], [79.99036030282817, 14.445151401319508], [79.9903530222261, 14.44509322212333], [79.99034265869483, 14.445010413549323], [79.99034254912821, 14.445009201663147], [79.99034252400436, 14.445007984714472], [79.99034258236294, 14.445006769931553], [79.99034272511534, 14.445005560934439], [79.99034295037761, 14.445004364043351], [79.99034325719357, 14.445003185582507], [79.99034364554693, 14.445002029168002], [79.99034411262605, 14.445000901116076], [79.99034465655522, 14.444999805938915], [79.99034527452699, 14.444998749048747], [79.9903459637379, 14.444997734953771], [79.99034672231222, 14.444996768166153], [79.99034754466354, 14.444995853182172], [79.99034842984378, 14.444994994517996], [79.9903493713429, 14.44499419576188], [79.99035036543393, 14.44499346051406], [79.99035140838986, 14.444992792374691], [79.99035249556411, 14.44499219313198], [79.99035362137032, 14.444991667282192], [79.99035478023426, 14.444991216609553], [79.99035596844118, 14.444990842002172], [79.99035717948104, 14.444990547048333], [79.99035840778781, 14.444990331724197], [79.99035964871904, 14.444990196913889], [79.99048625748435, 14.444980679100267], [79.99066043953384, 14.444967584264786], [79.99077061423307, 14.444959301349495], [79.99076368615549, 14.444905418774441], [79.99060962610162, 14.444917000622247], [79.99054475294432, 14.444921877610422], [79.99035126098507, 14.444936424700973], [79.99034997589285, 14.44493647795823], [79.9903486893409, 14.444936443517129], [79.99034740781477, 14.444936323213517], [79.99034613873987, 14.444936116175182], [79.99034488675052, 14.444935823326004], [79.99034365925588, 14.44493544740985], [79.99034246089023, 14.444934989350644], [79.99034129813914, 14.444934450984233], [79.99034017655231, 14.44493383595056], [79.99033910168761, 14.444933146081544], [79.99033807816714, 14.444932385013141], [79.99033711153652, 14.444931557289326], [79.99033620641778, 14.44493066654605], [79.99033536557768, 14.444929716411378], [79.99033459548949, 14.44492871143323], [79.9903338979841, 14.4449276570437], [79.99033327767948, 14.444926557782784], [79.99033273733014, 14.444925419990593], [79.99033227877098, 14.444924248195205], [79.99033190476055, 14.444923047832683], [79.99033161712569, 14.44492182523915], [79.99033141676956, 14.44492058584273], [79.99031416932712, 14.444782768437992], [79.99030788265492, 14.444732530086384], [79.99029667616281, 14.444593108572183], [79.99029662133728, 14.44459189511241], [79.9902966490827, 14.444590680198296], [79.99029676122582, 14.444589470165987], [79.99029695588685, 14.444588270431673], [79.9902972330454, 14.444587085515463], [79.99029759174115, 14.444585922645615], [79.99029802917887, 14.444584784522254], [79.99029854439824, 14.4445836783736], [79.9902991336682, 14.444582608703902], [79.99029979604475, 14.444581579125272], [79.99030052871635, 14.444580595953953], [79.99030132610062, 14.444579662782225], [79.99030218725363, 14.444578783222191], [79.99030310565715, 14.444577962670175], [79.99030407944363, 14.444577203830315], [79.99030510303074, 14.444576510294851], [79.99030617269145, 14.444575885664007], [79.99030728284752, 14.444575332625977], [79.99030842792476, 14.444574852965019], [79.99030960420025, 14.44457444937724], [79.99031080516806, 14.444574124546952], [79.99031202526217, 14.444573878450283], [79.99042251969432, 14.444555340695032], [79.990489323987, 14.444544133764408], [79.9905590183578, 14.444532441969681], [79.99073135199077, 14.444503530151598], [79.99072913975719, 14.44445676269551], [79.99072833762284, 14.444439822928112], [79.99064540999747, 14.44445373448011], [79.99046772050649, 14.44448354451457], [79.99030136756735, 14.444511452961098], [79.99030013484918, 14.444511618543872], [79.99029889322132, 14.44451170272466], [79.99029764917343, 14.444511706435302], [79.99029640734791, 14.444511628791641], [79.99029517331083, 14.444511469817517], [79.99029395355178, 14.444511230444798], [79.99029275270098, 14.44451091250138], [79.99029157632445, 14.444510516011135], [79.99029043089958, 14.444510044617944], [79.99028931920937, 14.444509498333788], [79.99028824772715, 14.444508881706565], [79.99028722201486, 14.444508195664165], [79.99028624483512, 14.444507444738642], [79.9902853217458, 14.444506630761877], [79.99028445643312, 14.444505759173948], [79.99028365352318, 14.444504832706764], [79.99028291577862, 14.444503855892382], [79.99028224781742, 14.444502833270832], [79.99028165054685, 14.444501769366163], [79.99028112858483, 14.44450066871842], [79.99028068283869, 14.444499535851682], [79.99028031606288, 14.444498377106038], [79.99028003009235, 14.444497197009566], [79.99025603883736, 14.444380874148717], [79.99023284382751, 14.444271483278227], [79.99021710054689, 14.444198166695259], [79.99021688608096, 14.444196970632321], [79.99021675515836, 14.444195763174791], [79.9902167068269, 14.444194549742804], [79.99021674291343, 14.444193336672518], [79.99021686246984, 14.444192128480065], [79.99021706454401, 14.444190930585622], [79.99021734911145, 14.444189748413345], [79.99021771336469, 14.444188587375443], [79.99021815820286, 14.444187453804101], [79.99021867897127, 14.444186351295494], [79.9902192747178, 14.444185285269828], [79.99021994263903, 14.444184260235321], [79.99022067992749, 14.444183281604165], [79.99022148285619, 14.44418235297657], [79.99022234768996, 14.444181479760779], [79.99022327070591, 14.444180664652995], [79.99022424817703, 14.44417991125338], [79.99022527544459, 14.444179224062218], [79.9902263469303, 14.444178605767737], [79.99022745891538, 14.444178058162056], [79.99022860581748, 14.444177584837457], [79.99022978391365, 14.444177188490091], [79.99023098578259, 14.444176869088183], [79.99048203911572, 14.444118937721235], [79.99053800723648, 14.444110137020347], [79.99060289211494, 14.444099934355236], [79.99063420873807, 14.444095258970592], [79.99069211129951, 14.44408661477992], [79.99081208709727, 14.444070193109576], [79.99084602216769, 14.444066431142716], [79.99084727219915, 14.444066334338252], [79.99084852557036, 14.444066319815974], [79.99084977764299, 14.444066387556006], [79.99085102099163, 14.444066538430576], [79.99085225191779, 14.444066769711746], [79.99085346392373, 14.444067082275735], [79.99085465145566, 14.444067473386626], [79.99085580987932, 14.444067942120538], [79.99085693178556, 14.444068485733617], [79.99085801440361, 14.444069101501881], [79.99085905124794, 14.444069787589468], [79.99086003862416, 14.444070540364384], [79.99086097191025, 14.444071356190683], [79.99086184648009, 14.444072232336428], [79.99086265771975, 14.444073163357604], [79.99086340286257, 14.444074145626182], [79.99086407821822, 14.444075174606182], [79.99086468102409, 14.44407624576554], [79.99086520758986, 14.444077354568236], [79.99086565701234, 14.444078495586165], [79.99086602560936, 14.444079662475271], [79.99086631246956, 14.444080851615459], [79.99089947937307, 14.444242534278787], [79.9909171475937, 14.444328662122158], [79.99094640631517, 14.4444454622226], [79.99097146856673, 14.444545512333775], [79.99097178642012, 14.444546617530603], [79.99099450022864, 14.444625578928905], [79.99102989443175, 14.444748626005767], [79.99105046024225, 14.444841470625818], [79.99107369091256, 14.444946342282432], [79.99107489012287, 14.44495175811101], [79.99110028988757, 14.445052278854245], [79.99110452349964, 14.445069030805868], [79.99112783328334, 14.445142984541523], [79.99116062485561, 14.445247022911042], [79.99116095712563, 14.44524822309384], [79.99116120488762, 14.445249442803814], [79.99116136538709, 14.445250675700876], [79.9911614377167, 14.445251917260922], [79.99116142376444, 14.445253160259721], [79.99116132077174, 14.445254399261175], [79.99116113154604, 14.445255628853054], [79.99116085611588, 14.445256842707199], [79.99116049543746, 14.445258034499382], [79.9911600523101, 14.44525920062544], [79.99115952677046, 14.44526033294912], [79.99115892346916, 14.445261428778233], [79.99115824429416, 14.445262480888498], [79.99115749204883, 14.445263484771688], [79.99115667138783, 14.445264436831586], [79.99115578512276, 14.445265330751937], [79.99115483883185, 14.445266163844472], [79.99115383532259, 14.445266930696926], [79.9911527792415, 14.445267629521156], [79.99115167803036, 14.44526825582879], [79.99115053448848, 14.445268806015626], [79.991149354186, 14.445269279201469], [79.99114814455653, 14.445269672706017], [79.9911469093271, 14.445269982929073], [79.9911456549873, 14.445270210802429], [79.99114438804315, 14.445270353641824], [79.99103983606003, 14.445278609265397]]}}, {"type": "Feature", "id": "w16-road-61", "properties": {"wardId": "ward-16", "segmentId": "w16-road-61", "lengthMeters": 241.3}, "geometry": {"type": "LineString", "coordinates": [[79.99012949516721, 14.444150283907623], [79.98985560341185, 14.444245325579532], [79.98985439294424, 14.444245700089184], [79.98985315779265, 14.44424599403327], [79.98985190631838, 14.444246204735505], [79.98985064224023, 14.444246330403734], [79.98984937204375, 14.44424637287384], [79.98984810316256, 14.444246329465555], [79.98984683929916, 14.444246202002846], [79.98984558694318, 14.444245991417548], [79.98984435259236, 14.444245696833478], [79.98984314273225, 14.444245320086523], [79.98984196105722, 14.444244864808692], [79.98984081498861, 14.444244331031786], [79.98983970822081, 14.444243722387812], [79.98983864723932, 14.444243040712633], [79.9898376366621, 14.444242290546297], [79.98983668111528, 14.444241474620721], [79.98983578522086, 14.444240596571914], [79.98983495266913, 14.444239660935876], [79.98983418807805, 14.444238672252645], [79.98983349513787, 14.444237635058208], [79.98983287568356, 14.444236553880678], [79.98983233433307, 14.444235433260058], [79.98983187291314, 14.444234279532445], [79.98983149325466, 14.444233098129978], [79.98983119812024, 14.444231893584686], [79.98983098747723, 14.444230673128777], [79.98981215286733, 14.444092495418097], [79.98979639553832, 14.443976899407993], [79.98979559315457, 14.44397071864767], [79.98978568401708, 14.443894371387195], [79.98977231615233, 14.44379137440636], [79.98975826838104, 14.443600594712251], [79.98975061293937, 14.44349663228795], [79.98974829915643, 14.443465215035499], [79.98974825173877, 14.443464005223603], [79.98974828781519, 14.443462794865543], [79.98974840642947, 14.443461590285509], [79.98974860756529, 14.443460395099628], [79.98974889026232, 14.44345921653609], [79.98974925357251, 14.443458059111055], [79.98974969562012, 14.4434569273367], [79.98975021452124, 14.443455827533223], [79.98975080747249, 14.443454764208859], [79.98975147167455, 14.443453740967737], [79.9897522052435, 14.4434527641301], [79.98975300352471, 14.443451837292184], [79.98975386464652, 14.443450964062086], [79.98975478302252, 14.443450148936128], [79.98975575584932, 14.443449396422448], [79.98975677755274, 14.443448708305276], [79.98975784533346, 14.443448088188774], [79.98975895175386, 14.443447539657233], [79.98976009495044, 14.443447064510755], [79.98976126749368, 14.443446664525565], [79.98976246473708, 14.443446341489835], [79.98976368110246, 14.443446098091794], [79.9899171667857, 14.44342054862878], [79.9900607326838, 14.443396649829621], [79.9900619923023, 14.443396483458947], [79.9900632608181, 14.443396401202328], [79.99006453173351, 14.443396403935974], [79.99006579948657, 14.443396490732008], [79.99006705850312, 14.443396663374626], [79.99006830230583, 14.443396918219914], [79.99006952532463, 14.443397256148048], [79.99007072200168, 14.443397675327098], [79.99007188585959, 14.443398172113184], [79.99007301226008, 14.4433987464864], [79.99007409565345, 14.44339939480682], [79.99007513141765, 14.443400113438459], [79.99007611400306, 14.443400898741373], [79.99007703877946, 14.443401748887638], [79.99007790206066, 14.443402658437186], [79.99007869830106, 14.443403622846068], [79.99007942658525, 14.443404639398215], [79.99008008045216, 14.443405700833626], [79.99008065898639, 14.443406804436236], [79.9900811585058, 14.443407943861978], [79.99008157625188, 14.443409113674775], [79.99008191132143, 14.443410308446493], [79.99008216188358, 14.443411522745043], [79.99008232610747, 14.443412751138338], [79.99008240309401, 14.443413987294218], [79.99008642731008, 14.443560192717156], [79.99008672054443, 14.443570865290319], [79.99009043489596, 14.443682943591133], [79.9900924149846, 14.443742684869513], [79.9900940198468, 14.443762841947303], [79.99010049280946, 14.44384415213552], [79.99010395273069, 14.443887612526398], [79.99010911217047, 14.443932513106558], [79.99011964877884, 14.444024227249042], [79.99013572646334, 14.444101961516822], [79.99014145882579, 14.444129678705265], [79.99014166579649, 14.444130891008902], [79.99014178829623, 14.44413211470313], [79.99014182450232, 14.444133342547834], [79.99014177535871, 14.444134570930865], [79.99014164089805, 14.444135792620031], [79.99014142114073, 14.444137003095216], [79.9901411179747, 14.444138195132172], [79.99014073234399, 14.444139365118756], [79.99014026520477, 14.444140506730768], [79.99013972028814, 14.444141615463998], [79.990139099478, 14.444142684998237], [79.99013840557771, 14.444143710825236], [79.9901376413907, 14.444144688436825], [79.99013681064807, 14.444145613328784], [79.99013591800849, 14.444146481000846], [79.99013496627134, 14.444147287848846], [79.99013396102305, 14.444148029376501], [79.99013290598648, 14.444148702887631], [79.990131806744, 14.44414930479001], [79.99013066794211, 14.444149833295418], [79.99012949516721, 14.444150283907623]]}}, {"type": "Feature", "id": "w16-road-62", "properties": {"wardId": "ward-16", "segmentId": "w16-road-62", "lengthMeters": 248.1}, "geometry": {"type": "LineString", "coordinates": [[79.9897444676683, 14.444131386490477], [79.98976322771378, 14.444269016034559], [79.9897633520056, 14.444270253297177], [79.98976338906787, 14.44427149651419], [79.98976333800148, 14.444272739353435], [79.98976319976266, 14.444273975490725], [79.98976297437592, 14.444275199501911], [79.98976266279745, 14.444276405062803], [79.98976226783067, 14.4442775876652], [79.98976178950414, 14.444278740980913], [79.98976123155714, 14.444279858697696], [79.98976059586128, 14.444280937207386], [79.98975988522817, 14.444281970193758], [79.98975910431245, 14.444282954060569], [79.98975825499805, 14.444283882487609], [79.9897573428673, 14.444284751882634], [79.98975637072363, 14.444285557737466], [79.98975534507294, 14.444286297367842], [79.98975426872273, 14.444286965361556], [79.98975314817079, 14.444287560842417], [79.98975198900355, 14.444288079314132], [79.98965929658469, 14.444325822609889], [79.98960199083828, 14.444358216480525], [79.98947502992803, 14.444429985578815], [79.98947003919197, 14.444432400573698], [79.98929289583609, 14.444518130678567], [79.98927738131934, 14.444526724867853], [79.98927542921857, 14.444527805866919], [79.98925995576175, 14.444534292004795], [79.98916443797535, 14.444567805620322], [79.98913470962309, 14.444437293542174], [79.98911906456648, 14.444349702504173], [79.98911871898069, 14.444348166862406], [79.98906833896167, 14.444124508622052], [79.98904674131148, 14.444028628198172], [79.98907351897192, 14.444023497804531], [79.98914813420738, 14.44400860733017], [79.98925983652148, 14.443986315377467], [79.98938182314514, 14.443961970091491], [79.9896933370756, 14.443899802100862], [79.98969459224237, 14.443899595031361], [79.98969585908524, 14.44389947299187], [79.98969713111467, 14.443899435050552], [79.98969840368817, 14.443899482091526], [79.98969966938441, 14.443899614082987], [79.9897009226374, 14.44389983100107], [79.98970215788928, 14.443900131013896], [79.98970336865455, 14.443900512285543], [79.9897045502989, 14.443900973892118], [79.98970569726862, 14.44390151309768], [79.9897068021505, 14.4439021280624], [79.98970786217376, 14.443902816062243], [79.98970887086513, 14.443903572549262], [79.98970982453028, 14.443904393891437], [79.98971071761136, 14.443905278256883], [79.98971154642624, 14.443906219301514], [79.98971230727648, 14.443907214297342], [79.98971299648, 14.443908256900293], [79.98971361033831, 14.443909344382377], [79.98971414610112, 14.44391046949948], [79.98971460193344, 14.443911627723535], [79.98971497507678, 14.44391281361843], [79.98971526370026, 14.443914021752102], [79.98971546597305, 14.443915246692432], [79.98972464535305, 14.443985965875036], [79.98972938922394, 14.44402077104511], [79.9897444676683, 14.444131386490477]]}}, {"type": "Feature", "id": "w16-road-63", "properties": {"wardId": "ward-16", "segmentId": "w16-road-63", "lengthMeters": 305.7}, "geometry": {"type": "LineString", "coordinates": [[79.98988640198343, 14.444292135094058], [79.99010768387222, 14.444215350206823], [79.99010890363235, 14.44421497211947], [79.99011014620895, 14.444214677301783], [79.99011140788727, 14.444214466641874], [79.99011268123782, 14.444214341916], [79.99011395977095, 14.4442143021923], [79.99011523884016, 14.444214349258969], [79.99011651103227, 14.44421448127615], [79.99011777078124, 14.444214698219998], [79.99011901252108, 14.444215000066626], [79.99012022977031, 14.444215384076193], [79.990121416967, 14.444215849320774], [79.99012256855738, 14.44421639306447], [79.99012367898764, 14.44421701257136], [79.99012474269996, 14.444217706009544], [79.99012575507635, 14.444218468839008], [79.99012671056711, 14.444219297419833], [79.99012760640557, 14.444220188123953], [79.99012843611432, 14.44422113730747], [79.99012919693078, 14.444222140438338], [79.9901298851728, 14.444223191172489], [79.99013049714195, 14.444224286781923], [79.99013103008782, 14.444225420022532], [79.99013148217551, 14.444226586366261], [79.9901318497147, 14.444227781277045], [79.99013213274212, 14.444228996618698], [79.9901608919921, 14.444376010460141], [79.99019048732245, 14.44452729767306], [79.99019068310449, 14.444528522585298], [79.99019079163648, 14.444529757972193], [79.99019081294698, 14.444530997505591], [79.99019074706045, 14.444532235761338], [79.99019059493314, 14.444533466415225], [79.99019035566181, 14.444534684039132], [79.99019003205396, 14.444535883220835], [79.99018962506584, 14.444537057636149], [79.99018913564954, 14.444538201864876], [79.99018856753618, 14.444539311402789], [79.99018792260964, 14.444540379929675], [79.99018720367333, 14.444541402937341], [79.9901864144624, 14.444542375017514], [79.99018555963153, 14.444543292573982], [79.99018464105643, 14.444544151094567], [79.99018366525124, 14.444544946086951], [79.99018263594293, 14.444545673950968], [79.99018155685442, 14.444546331990427], [79.99007765558994, 14.44460494063201], [79.99007739147444, 14.444605085051032], [79.98998630865182, 14.444652664115278], [79.98998370293921, 14.444654065966384], [79.98993895111138, 14.444678134148683], [79.9899006581234, 14.444702347529825], [79.98987754184435, 14.444716964453296], [79.98979318098748, 14.444771529757084], [79.98977256689983, 14.444784863710357], [79.98972184761585, 14.444818292034842], [79.98968246826558, 14.444840653762103], [79.98963672000095, 14.444862673571286], [79.98956185488304, 14.444897510803587], [79.98947466515362, 14.4449346565231], [79.989443904985, 14.44494776161173], [79.98930303179543, 14.445001093566152], [79.98926552802075, 14.445012805510038], [79.98921613468677, 14.444795131765654], [79.98919419636215, 14.444698452526522], [79.98917722950844, 14.444623964433292], [79.98928232908617, 14.444587648693824], [79.98929615852266, 14.44458243020375], [79.98930370700654, 14.444579581392972], [79.98932386657508, 14.444569114057654], [79.98950139981798, 14.444477785965866], [79.98962126995842, 14.444410024812935], [79.98968409470162, 14.44437451124234], [79.98972561177668, 14.444357606431298], [79.98984077142049, 14.444310715575408], [79.98988640198343, 14.444292135094058]]}}, {"type": "Feature", "id": "w16-road-64", "properties": {"wardId": "ward-16", "segmentId": "w16-road-64", "lengthMeters": 310.7}, "geometry": {"type": "LineString", "coordinates": [[79.9896760929338, 14.444905853077472], [79.9896773454225, 14.444905829517507], [79.98967859661627, 14.444905887315793], [79.98967984094088, 14.444906028256488], [79.98968107284253, 14.444906249603687], [79.98968228675113, 14.444906552237546], [79.9896834771088, 14.444906934326148], [79.98968463836172, 14.444907393133578], [79.98968576494798, 14.444907927731911], [79.98968685131784, 14.444908534481225], [79.9896878937647, 14.444909212461582], [79.98968888674702, 14.44490995622496], [79.98968982656226, 14.444910763947401], [79.98969070766069, 14.44491163198896], [79.98969152635205, 14.444912555813596], [79.98969227986963, 14.444913531793286], [79.98969296359957, 14.444914554483999], [79.98969357477515, 14.4449156202577], [79.98969411156551, 14.444916723682287], [79.98969457028447, 14.444917859317727], [79.98969494909298, 14.444919023539924], [79.98969524709604, 14.44492020911274], [79.98969546152692, 14.44492141240814], [79.98971177046498, 14.445035441364292], [79.98972672413753, 14.445139999187512], [79.9897311064545, 14.445170642403603], [79.98974273759129, 14.445250029200066], [79.9897580630957, 14.44535463020114], [79.98976174306779, 14.445379743995868], [79.98977934028673, 14.445486243277971], [79.98979798592465, 14.445599088909026], [79.98980517671485, 14.445642606874978], [79.9898158487608, 14.445716626778307], [79.98983748699712, 14.44586671097963], [79.9898376206072, 14.445867939241642], [79.98983766791072, 14.445869174366042], [79.98983762800854, 14.445870410020653], [79.98983750186099, 14.445871638977286], [79.98983728948438, 14.445872857619825], [79.98983699276263, 14.445874059628073], [79.9898366117284, 14.445875237769792], [79.9898361501087, 14.445876388444812], [79.98983560792803, 14.44587750622899], [79.98983498892564, 14.445878584810043], [79.98983429590497, 14.445879619679797], [79.98983353166945, 14.445880606330038], [79.98983270088195, 14.445881539356503], [79.98983180541414, 14.445882415151056], [79.98983085178018, 14.44588322922139], [79.98982984277941, 14.445883977963357], [79.9898287839983, 14.445884656880692], [79.98982767915163, 14.44588526508526], [79.98982653475761, 14.445885797180757], [79.98982535638233, 14.445886253191041], [79.98968759612569, 14.445934216018024], [79.98966660464694, 14.445941524703148], [79.98959821150805, 14.445962224233613], [79.98954179869776, 14.445972220628548], [79.98953607673401, 14.44597323483803], [79.98948279438727, 14.445982315286198], [79.9894173435793, 14.44598910965154], [79.98939550278607, 14.445991384579399], [79.98939424071656, 14.445991474091482], [79.989392975316, 14.445991479513358], [79.98939171308223, 14.445991399968856], [79.98939045864546, 14.44599123728591], [79.98938921849535, 14.4459909923964], [79.98938799820203, 14.445990664420158], [79.98938680424293, 14.445990257001148], [79.98938564125237, 14.445989771063292], [79.9893845147882, 14.445989208438498], [79.9893834304002, 14.445988572766725], [79.98938239271449, 14.44598786677995], [79.98938140728488, 14.44598709321413], [79.98938047872936, 14.445986256609258], [79.9893796098187, 14.445985359689342], [79.98937880609856, 14.445984406998408], [79.98937807125921, 14.445983403072463], [79.98937740805921, 14.445982353347594], [79.98937681926527, 14.445981261451843], [79.98937630856359, 14.445980132825275], [79.9893758787086, 14.445978973807987], [79.98937553061171, 14.445977788020045], [79.98935805642313, 14.445909614304295], [79.98934959738894, 14.445876610324845], [79.98932268567499, 14.445765116023061], [79.98932111398386, 14.445757965542121], [79.98930773232145, 14.44569708962578], [79.98930096170676, 14.445651965161801], [79.98929878316187, 14.445637451367555], [79.98929185495665, 14.445564775545314], [79.98929143968803, 14.445509032338068], [79.98929523508878, 14.445411000731678], [79.9892936727179, 14.445305444405133], [79.98929238032672, 14.445288625487583], [79.98928346071054, 14.445172530829774], [79.98928306316877, 14.445169147103337], [79.98927292130381, 14.445082740465656], [79.98927282021049, 14.445081502398446], [79.98927280634294, 14.445080259281085], [79.98927287966444, 14.445079019249778], [79.98927304108224, 14.445077786828616], [79.98927328871243, 14.445076568337836], [79.9892736216028, 14.4450753691976], [79.98927403787356, 14.445074194824112], [79.98927453657248, 14.445073050637497], [79.98927511395623, 14.445071943854066], [79.98927576815723, 14.445070877177944], [79.98927649636387, 14.445069856925354], [79.98927729484097, 14.445068888504533], [79.98927815893381, 14.445067975511673], [79.989279085839, 14.445067122454986], [79.98928007090178, 14.44506633293066], [79.98928110853166, 14.445065612338976], [79.98928219501387, 14.445064961568038], [79.98928332475786, 14.445064386018114], [79.98928449218941, 14.4450638874734], [79.98928569266204, 14.445063467722047], [79.98932161993376, 14.445052247141795], [79.98946513973704, 14.44499791399937], [79.98958500159524, 14.44494684870103], [79.98966103808003, 14.444911465922296], [79.98966886903176, 14.444907697092216], [79.98967001050733, 14.444907193914007], [79.98967118411271, 14.444906765909048], [79.98967238518914, 14.444906417577542], [79.98967360724701, 14.444906147987648], [79.98967484470802, 14.444905959827603], [79.9896760929338, 14.444905853077472]]}}, {"type": "Feature", "id": "w16-road-65", "properties": {"wardId": "ward-16", "segmentId": "w16-road-65", "lengthMeters": 193.4}, "geometry": {"type": "LineString", "coordinates": [[79.99006012342636, 14.445867347898064], [79.99036263434238, 14.44577669490664], [79.9903638835722, 14.445776366667102], [79.99036515375519, 14.445776123497296], [79.99036643745772, 14.445775968077498], [79.9903677300455, 14.445775899483843], [79.99036902316126, 14.445775919488575], [79.99037031310249, 14.445776026267765], [79.9903715915119, 14.445776221593707], [79.99037285283569, 14.445776502730439], [79.99037409151188, 14.445776868750135], [79.99037530012723, 14.445777317812924], [79.99037647404741, 14.445777848994911], [79.99037760772677, 14.445778457752139], [79.99037869467973, 14.445779142248714], [79.99037972935655, 14.445779898844723], [79.99038070806282, 14.445780723908152], [79.99038162525291, 14.44578161289503], [79.9903824772283, 14.445782563077394], [79.9903832584515, 14.445783568103215], [79.9903839661599, 14.445784623440456], [79.99038459665904, 14.44578572545711], [79.99038514627092, 14.445786866905086], [79.99038561316459, 14.445788042352289], [79.99038599550512, 14.44578924727064], [79.99038628961036, 14.445790475316082], [79.9903864964365, 14.445791720164419], [79.990411869882, 14.445988297153775], [79.99041273127406, 14.445994974484488], [79.9904251661631, 14.446113616411656], [79.99042981330275, 14.446157966035178], [79.99043753289101, 14.446220430460333], [79.99043758759716, 14.446221053579848], [79.99043759776251, 14.446221679220672], [79.9904375633993, 14.446222304670727], [79.99043748545557, 14.446222925413881], [79.99043736300779, 14.446223540542107], [79.99043719700803, 14.446224144635247], [79.99043698838811, 14.446224736793257], [79.99043673901964, 14.446225313407963], [79.99043644891492, 14.446225871767306], [79.99043611994148, 14.446226409167172], [79.99043575303928, 14.446226922899436], [79.99043535099948, 14.446227411167978], [79.99043491568968, 14.446227871268679], [79.99043444804981, 14.446228300493432], [79.99043395087102, 14.446228697046127], [79.99043342787225, 14.446229059134575], [79.9904328790575, 14.446229385854783], [79.99043230908153, 14.446229673610523], [79.99043172072327, 14.44622992331772], [79.99043111492264, 14.446230132268298], [79.99043049632212, 14.446230299578085], [79.99042986677705, 14.446230425255038], [79.99042923000225, 14.446230508411016], [79.99031052354837, 14.446241881653886], [79.9899809106061, 14.446273462168701], [79.98997965507773, 14.446273540863372], [79.98997839621403, 14.446273536371843], [79.98997714143638, 14.446273448725952], [79.98997589538322, 14.446273277945547], [79.98997466361247, 14.446273025862569], [79.98997345261785, 14.446272692504836], [79.98997226795319, 14.446272280608275], [79.98997111425282, 14.446271791096795], [79.98996999707467, 14.4462712258023], [79.98996892196438, 14.446270589268794], [79.98996789355625, 14.446269882420149], [79.98996691647238, 14.446269108892356], [79.98996599625843, 14.446268273229398], [79.98996513568113, 14.446267379059307], [79.98996433936662, 14.446266429114056], [79.98996361099702, 14.446265429737675], [79.9899629533432, 14.446264383654212], [79.9899623710149, 14.446263297211699], [79.98996186492353, 14.446262174030215], [79.98996143782357, 14.44626102044987], [79.98996109247355, 14.446259841906722], [79.98996082978483, 14.446258642020869], [79.98996065064837, 14.446257428932496], [79.98995135972311, 14.446174399845544], [79.98995134363287, 14.446174265074285], [79.9899372410233, 14.446063633939813], [79.9899176613385, 14.445910039131983], [79.99006012342636, 14.445867347898064]]}}, {"type": "Feature", "id": "w16-road-66", "properties": {"wardId": "ward-16", "segmentId": "w16-road-66", "lengthMeters": 399.5}, "geometry": {"type": "LineString", "coordinates": [[79.99072732228021, 14.446250818095054], [79.99071521578188, 14.446203314868027], [79.9907014112504, 14.44620566863306], [79.99052452954922, 14.446235836466508], [79.99052328659667, 14.446236006526219], [79.99052203381075, 14.446236094275976], [79.99052077861289, 14.446236099747532], [79.99051952564555, 14.446236022056734], [79.9905182814025, 14.446235861231424], [79.99051705050988, 14.446235620003526], [79.99051583946553, 14.446235297496832], [79.99051465382327, 14.446234896447274], [79.99051349821744, 14.446234417778728], [79.9905123791336, 14.446233863327093], [79.99051130026211, 14.446233237628354], [79.99051026809265, 14.446232541614373], [79.99050928631549, 14.446231779821183], [79.99050835956092, 14.446230954076682], [79.99050749151516, 14.446230069820915], [79.99050668773204, 14.446229129789828], [79.99050595097015, 14.446228139419462], [79.99050528399212, 14.446227103241876], [79.99050469142004, 14.446226024893036], [79.9905041741571, 14.446224909801083], [79.99050373588956, 14.446223763406056], [79.9905033784483, 14.446222591140039], [79.99050310274062, 14.446221397527122], [79.99050291059332, 14.446220188903455], [79.99049435592569, 14.446150967705835], [79.99048953085534, 14.4461049285695], [79.99047737791449, 14.445988968336945], [79.99047725697432, 14.445987809740624], [79.990459221118, 14.445848085057525], [79.99045204837664, 14.445792516297095], [79.99044362432284, 14.44572724993788], [79.99043945171627, 14.445694927013543], [79.99043221734978, 14.445643972220536], [79.99042096926246, 14.445564753429355], [79.99040894886268, 14.445480088089996], [79.9903988687126, 14.445411983173605], [79.99039873136435, 14.445410760319943], [79.99039867939074, 14.445409531503726], [79.99039871369905, 14.44540830124906], [79.99039883332898, 14.445407076784157], [79.99039903825609, 14.445405863533198], [79.99039932660459, 14.445404666008335], [79.99039969927365, 14.445403490541707], [79.99040015160448, 14.445402341633596], [79.99040068449214, 14.445401226520145], [79.9904012932819, 14.445400148797603], [79.99040197516634, 14.445399113878203], [79.99040272826558, 14.445398127178118], [79.99040354885264, 14.445397192297557], [79.99040443226875, 14.445396313736783], [79.99040537571048, 14.445395496004002], [79.99040637359953, 14.445394741787434], [79.9904074212731, 14.445394056491352], [79.99040851501233, 14.445393441907925], [79.99040964831124, 14.445392900721387], [79.99041081744281, 14.445392436531943], [79.99041201590519, 14.445392051119846], [79.99041323905591, 14.445391745369236], [79.99041448038902, 14.44539152196436], [79.99041573433847, 14.44539138088138], [79.99064721491861, 14.445373101854923], [79.990648461995, 14.445373044817185], [79.99064971148745, 14.445373069153618], [79.99065095504287, 14.445373175732495], [79.99065218988225, 14.44537336363782], [79.99065340766062, 14.445373631929865], [79.99065460467544, 14.445373978784652], [79.99065577536065, 14.445374404178354], [79.99065691416246, 14.445374905375068], [79.99065801459933, 14.445375479634903], [79.99065907389644, 14.445376125137884], [79.99066008650401, 14.44537683824406], [79.99066104686825, 14.44537761621754], [79.99066195129477, 14.445378455426324], [79.99066279608915, 14.445379352238435], [79.99066357663344, 14.44538030211385], [79.99066429016088, 14.445381301424584], [79.99066493298525, 14.445382344730552], [79.99066550233984, 14.445383428403803], [79.99066599546609, 14.445384547008196], [79.99066641053311, 14.445385695111685], [79.99066674571, 14.445386867282156], [79.99069345728692, 14.445494336721746], [79.99071101536227, 14.445564977854536], [79.9907170003224, 14.44558936652582], [79.99074443278043, 14.445701151330477], [79.99076660448802, 14.445791501358352], [79.99076853505724, 14.445798281807942], [79.99079772198901, 14.445900774236966], [79.99082898654947, 14.446010563046267], [79.99083737734222, 14.44604002917556], [79.99086030951985, 14.446131269318647], [79.99088440641954, 14.446227142240645], [79.99090726845078, 14.446318104538662], [79.99090806405937, 14.446321269381881], [79.99090814709623, 14.446321576207835], [79.99094287984366, 14.446441367716973], [79.99096693300375, 14.446524322582937], [79.9909867256437, 14.446592584787568], [79.9909868760288, 14.446593180291405], [79.99098698463162, 14.44659378375272], [79.99098705053264, 14.446594393359478], [79.99098707467172, 14.446595006403596], [79.99098705614162, 14.446595618360968], [79.99098699494637, 14.446596228327554], [79.99098689109823, 14.446596833591306], [79.99098674554524, 14.446597429636055], [79.99098655922324, 14.446598014657745], [79.9909863321404, 14.446598586848285], [79.99098606617243, 14.446599141695522], [79.99098576225109, 14.446599678299417], [79.990985422244, 14.446600193955808], [79.99098504616333, 14.446600685952637], [79.99098463680441, 14.446601151589727], [79.9909841969584, 14.446601589070971], [79.99098372663344, 14.446601996588315], [79.99098322955253, 14.446602371445561], [79.99098270757098, 14.446602713650636], [79.99098216348408, 14.446603020503415], [79.99098159822766, 14.446603290199825], [79.9909810164442, 14.44660352185568], [79.99098041906136, 14.446603715474936], [79.9909798107298, 14.446603868365418], [79.99097919237718, 14.446603980531082], [79.99097856771016, 14.44660405289183], [79.99089763542474, 14.4466106168334], [79.99078728712647, 14.446619568005843], [79.99067318676879, 14.446628823086195], [79.99055679601007, 14.446638263572442], [79.9905561641131, 14.446638293411098], [79.99055553054836, 14.446638281656666], [79.99055489903066, 14.44663822742102], [79.9905542732666, 14.446638131624052], [79.99055365603924, 14.44663799427773], [79.99055304919989, 14.446637816293991], [79.99055245645923, 14.446637597688737], [79.9905518805881, 14.446637341185987], [79.99055132344184, 14.446637046793649], [79.99055078872709, 14.446636715431687], [79.990550278287, 14.446636349820078], [79.99054979490052, 14.446635950874814], [79.99054934041484, 14.446635520411867], [79.99054891760078, 14.446635061155238], [79.99054852737788, 14.446634574916953], [79.99054817159329, 14.446634063513015], [79.99054785301381, 14.44663353057142], [79.99054757256299, 14.446632977000187], [79.99054733208399, 14.446632405519356], [79.99054713156048, 14.446631819744997], [79.99054697283557, 14.446631222397144], [79.99054685590114, 14.446630615283828], [79.99054678166851, 14.44663000202515], [79.99053774284468, 14.446523940839798], [79.99053159112036, 14.44646783222265], [79.99051647202702, 14.446329928124289], [79.99051334211747, 14.446304601531505], [79.99051323271291, 14.446303353484456], [79.99051321238181, 14.44630210220278], [79.99051328017612, 14.446300852202674], [79.99051343699495, 14.446299609816274], [79.99051368188209, 14.446298381367772], [79.99051401388948, 14.446297171373317], [79.99051443019734, 14.446295987957207], [79.99051492986172, 14.44629483473158], [79.990515510071, 14.4462937180127], [79.99051616801772, 14.446292643212754], [79.99051690089841, 14.446291614839973], [79.99051770497385, 14.446290639206618], [79.99051857652105, 14.446289719008885], [79.9905195118008, 14.446288860559035], [79.99052050523066, 14.44628806744932], [79.99052155216003, 14.446287342371978], [79.99052264885374, 14.44628669073523], [79.99052378881395, 14.44628611341528], [79.99052496738187, 14.446285614912393], [79.99052617805562, 14.446285197006798], [79.99052741525685, 14.446284862386733], [79.99052867341955, 14.446284611028343], [79.99052994696535, 14.446284445619876], [79.99072950821896, 14.446259394162713], [79.99072732228021, 14.446250818095054]]}}, {"type": "Feature", "id": "w16-road-67", "properties": {"wardId": "ward-16", "segmentId": "w16-road-67", "lengthMeters": 177.7}, "geometry": {"type": "LineString", "coordinates": [[79.99048194347012, 14.446637712383414], [79.9904818025297, 14.446638313871786], [79.99048161988854, 14.446638905237046], [79.99048139556704, 14.44663948195907], [79.99048113235229, 14.446640043145752], [79.99048083025653, 14.446640586085023], [79.99048049022377, 14.446641107164746], [79.9904801150493, 14.446641603684789], [79.99047970566481, 14.446642074745077], [79.99047926486566, 14.44664251764549], [79.99047879358761, 14.446642930581923], [79.990478294626, 14.446643310854244], [79.99047776984429, 14.446643656662332], [79.99047722295732, 14.446643967118066], [79.99047665490092, 14.446644240417385], [79.99047606846628, 14.446644474764145], [79.99047546829178, 14.44664467017823], [79.9904748553133, 14.446644824855554], [79.99047423231383, 14.446644938808047], [79.99047360300823, 14.446645011147567], [79.99035636586879, 14.44665452023116], [79.99018644216426, 14.446668302902768], [79.99011807733378, 14.446673848234413], [79.99001919212179, 14.446681869091204], [79.9900185481649, 14.446681898876717], [79.99001790439976, 14.44668188617308], [79.9900172626899, 14.446681829180177], [79.99001662581429, 14.446681728813967], [79.99001599840726, 14.446681585998356], [79.99001538325182, 14.446681400745263], [79.99001478219519, 14.44668117487072], [79.9900141980204, 14.446680908386615], [79.99001363535773, 14.446680603120916], [79.99001309512666, 14.446680260885605], [79.99001258103382, 14.446679882600645], [79.99001209492644, 14.446679470082032], [79.99001163864763, 14.446679026049782], [79.99001121589995, 14.446678552327873], [79.99001082760292, 14.446678050728291], [79.99001047652325, 14.446677524879094], [79.99001016358457, 14.446676975688277], [79.9900098896982, 14.446676406775916], [79.99000965763496, 14.446675820866002], [79.9900094683062, 14.446675221578625], [79.99000932078019, 14.44667460981381], [79.99000921874722, 14.446673990107602], [79.98999469778042, 14.44656169736296], [79.9899894553284, 14.446514840084614], [79.98997171344857, 14.446356291775814], [79.98997161885318, 14.446355051928535], [79.98997161147183, 14.446353809742952], [79.98997169221589, 14.446352568839117], [79.98997186012502, 14.446351336445257], [79.98997211517069, 14.446350118889546], [79.9899724545494, 14.446348920680187], [79.98997287730498, 14.446347748141372], [79.98997338248525, 14.446346606693258], [79.98997396728265, 14.446345501748096], [79.98997462796203, 14.446344438714098], [79.98997536171584, 14.44634342300349], [79.98997616574883, 14.446342457316446], [79.98997703631761, 14.446341548869217], [79.98997796784391, 14.446340700350039], [79.98997895844786, 14.446339917175097], [79.9899800006999, 14.446339201120646], [79.98998109179657, 14.446338556694881], [79.98998222523186, 14.446337986582032], [79.9899833963511, 14.446337494378323], [79.98998459958004, 14.446337081867942], [79.98998582842084, 14.446336749927084], [79.9899870782188, 14.446336502151958], [79.98998834248425, 14.446336337610719], [79.99020850680007, 14.446315243302788], [79.99031897086077, 14.446304659285195], [79.99042836667105, 14.446294178219652], [79.99042961385045, 14.446294099486822], [79.99043086251, 14.44629410393223], [79.99043210895121, 14.446294188827881], [79.9904333466722, 14.44629435595402], [79.99043456918328, 14.44629460437881], [79.990435772786, 14.446294931374254], [79.9904369509825, 14.446295337816586], [79.9904380982271, 14.446295819161811], [79.99043920895376, 14.446296375386098], [79.99044027946397, 14.44629700376147], [79.99044130421207, 14.446297699743948], [79.99044227856372, 14.446298462409668], [79.99044319790504, 14.446299286314586], [79.99044405760982, 14.446300168726754], [79.99044485583906, 14.44630110602213], [79.99044558611936, 14.446302093652797], [79.99044624754347, 14.446303127094616], [79.99044683549745, 14.44630420090359], [79.99044734814632, 14.446305310551642], [79.99044778272336, 14.446306452410747], [79.99044813833353, 14.44630761924473], [79.99044841221011, 14.446308807425588], [79.99044860345394, 14.446310010621145], [79.99045194724528, 14.446337072987788], [79.99046023920909, 14.446412703624027], [79.99046711979805, 14.446475456459261], [79.99047315299414, 14.446530485142812], [79.99047369747953, 14.44653687634228], [79.99048207887193, 14.446635253968465], [79.99048210948709, 14.446635870656458], [79.99048209742489, 14.446636488065675], [79.99048204177394, 14.446637102576014], [79.99048194347012, 14.446637712383414]]}}, {"type": "Feature", "id": "w16-road-68", "properties": {"wardId": "ward-16", "segmentId": "w16-road-68", "lengthMeters": 832.2}, "geometry": {"type": "LineString", "coordinates": [[79.9910027266429, 14.446674665316792], [79.99100336503376, 14.446674635504744], [79.9910040041607, 14.44667464818584], [79.99100464124072, 14.446674703348153], [79.99100527255901, 14.446674801879839], [79.99100589534066, 14.446674941960923], [79.99100650680266, 14.446675123579485], [79.99100710416603, 14.446675345819582], [79.99100768372412, 14.446675607761307], [79.99100824362566, 14.446675908492688], [79.99100878202749, 14.446676245293713], [79.99100929429534, 14.44667661724048], [79.99100977950553, 14.446677023425012], [79.99101023395963, 14.44667746111933], [79.99101065766983, 14.446677927611375], [79.9910110469295, 14.446678421981227], [79.99101139989551, 14.446678941508852], [79.99101171565648, 14.446679482574181], [79.99101199236112, 14.446680044265271], [79.99101222909808, 14.446680622962027], [79.9910124240201, 14.44668121684847], [79.99102219290431, 14.446714911655347], [79.9910397380462, 14.446788460113659], [79.9910606292251, 14.446876040979035], [79.99106112036549, 14.44687780686865], [79.99107226114418, 14.446917921728724], [79.9911086302743, 14.447048877916263], [79.99110881575699, 14.447049507923927], [79.99114431320933, 14.447169692325911], [79.99115067292371, 14.447191225818903], [79.99117374173143, 14.447267846348895], [79.9912056052095, 14.447373677073], [79.99121405254833, 14.447401732223572], [79.99122113425724, 14.44743864837543], [79.9912286564953, 14.447477857256503], [79.99123277066879, 14.447499299770552], [79.9912391249505, 14.447549823166154], [79.9912405389393, 14.447581682249504], [79.99123868055094, 14.447600659184028], [79.99123852209124, 14.447601854553735], [79.9912382820524, 14.447603036917622], [79.99123796231011, 14.447604201763466], [79.99123756289292, 14.447605342763133], [79.99123708660836, 14.447606454504347], [79.99123653532399, 14.447607534283001], [79.99123591185551, 14.447608574878801], [79.99123521807452, 14.447609572683602], [79.9912344586399, 14.447610523197136], [79.99123363449556, 14.447611422807247], [79.99123275122803, 14.44761226701765], [79.99123181256842, 14.447613051324128], [79.99122343188844, 14.447619595969993], [79.99122244156372, 14.447620316772266], [79.99122140514412, 14.447620973190178], [79.9912203254372, 14.447621559811521], [79.99121920894483, 14.44762207485602], [79.99121805845418, 14.447622517431567], [79.99121688140303, 14.447622883953828], [79.99121568151025, 14.447623172630653], [79.99121446434198, 14.447623383485878], [79.99121248709044, 14.447623659794232], [79.99121126842951, 14.44762379018328], [79.99121004362937, 14.447623841894346], [79.9912088182561, 14.447623814951257], [79.99120759694814, 14.447623709373858], [79.9912063861993, 14.44762352518999], [79.99120518971621, 14.447623263319548], [79.99120401398862, 14.447622924694365], [79.9912028636427, 14.447622512046356], [79.99120174424456, 14.447622025399347], [79.99120065948865, 14.447621468385348], [79.99119781301083, 14.447619885877254], [79.9911967841809, 14.447619270339914], [79.99119579831385, 14.447618590799502], [79.99119486003991, 14.447617849083924], [79.99119397304538, 14.447617050633209], [79.99119314196054, 14.447616197275268], [79.99119236955214, 14.447615292638112], [79.99119165858284, 14.447614341253793], [79.99119101274705, 14.447613346754286], [79.99119043480749, 14.447612313671652], [79.9911271764718, 14.447489922984307], [79.99110975958291, 14.447456226172926], [79.99107569836089, 14.447390324812638], [79.99103189224896, 14.447305569504383], [79.99099216861056, 14.44722871401607], [79.99097055712056, 14.447186899919245], [79.9909327724467, 14.447194181099203], [79.99096505585436, 14.447256644927327], [79.99099184604367, 14.447308480812751], [79.99104245222519, 14.447406396459874], [79.99106949076285, 14.447458712543865], [79.99109491803173, 14.447507911820637], [79.99117159078521, 14.44765626166634], [79.99120221336044, 14.44770584388943], [79.99122188825903, 14.447737699787499], [79.99125840519177, 14.44780401484651], [79.99127506763483, 14.447834273058074], [79.99132671233497, 14.44791897600068], [79.99133030323489, 14.447925409169505], [79.99134796785145, 14.447957055755749], [79.99135076908307, 14.44796250284988], [79.99135318732176, 14.447968122784706], [79.9913552115616, 14.447973887487798], [79.9913568326357, 14.447979772510774], [79.99135804324483, 14.44798575070112], [79.99135883701739, 14.447991794910326], [79.99135993692188, 14.448003192360957], [79.99136065758132, 14.448008786044056], [79.99136103749191, 14.448010737689781], [79.9913617347249, 14.4480143252025], [79.991363163812, 14.448019788119863], [79.99136493937023, 14.448025153979701], [79.99136705500365, 14.44803040105765], [79.991375789045, 14.44805022341274], [79.99137843760741, 14.44805825722244], [79.99141314985076, 14.448163559501436], [79.99142956246446, 14.448220851118629], [79.99145152636015, 14.44829751481188], [79.99145652267069, 14.448318165541348], [79.99148228742686, 14.448424666243852], [79.99148287029618, 14.44842707620357], [79.99148728104728, 14.448443033350173], [79.9915136616037, 14.448538468494636], [79.99152149453042, 14.44856680578008], [79.99152178207873, 14.44856784394744], [79.99155369994243, 14.44867690862679], [79.99156885625533, 14.448728698281535], [79.99157792853497, 14.448756229039802], [79.99161128814467, 14.448857462740037], [79.99164414076348, 14.448957158298738], [79.9916444833549, 14.448958334116], [79.99164474421586, 14.448959530376467], [79.99164492151955, 14.448960740744008], [79.99164501435862, 14.448961960694524], [79.991645021838, 14.44896318299185], [79.99164494490164, 14.448964404023862], [79.99164478358215, 14.448965616558365], [79.9916445388276, 14.44896681607919], [79.9916442106665, 14.448967996258162], [79.99164380190227, 14.448969152587072], [79.99164331349114, 14.448970278741722], [79.99164274823248, 14.448971371117903], [79.99164210894193, 14.44897242249534], [79.99164139748713, 14.448973430169902], [79.99164061853094, 14.448974388737284], [79.99163977394912, 14.448975293685312], [79.99163886932818, 14.448976140517662], [79.99163790746343, 14.44897692653416], [79.99163689394138, 14.448977647238552], [79.99163583248905, 14.448978299030566], [79.99163472775308, 14.448978880122029], [79.99163358624767, 14.448979386020595], [79.99153372759399, 14.44901976438776], [79.99142659726617, 14.449063082265841], [79.99141117848242, 14.449069316533617], [79.99123229936198, 14.449143448826343], [79.99123112660284, 14.449143890402036], [79.99122992544395, 14.449144252300426], [79.99122870237508, 14.449144535453309], [79.991227462051, 14.449144736264444], [79.99122621096554, 14.449144854761668], [79.99122495468484, 14.44914489096879], [79.99122369877912, 14.449144844005623], [79.99122244881048, 14.449144714800006], [79.99122121127678, 14.449144502475766], [79.9912199908043, 14.449144209764782], [79.99121879295915, 14.449143836690899], [79.991217624227, 14.44914338509], [79.99121649016182, 14.449142857697979], [79.99121539446212, 14.449142257242787], [79.99121434361356, 14.44914158556027], [79.99121334131064, 14.449140846282445], [79.99121239310725, 14.449140042145201], [79.99121150269785, 14.449139176780522], [79.99121067469645, 14.449138255632448], [79.99120991187388, 14.449137281424932], [79.99120921884415, 14.44913625960199], [79.9912085993017, 14.449135193795641], [79.99120805414572, 14.449134090338], [79.99120758707062, 14.449132952861051], [79.99117176428366, 14.449036304718756], [79.99113894782893, 14.448947768759545], [79.99112498746933, 14.448907078610974], [79.99104724228093, 14.448680476578339], [79.99104051427429, 14.44866202248219], [79.9910323090895, 14.448639513758994], [79.99100061089445, 14.448552563743052], [79.99099516764304, 14.448537634584186], [79.99097369948379, 14.448477384060212], [79.99095533327866, 14.44842584099333], [79.99094727150359, 14.44840321535643], [79.99091897680026, 14.448313250461643], [79.99091839005351, 14.448311084575684], [79.99090121672913, 14.448247648513815], [79.99089543163869, 14.448225003696468], [79.99087517925089, 14.44814573370667], [79.9908644364915, 14.44810704893118], [79.9908321708014, 14.447990860643895], [79.9908230739667, 14.447958104393107], [79.99080593583132, 14.447889550693155], [79.99078006962876, 14.447786084370653], [79.99076195925838, 14.44770807474201], [79.99072755223573, 14.447559865134775], [79.99071842834593, 14.44752056711499], [79.99070914248718, 14.447480568672432], [79.99068728924826, 14.447386435686065], [79.99067790057302, 14.44734599291735], [79.990647734355, 14.44723208817321], [79.99060635403754, 14.447075836154973], [79.99060608112384, 14.44707463984201], [79.99060589177492, 14.44707342761425], [79.99060578781759, 14.447072205807821], [79.99060576829562, 14.447070980746894], [79.9906058341204, 14.44706975605156], [79.9906059852593, 14.44706853895404], [79.99060622076014, 14.447067334874465], [79.9906065396708, 14.447066149233034], [79.99060693918375, 14.447064987441973], [79.9906074202063, 14.447063854025371], [79.99060797714381, 14.447062755287577], [79.99060861090355, 14.447061695752668], [79.990609315895, 14.447060680820952], [79.99061009024236, 14.447059715004624], [79.99061092929094, 14.44705880189988], [79.9906118302373, 14.447057946014944], [79.99061278841855, 14.447057152754105], [79.99061380011582, 14.447056423909498], [79.99061485974671, 14.447055763073385], [79.99061596358011, 14.447055174749996], [79.99061710511816, 14.447054659815537], [79.99061827970613, 14.447054221866235], [79.99061948269747, 14.447053862690264], [79.99067156805975, 14.447040158119252], [79.9907299626873, 14.447028925089896], [79.99083494227025, 14.447008730895307], [79.99091038423603, 14.446994218637832], [79.99092019017763, 14.446992332307257], [79.99093362738571, 14.446943689085959], [79.99081916961084, 14.446965717718964], [79.9906979532248, 14.446989047192778], [79.99066042674349, 14.446996269769759], [79.9906033277221, 14.447011292653094], [79.99060206754501, 14.447011578356594], [79.9906007891976, 14.447011779002283], [79.99059949918995, 14.447011891001878], [79.99059820493945, 14.447011915291187], [79.99059691201218, 14.447011851894045], [79.99059562690191, 14.447011700838285], [79.99059435517474, 14.447011462147755], [79.99059310423988, 14.447011138566301], [79.99059187873576, 14.447010730113803], [79.99059068607157, 14.447010239534126], [79.9905895318012, 14.44700966956319], [79.9905884205549, 14.447009022028903], [79.99058735788243, 14.447008300571236], [79.99058635026125, 14.447007508834075], [79.9905854013858, 14.447006650449435], [79.99058451680177, 14.44700572996129], [79.99058369927587, 14.447004750997628], [79.99058295434975, 14.447003719006492], [79.99058228478198, 14.447002639423898], [79.99058169426696, 14.44700151588188], [79.99058118555106, 14.447000356528568], [79.99058076140507, 14.44699916408797], [79.99058042364764, 14.446997946704242], [79.9905801731861, 14.446996708901509], [79.9905800127749, 14.44699545701982], [79.99056483613803, 14.44683101903885], [79.9905546037249, 14.446720145949007], [79.99055456847931, 14.446719527433084], [79.99055457684284, 14.446718907295907], [79.99055462879922, 14.446718289153546], [79.99055472340441, 14.446717676618132], [79.99055486157796, 14.446717071501691], [79.99055504237995, 14.44671647651231], [79.99055526393465, 14.446715896162202], [79.99055552623794, 14.44671533135537], [79.99055582742226, 14.446714784795915], [79.99055616654361, 14.446714260096005], [79.99055654173439, 14.446713759959758], [79.99055695113515, 14.446713285283224], [79.99055739287832, 14.446712838770539], [79.99055786416862, 14.446712423121879], [79.99055836499788, 14.446712040145284], [79.99055889071954, 14.446711691628908], [79.9905594394701, 14.446711379372879], [79.99056000939419, 14.44671110336924], [79.99056059769245, 14.446710867222171], [79.99056120065826, 14.446710670011761], [79.99056181642402, 14.446710514442113], [79.99056244221075, 14.446710399597302], [79.99056307337189, 14.446710327265512], [79.99066969193005, 14.446701679353007], [79.99085510646373, 14.44668663915378], [79.99094882528179, 14.446679037898376], [79.9910027266429, 14.446674665316792]]}}, {"type": "Feature", "id": "w16-road-69", "properties": {"wardId": "ward-16", "segmentId": "w16-road-69", "lengthMeters": 770.8}, "geometry": {"type": "LineString", "coordinates": [[79.9926824438182, 14.448541701670742], [79.99244448881772, 14.448650719793207], [79.99232433811794, 14.448697820084412], [79.99221668802956, 14.448740020530254], [79.99221541707892, 14.448740018710271], [79.9922141492941, 14.448739931923827], [79.99221289116487, 14.448739761102711], [79.99221164732559, 14.448739507170798], [79.99221042427007, 14.448739170155857], [79.99220922755225, 14.44873875279379], [79.99220806365781, 14.448738256920393], [79.99220693722113, 14.448737683459568], [79.99220585286031, 14.448737036951243], [79.99220481705692, 14.448736320135293], [79.9922038344413, 14.448735534839615], [79.99220290869975, 14.448734686504206], [79.99220204538214, 14.448733778768995], [79.99220124725932, 14.448732814357959], [79.99220051894122, 14.448731799619114], [79.99219986319055, 14.448730739084484], [79.9921992837018, 14.448729636386055], [79.99219878322542, 14.448728498767935], [79.99219836360054, 14.448727329854133], [79.99216571629236, 14.448625254892134], [79.99213293451407, 14.448522763491791], [79.99210040618158, 14.448421061497076], [79.99208989031168, 14.44838818168844], [79.99206821830792, 14.448313189056739], [79.99205266289545, 14.44825936000789], [79.9920439420376, 14.448229181923129], [79.99203810185693, 14.448206384107966], [79.99201073337355, 14.448099561078399], [79.9919891896024, 14.448015471609308], [79.99198013247278, 14.447982718274957], [79.9919326414563, 14.447810976645114], [79.9919085396503, 14.447726360018121], [79.99190104177327, 14.44770354335566], [79.99188680653151, 14.44766022130453], [79.99188153189607, 14.447646362366532], [79.99187617566258, 14.44763228882124], [79.99185085870225, 14.447565770442816], [79.991849094687, 14.44756113510171], [79.99182117351315, 14.447476328550422], [79.99181460894117, 14.447456389830243], [79.99180108178346, 14.447394282088272], [79.99178852444274, 14.447336623672399], [79.99178434525429, 14.447317863180807], [79.99176398220226, 14.447226446962201], [79.99175680413693, 14.447194219677455], [79.99173642892555, 14.447127537105198], [79.99170263300321, 14.447016930248422], [79.99170098649267, 14.447011542341793], [79.99167164275482, 14.446910790515155], [79.99166098419819, 14.446874191753801], [79.99163116114626, 14.446762673437426], [79.99161105824919, 14.446688483948442], [79.99160379729153, 14.446661689601061], [79.99158383453685, 14.446591607775277], [79.99157396138278, 14.446556947022897], [79.99156075991291, 14.446505141324533], [79.99156049360643, 14.446503918823387], [79.99156031549877, 14.44650268133098], [79.99156022463377, 14.446501435171479], [79.99156022284231, 14.446500185776998], [79.99156030916824, 14.446498939471729], [79.99156048451475, 14.446497701683802], [79.99156074607029, 14.446496478729486], [79.99156109473813, 14.446495276036877], [79.991561526779, 14.446494099918299], [79.99156204216845, 14.4464929557979], [79.99156263624366, 14.446491849079962], [79.99156330805657, 14.44649078428065], [79.99156405386796, 14.44648976771226], [79.99156486901903, 14.446488803875074], [79.99156575163408, 14.446487897281266], [79.99156669612665, 14.446487052427138], [79.99156769784204, 14.446486272908958], [79.99156875305326, 14.446485562326933], [79.99156985524615, 14.446484925173397], [79.99157100070187, 14.44648436324053], [79.99157218291442, 14.44648387921262], [79.99157339630146, 14.44648347668194], [79.99157463529282, 14.44648315652869], [79.99157589431427, 14.446482920537095], [79.99157716779158, 14.446482770491427], [79.99162795905168, 14.446478488418801], [79.99163046664448, 14.446478276754592], [79.99172808020394, 14.446470801237226], [79.99183832779393, 14.446462358162345], [79.99192937005054, 14.446455386024224], [79.99208146473516, 14.44644373801382], [79.99208275262338, 14.446443683855529], [79.99208404105248, 14.446443715583616], [79.99208532444415, 14.446443835886326], [79.99208659539325, 14.446444041115818], [79.99208784925324, 14.44644433306031], [79.99208907954255, 14.446444708979943], [79.99209027977564, 14.446445167038911], [79.9920914443945, 14.446445705405344], [79.99209256784938, 14.44644632043933], [79.99209364457823, 14.446447011213044], [79.99209466996714, 14.446447772282509], [79.99209563846222, 14.446448600911818], [79.99209654544136, 14.446449493465055], [79.9920973872142, 14.446450445406192], [79.99209815823907, 14.446451451287302], [79.99209885667692, 14.446452507484349], [79.99209947791377, 14.446453608553309], [79.99210001826741, 14.446454748150174], [79.99210047682644, 14.44645592265485], [79.99210085084039, 14.446457124823263], [79.99210991214296, 14.44649038714829], [79.99212600561988, 14.446548112207761], [79.99219134553137, 14.446782470915432], [79.99223490067219, 14.44693869224589], [79.99223819592112, 14.446952068993575], [79.99228016588638, 14.447122458927522], [79.99230259946253, 14.447213532296377], [79.99230273470783, 14.447213988512262], [79.99229826473568, 14.447217559350108], [79.99220822281252, 14.447289494972006], [79.99214402169204, 14.447344393201574], [79.99213202340543, 14.44731768889762], [79.99211943639573, 14.447264127488475], [79.99211641907627, 14.447249806299801], [79.99210667316704, 14.447203554474378], [79.99208069224036, 14.447206791919138], [79.99209834348714, 14.447299296738803], [79.99212268040557, 14.447363029163645], [79.99214271896642, 14.447415505951694], [79.99214523397676, 14.447413443739086], [79.99216214729185, 14.447386374911536], [79.99218917459439, 14.447342167105338], [79.99221528815232, 14.447314220922804], [79.99231097306325, 14.447241923404482], [79.99231512695827, 14.447256009880581], [79.99234830426907, 14.447368508895922], [79.99235974077146, 14.447407285182285], [79.99227336382862, 14.447438501238667], [79.992228651903, 14.447454659629107], [79.99221280388586, 14.447467450047858], [79.99219026228836, 14.447485642421205], [79.9921807031786, 14.447493690910195], [79.99214043852044, 14.447527589347441], [79.99212118433817, 14.44754379964828], [79.99208731252014, 14.447566974544642], [79.99209188878667, 14.447572967128936], [79.99212590205299, 14.447549695200342], [79.99219521094909, 14.447491343686503], [79.99223253633316, 14.447461219702848], [79.99236186341383, 14.447414482302662], [79.99237781108394, 14.447468559816798], [79.99237979517312, 14.447477477641847], [79.99240501168829, 14.447590853883844], [79.99240714943578, 14.447600465766508], [79.99243498212141, 14.447688907039105], [79.99245246045356, 14.447744444795012], [79.99246741523574, 14.447798379740249], [79.9924956451409, 14.44790018716869], [79.99252836827793, 14.4480181970743], [79.9925562549901, 14.448118766299197], [79.99257016822114, 14.448168944104822], [79.99258703364355, 14.448224428605908], [79.99262252245089, 14.448341181049898], [79.9926824438182, 14.448541701670742]]}}, {"type": "Feature", "id": "w16-road-70", "properties": {"wardId": "ward-16", "segmentId": "w16-road-70", "lengthMeters": 351.5}, "geometry": {"type": "LineString", "coordinates": [[79.99102606608425, 14.446474784738744], [79.99102478649618, 14.446474849775269], [79.99102350544405, 14.446474828017461], [79.99102222849395, 14.446474719489114], [79.99102096212738, 14.446474526930146], [79.99101971284627, 14.4464742485603], [79.99101848620445, 14.446473887115467], [79.99101728776395, 14.446473443523525], [79.99101612400628, 14.446472920524327], [79.99101500048529, 14.446472320853815], [79.99101392089949, 14.446471647239937], [79.99101289265808, 14.44647090242654], [79.99101191945545, 14.446470090045631], [79.99101100591372, 14.446469213733156], [79.99101015664684, 14.44646827893311], [79.99100937535327, 14.446467288373483], [79.9910086666429, 14.446466248402293], [79.99100803235477, 14.446465162643614], [79.99100747709876, 14.446464037445457], [79.9910070036375, 14.446462877339867], [79.99100661287426, 14.446461687754963], [79.99096682208246, 14.446324452793657], [79.9909617110899, 14.4463068273948], [79.99096162805293, 14.446306520568866], [79.99094141255567, 14.446226087236749], [79.99089108071071, 14.446025834245269], [79.9908907398738, 14.446024476722119], [79.99085967435947, 14.445915388500387], [79.99082899061173, 14.445807638989006], [79.99082000713257, 14.445776092831865], [79.9908026015097, 14.445705166680789], [79.99076463203663, 14.445550439942705], [79.9907242548164, 14.44538799140617], [79.99072399594094, 14.44538676803213], [79.9907238252639, 14.445385529667082], [79.990723741825, 14.445384283539267], [79.9907237474592, 14.445383034176752], [79.9907238412103, 14.445381787903733], [79.99072402304567, 14.445380551952406], [79.99072429201726, 14.44537933083895], [79.99072464717291, 14.445378129983508], [79.99072508662468, 14.445376956610366], [79.99072560756913, 14.445375815227708], [79.99072620905011, 14.445374712159733], [79.99072688640878, 14.445373651906714], [79.99072763776945, 14.445372638980814], [79.99072845939287, 14.44537167969433], [79.99072934569261, 14.445370778543548], [79.9907302948011, 14.445369938232595], [79.99073130112781, 14.445369164161765], [79.99073236001809, 14.445368459927325], [79.9907334658936, 14.445367828217474], [79.99073461409974, 14.44536727262849], [79.99073579813047, 14.445366795844599], [79.99073701426701, 14.445366399657992], [79.9907382550757, 14.445366086748932], [79.9907395149905, 14.445365857093593], [79.99074078843311, 14.445365713380216], [79.9909561130249, 14.445348710072363], [79.99102100040545, 14.445343586235316], [79.9911774641755, 14.445331231524177], [79.99117871125577, 14.445331173579582], [79.9911799598165, 14.445331198813244], [79.99118120430387, 14.445331304489267], [79.99118243728832, 14.445331492383893], [79.99118365599496, 14.44533176067718], [79.99118485208288, 14.44533210752536], [79.99118602277315, 14.445332532012454], [79.99118716064842, 14.445333033202694], [79.99118826108663, 14.445333607460132], [79.99118932038932, 14.445334252056785], [79.9911903320709, 14.445334965156826], [79.99119129244103, 14.44533574222423], [79.99119219779719, 14.445336581435068], [79.99119304167009, 14.4453374773374], [79.99119382314426, 14.445338427215185], [79.99119453667814, 14.445339425620418], [79.99119517950498, 14.44534046892512], [79.99119574886622, 14.445341551693206], [79.99119624292688, 14.445342669396624], [79.99119665800066, 14.445343816595315], [79.99119699318034, 14.445344988765207], [79.99125013255671, 14.445558377713139], [79.99127749227728, 14.44566824739845], [79.9912809858306, 14.445682275011732], [79.99130644794865, 14.445779081293416], [79.99130760626701, 14.445783486226453], [79.99133419776882, 14.445880624603243], [79.99134518721812, 14.445920767735291], [79.9913641869716, 14.445989393562918], [79.99137601459566, 14.446032111378303], [79.99138882367934, 14.446094394162511], [79.99140015394758, 14.44614948890283], [79.99141070171443, 14.446200774274496], [79.99141431657485, 14.446218353484511], [79.99145237658144, 14.446346935620609], [79.99147242804024, 14.44640699652313], [79.99147637133231, 14.446418807538487], [79.99147642795826, 14.446420034566554], [79.99147639830187, 14.44642126303345], [79.99147628424294, 14.44642248752296], [79.99147608488639, 14.446423700798901], [79.99147580118027, 14.446424898345118], [79.99147543408075, 14.446426073837424], [79.99147498639128, 14.446427222767579], [79.99147445999571, 14.446428338815368], [79.9914738567657, 14.446429418372608], [79.9914731795128, 14.446430455123057], [79.9914724319681, 14.446431444562455], [79.99147161693503, 14.446432382182593], [79.99147073814466, 14.446433263479218], [79.99146980025168, 14.446434084856099], [79.99146880791078, 14.446434842716965], [79.9914677639254, 14.446435532553604], [79.99146667480149, 14.44643615168172], [79.9914655451897, 14.446436697409135], [79.9914643797406, 14.44643716704358], [79.99146318495615, 14.446437558804815], [79.99146196455928, 14.446437869996641], [79.99146072597547, 14.446438099746794], [79.99145947384721, 14.446438247171098], [79.9913348599228, 14.446448753075888], [79.99123798355814, 14.446456919562168], [79.99110920360442, 14.446467776361764], [79.99102606608425, 14.446474784738744]]}}, {"type": "Feature", "id": "w16-road-71", "properties": {"wardId": "ward-16", "segmentId": "w16-road-71", "lengthMeters": 336.4}, "geometry": {"type": "LineString", "coordinates": [[79.99032666513979, 14.445367429103037], [79.99034179026677, 14.445469623567021], [79.99034464854114, 14.445488941636826], [79.99035820376304, 14.445584407818998], [79.9903733917891, 14.44569137770196], [79.99037352086162, 14.445692584247393], [79.99037356641065, 14.445693797667348], [79.99037352846884, 14.445695010729603], [79.99037340705655, 14.445696218914032], [79.99037320313005, 14.445697415896454], [79.99037291763734, 14.445698597160694], [79.99037255060294, 14.445699757282622], [79.99037210483841, 14.445700889945993], [79.99037158221542, 14.445701991542625], [79.99037098461379, 14.44570305665635], [79.99037031483694, 14.445704080778954], [79.99036957662412, 14.445705057598136], [79.99036877277058, 14.445705984413781], [79.99036790607977, 14.445706856717687], [79.99036698213403, 14.445707670917557], [79.99036600373681, 14.445708422505227], [79.99036497647046, 14.44570910788844], [79.99036390405386, 14.445709725275044], [79.99036279114576, 14.445710270164764], [79.990361644244, 14.445710741681415], [79.99036046614383, 14.445711137124858], [79.99012764611724, 14.445780907065943], [79.98990946066098, 14.445846289799716], [79.98987869479106, 14.44563290160426], [79.98986591605849, 14.445555565685845], [79.98984581832795, 14.445433931063507], [79.98983508857667, 14.445368995632975], [79.9898276926931, 14.445318505718435], [79.9898114204481, 14.445207430431367], [79.98980447541469, 14.445160027040725], [79.98979546709872, 14.445097025501335], [79.98978057373758, 14.444992869333605], [79.98976285567906, 14.444868958582132], [79.98976272217979, 14.444867705911378], [79.98976267776563, 14.44486644729419], [79.98976272426339, 14.444865189066714], [79.98976285979323, 14.444863936645113], [79.98976308525425, 14.444862696361582], [79.9897633978308, 14.444861475436364], [79.98976379750654, 14.444860277485558], [79.98976428146581, 14.444859109729435], [79.98976484782881, 14.44485797758418], [79.98976549378389, 14.444856887366052], [79.98976621653179, 14.44485584267921], [79.98976701140553, 14.444854849831954], [79.98976787466998, 14.444853914232507], [79.98976880352983, 14.444853038581025], [79.98976979332635, 14.444852227377751], [79.98977083754131, 14.444851486019003], [79.989803549665, 14.444829926512995], [79.98990808082202, 14.44476231373053], [79.98992419439425, 14.444752125528174], [79.98996758381827, 14.444724689377656], [79.99001290571113, 14.444700314450929], [79.99005271115975, 14.444679521195983], [79.9900715496339, 14.44466968005947], [79.9900720674893, 14.44466942914676], [79.99007260004059, 14.44466921084252], [79.99007314543242, 14.444669025138843], [79.99007370273307, 14.444668872935768], [79.99007426823182, 14.444668754217389], [79.99007483913752, 14.444668670779825], [79.9901397602552, 14.444661166975568], [79.99021694068661, 14.444652246611044], [79.99021818146913, 14.444652144346264], [79.99021942559528, 14.444652123459615], [79.99022066935844, 14.444652183031192], [79.99022190532905, 14.44465232483721], [79.99022312980459, 14.444652547053755], [79.99022433537188, 14.444652847840963], [79.99022551831611, 14.444653228086965], [79.99022667123634, 14.444653683239826], [79.99022779134545, 14.44465421419167], [79.99022887217012, 14.44465481639455], [79.99022990908018, 14.444655488020517], [79.99023089745359, 14.444656225433622], [79.99023183266418, 14.444657025901904], [79.99023271008586, 14.444657886693436], [79.99023352696418, 14.4446588014681], [79.99023427959658, 14.444659768401946], [79.99023496336511, 14.444660782954989], [79.99023557551529, 14.44466183878713], [79.9902361142081, 14.44466293227432], [79.99023657575326, 14.444664058880539], [79.99023695924755, 14.444665213177657], [79.99023726286008, 14.444666389733586], [79.99023748382825, 14.444667584016248], [79.99023762310829, 14.444668789701488], [79.99024325265825, 14.444738834615066], [79.99025457332793, 14.4448292945875], [79.99026692820073, 14.444928019225328], [79.99028022864876, 14.445034296667302], [79.9902946967147, 14.445149906115837], [79.99029592881159, 14.445159749183494], [79.99031023377401, 14.445256405588358], [79.99032666513979, 14.445367429103037]]}}, {"type": "Feature", "id": "w16-road-72", "properties": {"wardId": "ward-16", "segmentId": "w16-road-72", "lengthMeters": 345.5}, "geometry": {"type": "LineString", "coordinates": [[79.99176984276512, 14.447535026278906], [79.99168650181521, 14.447539535221674], [79.99168501575885, 14.447539508069626], [79.99168353207003, 14.447539573140027], [79.99168205538312, 14.447539731356777], [79.99164764093909, 14.447539204391003], [79.99164643112896, 14.447539223622977], [79.9916452256069, 14.447539320620955], [79.99161665741211, 14.447542527954981], [79.99158321233634, 14.4475492239074], [79.99157371615912, 14.44755112515066], [79.99157236066058, 14.447551358920872], [79.99157101878396, 14.447551657840435], [79.99156969331233, 14.447552021921249], [79.99154162457407, 14.447558238228783], [79.99151675482283, 14.447565217675395], [79.991515639134, 14.44756555462844], [79.99151453993566, 14.447565937758206], [79.991490965032, 14.447573378381202], [79.99144984644614, 14.44758635530392], [79.99131950265769, 14.447621498009035], [79.99131826658125, 14.447621787435548], [79.99131701418139, 14.447621993620265], [79.99131575010065, 14.447622115679039], [79.99131447990915, 14.447622152731649], [79.99131321009665, 14.447622105709934], [79.99131194716101, 14.44762197373767], [79.99131069573657, 14.447621757738728], [79.99130946324071, 14.447621458648898], [79.99130825430375, 14.447621078296114], [79.99130707448363, 14.447620618512223], [79.99130593026598, 14.447620081133076], [79.99130482628108, 14.447619467986607], [79.99130376807871, 14.447618782712711], [79.99130276028104, 14.447618028947364], [79.99130180751017, 14.447617210326525], [79.99130091439636, 14.447616328678096], [79.9913000864772, 14.447615390354065], [79.99129932466408, 14.447614398974533], [79.9912986354304, 14.44761335908739], [79.99129802060709, 14.447612276124765], [79.9912974829609, 14.447611153714638], [79.99129702616996, 14.447609999105126], [79.99129665114565, 14.44760881591628], [79.9912963597148, 14.447607610484214], [79.99129615370428, 14.447606389145061], [79.99129603402139, 14.447605156422913], [79.99129602067403, 14.447604824582204], [79.99129601846296, 14.447604491885144], [79.99129631530656, 14.447583093567903], [79.99129463934577, 14.447545344430635], [79.99129312489714, 14.447533299718726], [79.99128780591755, 14.447491008445823], [79.99127292457847, 14.447413440280222], [79.99126825115998, 14.44738908073975], [79.99122941736292, 14.447260100201422], [79.99120412290532, 14.447176088641125], [79.99117160884273, 14.447066000707908], [79.99116224287692, 14.447034290195925], [79.99113562600613, 14.44693845170954], [79.99111461880672, 14.446862810944728], [79.9911088135158, 14.446838474581043], [79.99109609396312, 14.446785152135366], [79.9910832041593, 14.446731114766665], [79.99107611326491, 14.446701388421335], [79.99105128907415, 14.446615771474107], [79.99103229480167, 14.446550263693165], [79.99103199401902, 14.446549075397604], [79.99103177680502, 14.44654787028305], [79.99103164406286, 14.44654665377763], [79.9910315957681, 14.446545431305495], [79.99103163282399, 14.446544208294746], [79.99103175427834, 14.44654299016558], [79.99103196010266, 14.44654178324617], [79.99103224842119, 14.44654059204869], [79.99103262013307, 14.446539422905293], [79.99103307150313, 14.446538281224242], [79.99103360065565, 14.44653717151769], [79.9910342057067, 14.446536100105913], [79.99103488478465, 14.446535070597038], [79.99103563230304, 14.44653408748735], [79.99103644730971, 14.446533156197054], [79.9910373251459, 14.446532281226386], [79.99103826115689, 14.446531466171615], [79.99103925161975, 14.446530713728887], [79.99104029187161, 14.446530029302535], [79.99104137819361, 14.446529414684699], [79.99104250407571, 14.44652887346366], [79.99104366487539, 14.446528406523605], [79.99104485593391, 14.446528018364793], [79.99104607075749, 14.446527708959419], [79.99104730376783, 14.44652748099573], [79.99104855033063, 14.446527333549822], [79.99127849058789, 14.44650794987021], [79.99148359155934, 14.446490659194962], [79.99148483867465, 14.44649059492101], [79.99148608727458, 14.446490612921263], [79.99148733179713, 14.446490712267902], [79.99148856667215, 14.446490893841103], [79.99148978634575, 14.446491154904994], [79.99149098432015, 14.446491496335797], [79.99149215690089, 14.446491914501536], [79.99149329852192, 14.446492409378376], [79.99149440270166, 14.446492978226471], [79.99149546481807, 14.446493617409859], [79.99149648116854, 14.44649432510462], [79.99149744527561, 14.446495097666858], [79.99149835530022, 14.446495931472509], [79.99149920476086, 14.446496823781748], [79.9914999908989, 14.446497769158485], [79.99150071001992, 14.446498763970753], [79.99150135843358, 14.446499803682553], [79.99150193430489, 14.446500883765792], [79.99150243394757, 14.44650199878047], [79.99150285552665, 14.4465031441985], [79.99150319721117, 14.446504314587806], [79.99152012428476, 14.446570740135979], [79.99152770608224, 14.446597357762043], [79.99155007067903, 14.446675869218398], [79.9915612025379, 14.446716952252107], [79.99157732135188, 14.446776436715622], [79.99158749834724, 14.446814491639767], [79.9916072730056, 14.446888438346223], [79.99161769769287, 14.446924231510808], [79.9916475374681, 14.447026687777432], [79.99167963109953, 14.447131721166318], [79.9917028559085, 14.447207731190248], [79.99171090145195, 14.447243851379083], [79.99172383362814, 14.447301906468471], [79.99173410243418, 14.447348007759063], [79.9917342078703, 14.447348490968933], [79.99175620139239, 14.447449472607389], [79.99176074679731, 14.447470341989423], [79.99177816170484, 14.447523237901505], [79.99177833253418, 14.447523826260106], [79.99177846250062, 14.447524424388314], [79.99177855161636, 14.447525029574075], [79.99177859803828, 14.44752563909738], [79.99177860177858, 14.447526250246131], [79.99177856284946, 14.447526860308283], [79.99177848219087, 14.4475274665757], [79.99177835981907, 14.447528065432293], [79.99177819573814, 14.447528655974061], [79.99177799089613, 14.447529233684804], [79.99177774715656, 14.447529796764444], [79.99177746453164, 14.447530342500905], [79.99177714488896, 14.447530868190022], [79.99177679009205, 14.447531372031708], [79.99177640015718, 14.44753185040984], [79.99177597879509, 14.447532303340328], [79.99177552602617, 14.447532726303027], [79.99177504556113, 14.447533119313812], [79.99177453926757, 14.447533479668543], [79.99177400808132, 14.447533805563152], [79.99177345664488, 14.447534096113465], [79.99177288589406, 14.447534349515383], [79.99177229861601, 14.447534564876797], [79.99177169760192, 14.447534740401558], [79.99177108656251, 14.447534876105564], [79.99177046735319, 14.447534971996724], [79.99176984276512, 14.447535026278906]]}}, {"type": "Feature", "id": "w16-road-73", "properties": {"wardId": "ward-16", "segmentId": "w16-road-73", "lengthMeters": 396.7}, "geometry": {"type": "LineString", "coordinates": [[79.99168485439536, 14.44754855413255], [79.99168565780246, 14.44754855033812], [79.99168646007823, 14.447548591740972], [79.99177760026622, 14.44754366143631], [79.99177824229702, 14.447543647910638], [79.99177888412824, 14.447543678682202], [79.99177952205726, 14.447543751927062], [79.99178015329699, 14.447543868537355], [79.99178077414481, 14.447544026689142], [79.99178138274131, 14.447544227278488], [79.99178197631565, 14.447544467581436], [79.99178255022939, 14.447544747578128], [79.99178310356301, 14.447545065456532], [79.99178363260984, 14.447545420296787], [79.99178413552265, 14.447545810282863], [79.99178460953063, 14.447546232690797], [79.99178505185884, 14.447546685700638], [79.9917854615837, 14.447547168404364], [79.99178583593844, 14.44754767717401], [79.9917861730799, 14.447548209289506], [79.99178647208448, 14.447548763842903], [79.99178673018949, 14.447549336302158], [79.9917869483267, 14.447549925767195], [79.99178879148197, 14.447555526964726], [79.99179647440984, 14.447578860630122], [79.99181086525881, 14.447616673212151], [79.99183062426842, 14.447668589224179], [79.99183418073197, 14.447677932351677], [79.99183441684065, 14.447678651171657], [79.9918551972706, 14.447741890164844], [79.99187253638371, 14.447802763922533], [79.99187895109948, 14.447825286657935], [79.99188750249864, 14.447856211665686], [79.99190162308564, 14.44790727635065], [79.99192733391031, 14.448000254119014], [79.99193531023812, 14.448029099175331], [79.9919421824303, 14.448055922588813], [79.99196524504474, 14.448145938229437], [79.99199013921742, 14.448243105447874], [79.99199060965384, 14.448244732928911], [79.99202172502677, 14.448352405516315], [79.99203652042667, 14.448403605975953], [79.99205524499398, 14.448462147795839], [79.99208095056068, 14.448542519559322], [79.99211667437876, 14.448654211334736], [79.9921481507007, 14.448752623537176], [79.99214849311132, 14.448753840035018], [79.9921487463701, 14.44875507694449], [79.99214891143325, 14.448756327941377], [79.9921489864739, 14.448757586689576], [79.99214897151644, 14.448758847764928], [79.99214886566172, 14.4487601048353], [79.9921486707936, 14.448761351580451], [79.9921483869406, 14.448762581672195], [79.99214801505077, 14.448763790594375], [79.9921475588715, 14.448764970226646], [79.99214701842317, 14.448766116048887], [79.99214639836457, 14.448767223560797], [79.99214569966003, 14.448768284630122], [79.99214492696024, 14.448769296564642], [79.99214408400036, 14.44877025395606], [79.99214317451967, 14.448771150492078], [79.99214220316476, 14.448771984384477], [79.99214117460258, 14.448772749324942], [79.99214009348381, 14.44877344262122], [79.99213896538676, 14.448774061585063], [79.99213779589797, 14.448774601720134], [79.99202797528987, 14.448820835668572], [79.99195731880937, 14.4488505819499], [79.99192794098755, 14.448862136487922], [79.99176728715447, 14.448925324195688], [79.99172816307714, 14.448941143859344], [79.99172696714801, 14.448941580818259], [79.99172574189537, 14.448941937191933], [79.99172449568064, 14.448942210303981], [79.99172323221866, 14.448942399266272], [79.99172195893505, 14.448942503206538], [79.99172068047638, 14.44894252033658], [79.99171940425197, 14.448942453400234], [79.99171813676784, 14.448942299713206], [79.99171688172258, 14.44894206200345], [79.99171564746537, 14.448941740306715], [79.9917144386265, 14.44894133645089], [79.99171326075992, 14.448940853171871], [79.99171212035539, 14.44894029140147], [79.99171102203503, 14.448939654775634], [79.99170997135278, 14.448938946030273], [79.99170897293487, 14.448938167897303], [79.99170803232707, 14.44893732492066], [79.99170715322384, 14.448936420732341], [79.99170634024325, 14.44893545987233], [79.99170559707572, 14.448934446876597], [79.99170492647985, 14.448933387181226], [79.99170433308188, 14.448932283518145], [79.9917038196282, 14.448931144035479], [79.99170338703429, 14.448929971449287], [79.99167072383638, 14.448830850774863], [79.99163438066931, 14.448720565696688], [79.99163101185952, 14.448710341024174], [79.99158799784064, 14.448563360334752], [79.9915843615648, 14.448550935885864], [79.9915722757867, 14.448507213487332], [79.99154584043048, 14.448411581936147], [79.99154315376524, 14.44840047331662], [79.99151965579975, 14.448303344584254], [79.99151442907728, 14.448281739104843], [79.99149290083032, 14.448206594263977], [79.99147535929261, 14.44814536794579], [79.99147391969757, 14.448141000683387], [79.99145876780625, 14.448095033979905], [79.99143667418303, 14.448028013152292], [79.9914255506976, 14.448002767165436], [79.9914229919673, 14.447997443155794], [79.99142008363665, 14.447992293033915], [79.99141901946142, 14.447990668434803], [79.99141683766786, 14.447987338548034], [79.9914132678865, 14.447982599646233], [79.99140938997367, 14.44797809628455], [79.99139770898783, 14.44796539511489], [79.99139540079308, 14.447962734582298], [79.99139422778006, 14.447961381633975], [79.99139099234536, 14.447957177548087], [79.99138801189537, 14.447952797361298], [79.99138529934841, 14.447948256497662], [79.99138169095905, 14.447941792517266], [79.99135897312232, 14.447901093822715], [79.99133588904135, 14.44786323405976], [79.99130804210402, 14.447817561964499], [79.99127362220318, 14.447755059195933], [79.99127276276722, 14.447753497851656], [79.9912722147248, 14.447752417886973], [79.9912717419797, 14.447751303891007], [79.99127134543113, 14.44775016219593], [79.99127102876942, 14.447748997337754], [79.99127079197419, 14.44774781383659], [79.99127063687229, 14.447746618028548], [79.99127056343927, 14.447745415337799], [79.9912705735142, 14.447744209388366], [79.99127066520909, 14.447743007404528], [79.9912708384995, 14.447741814810424], [79.99127827884529, 14.44770061871265], [79.99127854693876, 14.447699386746486], [79.99127890214086, 14.447698175946226], [79.99127934349536, 14.447696992636038], [79.99127986819887, 14.447695841324153], [79.9912804734357, 14.44769472923084], [79.99128115733419, 14.447693659964267], [79.9912819152233, 14.44769264073677], [79.99128274523136, 14.447691675156504], [79.99128364084422, 14.447690767715793], [79.99128460018612, 14.447689922926836], [79.99128561673882, 14.44768914618596], [79.99128668677936, 14.447688440189356], [79.99128780380171, 14.44768780762132], [79.99128896407476, 14.447687252986071], [79.9913986098051, 14.447639378671973], [79.99146422085425, 14.447610718393646], [79.9914658112841, 14.447610023663913], [79.99151834937108, 14.44758707520636], [79.99153887214612, 14.447578808784028], [79.99154692529942, 14.447575566095738], [79.99157515846805, 14.447569299865027], [79.99157559967215, 14.447569178803434], [79.99157604727225, 14.44756907946624], [79.99157649941708, 14.44756900094147], [79.99161938404399, 14.447560412543604], [79.99164833650195, 14.447557162555691], [79.99164956279981, 14.447556984282778], [79.99165077554088, 14.447556726396117], [79.99168325439564, 14.447548696452897], [79.99168405263993, 14.447548603136168], [79.99168485439536, 14.44754855413255]]}}, {"type": "Feature", "id": "w16-road-74", "properties": {"wardId": "ward-16", "segmentId": "w16-road-74", "lengthMeters": 407.3}, "geometry": {"type": "LineString", "coordinates": [[79.99202382041864, 14.444039331649318], [79.99199232699314, 14.443870070427794], [79.99199228105812, 14.443869764664848], [79.99199225740342, 14.443869455381023], [79.99199225415747, 14.443869146184488], [79.99199227410321, 14.443868837087118], [79.99199231444956, 14.443868529885101], [79.99199237704366, 14.443868226394418], [79.99199246002614, 14.443867927511143], [79.99199256431649, 14.443867635047283], [79.991992688983, 14.443867349902918], [79.99199283401343, 14.443867074790113], [79.99199299662888, 14.443866808792972], [79.99199317867244, 14.443866554631457], [79.99199337735705, 14.443866313197708], [79.99199359360223, 14.443866086303753], [79.99199382462905, 14.443865873033678], [79.99199406949354, 14.443865676999579], [79.99199432819978, 14.44386549729746], [79.99199459888838, 14.44386533482339], [79.9919948806235, 14.443865191381484], [79.99199517155388, 14.443865066059743], [79.99199546981198, 14.44386496156233], [79.99199577632953, 14.443864876989183], [79.99220825931876, 14.44381357174854], [79.99228999109553, 14.44379383699613], [79.99242627818073, 14.443760929391333], [79.99242659110216, 14.443760864733946], [79.99242690856427, 14.443760821792978], [79.99242722778811, 14.443760799652548], [79.99242754784197, 14.44376079921269], [79.99242786779816, 14.443760820469448], [79.99242818487772, 14.44376086250689], [79.99242849814489, 14.4437609271291], [79.99242880575652, 14.443761011616106], [79.99242910770853, 14.443761116871878], [79.992429401222, 14.443761241980535], [79.99242968444564, 14.443761386030095], [79.99242995737542, 14.443761549924593], [79.99243021816818, 14.443761730944042], [79.99243046496858, 14.44376192908048], [79.99243069777663, 14.443762144333906], [79.99243091382152, 14.443762373980361], [79.99243111403503, 14.443762617119795], [79.99243129656178, 14.443762873744243], [79.99243145955457, 14.443763142037747], [79.99243160394924, 14.44376342019623], [79.99243172881809, 14.443763708215709], [79.99243183231802, 14.443764003376184], [79.99243191445308, 14.443764304773627], [79.99243197523138, 14.443764610599969], [79.99244030574098, 14.44381595155543], [79.99244498414392, 14.44384478611704], [79.99244579202174, 14.443849762711062], [79.99245933698256, 14.443911014379363], [79.99251624989257, 14.444168379244081], [79.99252886637498, 14.44421909664765], [79.99255168195421, 14.444310809890274], [79.9925795273564, 14.444422749087451], [79.99258613084665, 14.444449292894252], [79.99263543257814, 14.444628272702108], [79.99266639668829, 14.444740681763223], [79.99269071580436, 14.44482896786641], [79.99269410859033, 14.444842317001381], [79.99272721347198, 14.44497254033219], [79.99274516287545, 14.445043148671708], [79.99277404547293, 14.445156765667045], [79.99277411180987, 14.445157073325165], [79.99277415586637, 14.445157384504233], [79.99277417857414, 14.445157698304195], [79.99277417808598, 14.445158012909047], [79.99277415533362, 14.44515832741876], [79.99277411033334, 14.445158638217217], [79.99277404308108, 14.445158946208434], [79.99277395451672, 14.445159248684305], [79.99277384371665, 14.445159544736844], [79.99277371254841, 14.445159831661902], [79.99277356101203, 14.445160109459481], [79.9927733900433, 14.445160376325497], [79.99277320057395, 14.445160631359876], [79.99277299353983, 14.445160872758544], [79.99277276987672, 14.445161098717415], [79.99277253050825, 14.44516131014448], [79.99277227637428, 14.445161504331617], [79.99277200933423, 14.445161680382723], [79.99277172938811, 14.445161838297814], [79.99277144025068, 14.445161977188743], [79.99277114099833, 14.445162096147474], [79.99277083442223, 14.44516219337788], [79.99277052144193, 14.445162270691965], [79.99277020392088, 14.445162326289603], [79.99276988278679, 14.445162360174784], [79.9926518747451, 14.445170809430056], [79.99264559183257, 14.44517114419136], [79.99254439432266, 14.44517654177913], [79.99239625079974, 14.445184441698009], [79.99237695294457, 14.445185471161828], [79.99232359239863, 14.445189107791197], [79.99232327136623, 14.445189119075119], [79.99232295135918, 14.4451891086664], [79.99232263145392, 14.445189075657048], [79.99232231534887, 14.445189022774999], [79.99232200398397, 14.445188947312134], [79.99232169827467, 14.44518885198453], [79.99232140008037, 14.445188735896053], [79.99232111125237, 14.445188599958689], [79.99232083271427, 14.44518844508043], [79.99232056538968, 14.445188272169263], [79.99232031113394, 14.44518808123311], [79.99232007087063, 14.445187873179972], [79.99231984644702, 14.445187649825831], [79.99231963785898, 14.445187412074713], [79.99231944695782, 14.445187160838593], [79.99231927466715, 14.445186897025433], [79.9923191209788, 14.445186622443313], [79.99231898774407, 14.445186338004165], [79.99231887402715, 14.445186045512099], [79.99231878260697, 14.445185745883025], [79.99229243520818, 14.445087879976175], [79.99228347605425, 14.445054598203978], [79.9922647468363, 14.444985999807011], [79.99223248774351, 14.444867845400026], [79.99220424155408, 14.444764388901339], [79.99219050908016, 14.444714090709082], [79.99218574327405, 14.444696636767013], [79.99217638583717, 14.444656836043519], [79.99215272462885, 14.444556198967323], [79.99212947759116, 14.444457326543944], [79.99212789549047, 14.44445123285767], [79.99210060950078, 14.444346138713533], [79.99207254752854, 14.444238056098802], [79.99205106657185, 14.44415531753848], [79.99203107470274, 14.44407831697678], [79.99202382041864, 14.444039331649318]]}}, {"type": "Feature", "id": "w16-road-75", "properties": {"wardId": "ward-16", "segmentId": "w16-road-75", "lengthMeters": 703.0}, "geometry": {"type": "LineString", "coordinates": [[79.99251781502876, 14.443819839396138], [79.99250263432752, 14.443726278377618], [79.99248146457016, 14.44359580951444], [79.99247777726131, 14.443573085096105], [79.99245823801621, 14.443456097057839], [79.99243630223471, 14.44332475884307], [79.99261242358969, 14.443298492532103], [79.99280147345256, 14.44327029786368], [79.99281896471763, 14.443390545249464], [79.99283207553482, 14.44348067651272], [79.99283670254701, 14.443512489672353], [79.99284883153172, 14.44359857566644], [79.99285863396148, 14.44366815112378], [79.99287292546562, 14.44375484031364], [79.99288308856514, 14.443816421954093], [79.99289011769626, 14.443856822033798], [79.99289335237104, 14.44387541574912], [79.99291592281297, 14.444005144737977], [79.99293146775202, 14.444094493550928], [79.99295219978347, 14.444213655458121], [79.99296464120155, 14.444285160566622], [79.99299097855669, 14.444439331079964], [79.99302093057578, 14.44461466079405], [79.99297536454027, 14.44456099647354], [79.9929640758797, 14.44454482553446], [79.99295212848784, 14.444518774205854], [79.99293483122234, 14.444465070653072], [79.9929292391308, 14.444447334746485], [79.99291957506352, 14.444416687074002], [79.99291318787648, 14.444382884732743], [79.99290059090043, 14.444326986357257], [79.99287745591361, 14.444223345638992], [79.99287289003186, 14.44420289023484], [79.99285983019244, 14.444145334576824], [79.99285155688212, 14.444110946490778], [79.99284975362976, 14.444111320291126], [79.99284943796964, 14.444111374992893], [79.99284911962415, 14.444111407986158], [79.99284879951686, 14.444111420178878], [79.9928484795113, 14.444111409770969], [79.99284816052696, 14.44411137857443], [79.99284784442325, 14.444111325693177], [79.99284753305554, 14.44411125113511], [79.992847228271, 14.444111156716245], [79.99284693007372, 14.444111041532526], [79.99284664124264, 14.4441109064999], [79.99284636270136, 14.444110752526337], [79.99284609537347, 14.444110580519816], [79.99284584111433, 14.444110390488294], [79.99284560084347, 14.44411018424378], [79.99284537548856, 14.44410996179021], [79.9928451668968, 14.444109724943592], [79.99284497506412, 14.444109474607954], [79.99284480183773, 14.444109212599269], [79.9928446481453, 14.444108938921477], [79.99284451305103, 14.44410865537872], [79.99284439932977, 14.44410836379088], [79.99284430604982, 14.444108065058057], [79.99284370550338, 14.444105871091377], [79.99283732949121, 14.444082577392633], [79.99282303641122, 14.444036027707316], [79.99281831804878, 14.4440197727388], [79.9927972302032, 14.443947127742108], [79.99278605469677, 14.443893657367656], [79.99278578316132, 14.443892358905467], [79.9927826333883, 14.44387221692632], [79.9927752300834, 14.443824882139355], [79.99274713089143, 14.443828906188253], [79.99275395104635, 14.443872447831053], [79.99275793059569, 14.443897854887128], [79.99276739137035, 14.443942952824145], [79.99276972000285, 14.443954054479883], [79.99278896344457, 14.444020342502084], [79.99279576190641, 14.444043762765117], [79.99280999372206, 14.44409011330047], [79.99281451150094, 14.444106619639944], [79.99281636515417, 14.444113393419569], [79.99281643708548, 14.444113694773286], [79.99281648672829, 14.444114001456025], [79.99281651502653, 14.444114309855632], [79.99281652198431, 14.444114619068086], [79.99281650667392, 14.444114929089432], [79.99281647003932, 14.44411523630751], [79.99281641115283, 14.444115540718377], [79.99281633187387, 14.444115841425907], [79.99281623129103, 14.444116134810063], [79.99281611032794, 14.444116421778824], [79.99281596900084, 14.444116698716089], [79.992815809161, 14.444116966533809], [79.99281563081658, 14.444117223423934], [79.99281543397979, 14.444117466674372], [79.99281522142954, 14.444117697201078], [79.99281499317806, 14.444117912291937], [79.992814750153, 14.444118111950951], [79.99281449328612, 14.444118295278011], [79.99281423734689, 14.444118478609061], [79.99281399339418, 14.4441186782641], [79.99281376514269, 14.444118893354963], [79.99281355259242, 14.444119123881654], [79.9928133566833, 14.44411936713608], [79.99281317833886, 14.444119624026193], [79.99281301757543, 14.444119890935923], [79.99281287717193, 14.44412016878117], [79.99281275620882, 14.444120455749928], [79.99281265562598, 14.444120749134086], [79.9928125754234, 14.444121048933631], [79.99281251746052, 14.444121354252482], [79.99281247989825, 14.44412166146659], [79.99281246459192, 14.444121970583899], [79.99281247154562, 14.444122280700379], [79.99281249984386, 14.444122589099981], [79.99281254949074, 14.4441228948787], [79.99281256306814, 14.444122969972302], [79.99281261770321, 14.44412319802463], [79.99282033343553, 14.444155531551191], [79.99282061089133, 14.444156751386894], [79.99282994017751, 14.444197882723149], [79.99283292834576, 14.444211058359443], [79.99284788986981, 14.44427811369288], [79.99286075987678, 14.444335799626245], [79.99286521377488, 14.44435557742372], [79.99287329572232, 14.44439146811511], [79.99288174834342, 14.44442476849884], [79.99289178089737, 14.444461969347092], [79.99289559045695, 14.444476091409603], [79.99290132142865, 14.444493887577126], [79.99291388587169, 14.444532895577323], [79.99292828060729, 14.444564284890951], [79.99293251604414, 14.44457035194125], [79.99294268662454, 14.444584920660098], [79.99299053935651, 14.444641277957109], [79.99302112655617, 14.44467935224025], [79.9930717214792, 14.444742330698185], [79.99308567097758, 14.444759693681508], [79.993117158463, 14.44479561836962], [79.99314710369788, 14.444829784429736], [79.99315006359718, 14.444833164635522], [79.99317905990294, 14.44486627975615], [79.99322267759368, 14.444916092632301], [79.99322277819364, 14.444916207875533], [79.99326387933313, 14.44496658225374], [79.99328810050194, 14.44499626691374], [79.99333504914715, 14.445053808200113], [79.99333523820624, 14.445054056715488], [79.99333540865901, 14.44505431690394], [79.99333556051354, 14.445054586957422], [79.9933356937658, 14.445054867779964], [79.99333580657668, 14.445055155747541], [79.99333589894621, 14.445055450860153], [79.99333596995484, 14.44505575130577], [79.99333602053429, 14.445056056184345], [79.99333604976503, 14.445056363683863], [79.99333605672753, 14.445056671992297], [79.99333604234945, 14.44505698111362], [79.99333600664706, 14.445057287431727], [79.99333594962035, 14.445057590946625], [79.99333587034978, 14.445057889846293], [79.99333577162245, 14.445058183238595], [79.99333565251882, 14.445058469311487], [79.99333551304703, 14.445058746256969], [79.9933353541388, 14.445059013174951], [79.99333517764947, 14.445059270073365], [79.99333498359532, 14.445059513336108], [79.99333477289996, 14.44505974387115], [79.9933345464992, 14.445059959874435], [79.99333430532883, 14.445060159541855], [79.99333405124017, 14.445060343785341], [79.99331402402417, 14.445073793571606], [79.99330162141617, 14.445081489145844], [79.99327993718335, 14.4450904360445], [79.99326603344744, 14.445094033505345], [79.99326357405376, 14.445094670294171], [79.99324278845415, 14.445100177527932], [79.993209892075, 14.445107486310773], [79.99318801563639, 14.445112346104818], [79.9931002634326, 14.44513109442234], [79.99309295361175, 14.44513265611482], [79.9929821698391, 14.44514990200414], [79.9929600687841, 14.44515334237319], [79.99285953722703, 14.445168253475112], [79.99285922721691, 14.445168289216024], [79.99285891637267, 14.445168304160395], [79.99285860469024, 14.445168299212245], [79.99285829402906, 14.445168273475453], [79.99285798531274, 14.445168227858046], [79.99285768132428, 14.445168162371875], [79.99285738206777, 14.445168076112958], [79.9928570893904, 14.445167970897236], [79.99285680514348, 14.445167847636696], [79.99285652933513, 14.445167704523278], [79.9928562647321, 14.445167545184963], [79.99285601134252, 14.445167367813704], [79.99285577008597, 14.44516717422152], [79.99285554373729, 14.445166966228378], [79.99285533230055, 14.445166742930212], [79.99285513576358, 14.445166507039119], [79.99285495690937, 14.445166258567003], [79.9928547948062, 14.445165998413914], [79.99285465130126, 14.445165728395835], [79.99285452731411, 14.44516545032477], [79.99285442191706, 14.445165164196773], [79.99285433695735, 14.445164871827817], [79.99281393955596, 14.44500595827846], [79.99278113635378, 14.444876919638405], [79.99277616929402, 14.444857381026328], [79.99276432820365, 14.44481080294362], [79.99274093464184, 14.44472587118527], [79.99271274536818, 14.444623528757417], [79.9926827716301, 14.44451471027236], [79.99265958531933, 14.44443053155718], [79.99265449447824, 14.444410054921436], [79.99262746665458, 14.44430134213865], [79.99260842910248, 14.444224767881131], [79.99259017792843, 14.444151354805843], [79.99258964241501, 14.444148934201854], [79.99257197046562, 14.444069056981794], [79.99255463857028, 14.443990715375154], [79.99253551012669, 14.44390425320621], [79.99252051215372, 14.44383645819508], [79.99251781502876, 14.443819839396138]]}}, {"type": "Feature", "id": "w16-road-76", "properties": {"wardId": "ward-16", "segmentId": "w16-road-76", "lengthMeters": 454.1}, "geometry": {"type": "LineString", "coordinates": [[79.99309399371477, 14.44464061885361], [79.99307721946464, 14.444542410599126], [79.99306920383376, 14.444495482734286], [79.99305832834716, 14.44443180610097], [79.99304778004397, 14.44437005105261], [79.99303146499567, 14.444274531573123], [79.99302962745283, 14.444263969019081], [79.99298945106244, 14.444033043074288], [79.99297624462794, 14.443957135623597], [79.99296363955945, 14.443884685090381], [79.99294995748498, 14.443806041779748], [79.99294857758127, 14.443797684333559], [79.99293317455931, 14.443704423428244], [79.99292578100614, 14.443659657071896], [79.99291531879791, 14.443585377772767], [79.9929038039504, 14.443503613922632], [79.99289912644358, 14.443471475092428], [79.99288403751432, 14.443367793717066], [79.99286839607592, 14.443260316614882], [79.99303707603812, 14.443235159989655], [79.99312652587908, 14.443221818750137], [79.99320721805792, 14.443209784379778], [79.9932233422519, 14.443321136452711], [79.99323848391668, 14.44342570942792], [79.99325497070144, 14.44353957176726], [79.99325929213104, 14.44356941913102], [79.99330965456032, 14.443868248751405], [79.99332212296383, 14.443942233754502], [79.99332864340545, 14.443984578962013], [79.99334609282853, 14.444097904788869], [79.99336470502736, 14.444218780725116], [79.99337850397504, 14.444308395986415], [79.99339118976286, 14.44439077866742], [79.99340157526086, 14.444458226674591], [79.99341025089295, 14.444514566632465], [79.99342227418417, 14.44459264956515], [79.99343271105771, 14.444660434998484], [79.99344333005297, 14.444729393753152], [79.99345359480043, 14.444796055628823], [79.9934644021481, 14.444866247397814], [79.99347515544657, 14.444936081838414], [79.99347630649613, 14.444943555958833], [79.99347634314847, 14.444943863490035], [79.99347635752848, 14.444944172734223], [79.993476350572, 14.44494448188726], [79.99347632135543, 14.444944790041195], [79.9934762717422, 14.444945095395887], [79.99347619988106, 14.444945397039378], [79.99347610763957, 14.444945692267545], [79.99347599408597, 14.444945981980416], [79.99347586109187, 14.444946262569841], [79.99347570865726, 14.44494653403579], [79.99347553679029, 14.444946794570239], [79.99347534735445, 14.444947042373059], [79.99347514127332, 14.444947278352204], [79.99347491949084, 14.444947498895585], [79.99347468200297, 14.444947704907186], [79.99340666384705, 14.445002732799729], [79.99337356971849, 14.445029673866323], [79.99337331559329, 14.445029866246111], [79.99337304948557, 14.445030041397889], [79.9933727704758, 14.445030197509636], [79.993372481347, 14.44503033459327], [79.99337218302685, 14.445030452652734], [79.99337187738288, 14.445030548983896], [79.99337156533466, 14.445030625398745], [79.99337124874563, 14.44503068009717], [79.9933709285435, 14.445030713083113], [79.99337060750722, 14.445030725272517], [79.9933702856449, 14.445030714857307], [79.99336996573147, 14.445030683657427], [79.99336964870271, 14.445030629868779], [79.99336933640583, 14.445030555307367], [79.9933690306962, 14.445030459981101], [79.99336873157381, 14.445030343889968], [79.99336844181761, 14.445030207949893], [79.99336816235122, 14.445030053068871], [79.99336789410229, 14.445029879250844], [79.99336763984576, 14.44502968831578], [79.99336739958157, 14.445029480263656], [79.99336717423337, 14.445029256002476], [79.99336696564431, 14.445029018252226], [79.9933093877078, 14.44495843775688], [79.99325422795037, 14.444890821992013], [79.99317766738118, 14.444803394898914], [79.99311728128234, 14.444734499254574], [79.99310807079463, 14.444723034607899], [79.99309399371477, 14.44464061885361]]}}, {"type": "Feature", "id": "w16-road-77", "properties": {"wardId": "ward-16", "segmentId": "w16-road-77", "lengthMeters": 313.2}, "geometry": {"type": "LineString", "coordinates": [[79.9961550867785, 14.442397895990274], [79.99638546648079, 14.442273515039654], [79.99643212861915, 14.442248322731158], [79.99656788565196, 14.442175027629865], [79.9965681701572, 14.44217488600204], [79.99656846292228, 14.442174764298331], [79.99656876487484, 14.44217466252272], [79.99656907230421, 14.442174580659389], [79.9965693852023, 14.442174520516375], [79.99656970171786, 14.442174481181796], [79.9965700209232, 14.442174462651678], [79.99657034003127, 14.442174465818203], [79.99657065811849, 14.442174489773409], [79.99657097332141, 14.442174536317419], [79.99657128472452, 14.442174602734234], [79.99657159139613, 14.442174689923926], [79.99657189055321, 14.44217479787462], [79.99657218127219, 14.442174925678383], [79.99657246262942, 14.442175072427217], [79.9965727327696, 14.442175238113213], [79.99657299077316, 14.442175420924404], [79.99657323571245, 14.442175620856803], [79.9965734648085, 14.44217583699454], [79.99657367899712, 14.442176067533557], [79.99657387642702, 14.442176311561862], [79.99657405617052, 14.442176569075551], [79.99657421638447, 14.442176837354634], [79.99657435799652, 14.44217711640305], [79.99661356414629, 14.442261447997655], [79.99684645766699, 14.44276240370681], [79.99689190192545, 14.442860153418382], [79.99698377553055, 14.44305777337936], [79.99695149650967, 14.443073351014043], [79.99684684185557, 14.443126906888267], [79.99658754070876, 14.443259602564211], [79.9964844800576, 14.443056274618954], [79.9963271284471, 14.4427458402838], [79.99632149437176, 14.442734724577045], [79.9962359883787, 14.44256664131643], [79.9961531787027, 14.442403858170644], [79.99615304639607, 14.442403572833314], [79.99615293361096, 14.442403278538679], [79.99615284311815, 14.442402978010689], [79.99615277398594, 14.442402672149402], [79.99615272620623, 14.44240236276287], [79.99615270070261, 14.442402050759085], [79.99615269747105, 14.442401737042061], [79.99615271649937, 14.44240142432387], [79.9961527577835, 14.442401113508566], [79.99615282131539, 14.442400806404184], [79.99615290616327, 14.44240050391081], [79.99615301324266, 14.442400208744454], [79.99615313977056, 14.44239992089328], [79.99615328666653, 14.44239964216928], [79.99615345392247, 14.442399374380528], [79.99615363875132, 14.442399118419187], [79.99615384207671, 14.442398875193243], [79.99615406203516, 14.442398646502838], [79.99615429769095, 14.44239843415206], [79.99615454719277, 14.442398237229007], [79.99615481146019, 14.442398057545676], [79.9961550867785, 14.442397895990274]]}}, {"type": "Feature", "id": "w16-road-78", "properties": {"wardId": "ward-16", "segmentId": "w16-road-78", "lengthMeters": 233.1}, "geometry": {"type": "LineString", "coordinates": [[80.00036954465764, 14.441607725300122], [80.00015724589657, 14.441725957247268], [79.99985462218136, 14.441296674142562], [79.99979369294674, 14.441206409811738], [79.99969163746164, 14.44105521822948], [79.99979713425049, 14.440989719410071], [79.99989754805887, 14.440927375788897], [79.99994571232634, 14.441001050052478], [79.9999979500542, 14.441080955089346], [80.0000352310226, 14.441137980381841], [80.00006556587111, 14.441180604600973], [80.00036954465764, 14.441607725300122]]}}, {"type": "Feature", "id": "w16-road-79", "properties": {"wardId": "ward-16", "segmentId": "w16-road-79", "lengthMeters": 231.0}, "geometry": {"type": "LineString", "coordinates": [[79.99979346316071, 14.441336743189792], [80.00009304565577, 14.441761712021195], [79.99986494693673, 14.441888742631278], [79.99949889541024, 14.441316651931988], [79.99943136828033, 14.441211116411825], [79.99962882701625, 14.441092841116031], [79.99979346316071, 14.441336743189792]]}}]}